city,aqi,pm25,pm10,o3,no2,so2,co,temperature,humidity,pressure,wind_speed,timestamp,hour,day,month,day_of_week,is_weekend,aqi_lag_1,aqi_lag_3,aqi_lag_6,aqi_lag_24,aqi_rolling_mean_6,aqi_rolling_std_6,aqi_rolling_mean_24,aqi_change_rate,target_aqi_72h,weather
Lahore,159,121.64271021531484,95.30063182315844,14.880938026757448,24.06633718000161,28.429487862818736,2.934139159792844,22.250960867661345,65.12820174137335,991.5960344747276,10.806935166757976,2026-05-09 07:15:26.999717,7.0,9.0,5.0,5.0,1.0,,,,,,,,,149.0,
Lahore,155,125.23252389216002,92.46367617094528,54.889790319601296,69.65630643801735,7.314141993163714,3.081499688970544,26.647953999084205,86.0673412057669,997.245886559491,9.361606190341105,2026-05-09 08:15:26.999717,8.0,9.0,5.0,5.0,1.0,159.0,,,,,,,-4.0,189.0,
Lahore,178,144.89110874248394,112.90141448208858,27.494773182369933,72.00825990321988,8.44550643890493,4.613939553563654,25.22628910789819,50.74956982714075,997.6595723456426,9.435805736391146,2026-05-09 09:15:26.999717,9.0,9.0,5.0,5.0,1.0,155.0,,,,,,,23.0,113.0,
Lahore,202,167.30074519260634,115.81660436264492,37.56586953314071,19.561452246391177,3.925775261069909,2.777024006451219,32.10014170974991,70.62869623974979,994.0226320990876,1.9191484629160709,2026-05-09 10:15:26.999717,10.0,9.0,5.0,5.0,1.0,178.0,159.0,,,,,,24.0,188.0,
Lahore,171,144.70270343284187,98.787403804267,27.977157226000173,14.784172741354544,18.561537942923977,2.9466563884021286,36.955082426662784,42.28150047730743,1002.7046220821718,4.301393365602763,2026-05-09 11:15:26.999717,11.0,9.0,5.0,5.0,1.0,202.0,155.0,,,,,,-31.0,178.0,
Lahore,174,134.12452904086066,109.58151446036238,16.290116817302565,78.1703726441834,20.71631334446808,2.622437605977749,23.0213936360555,67.10041903679647,990.2925656702724,2.798458999802829,2026-05-09 12:15:26.999717,12.0,9.0,5.0,5.0,1.0,171.0,178.0,,,173.16666666666666,16.678329252855832,,3.0,173.0,
Lahore,211,164.74571244394832,123.62232532408068,39.4665822473864,70.12429727377759,19.64500503666204,1.7100693705266663,20.770471126194472,37.77514380059907,997.5243878852602,3.7909833894676312,2026-05-09 13:15:26.999717,13.0,9.0,5.0,5.0,1.0,174.0,202.0,159.0,,181.8333333333333,20.836666400042656,,37.0,181.0,
Lahore,193,148.11211070542691,120.30266538665796,36.25704258848148,71.992711040746,25.972777048298656,0.7521310996201116,33.00617231349924,30.124838350577143,1013.3407361008266,6.954472121924704,2026-05-09 14:15:26.999717,14.0,9.0,5.0,5.0,1.0,211.0,171.0,155.0,,188.16666666666663,16.339114623095902,,-18.0,138.0,
Lahore,165,130.8299007044651,107.49717991504356,20.14967795955986,71.47822884682964,15.10634921575608,2.3389595699442625,33.098641777431105,85.89190808457474,997.7632392335502,4.377405760442975,2026-05-09 15:15:26.999717,15.0,9.0,5.0,5.0,1.0,193.0,174.0,178.0,,186.0,18.654758106177624,,-28.0,170.0,
Lahore,179,145.53179187223168,105.39102486529184,32.59345223261389,45.62651180252963,4.899254182244869,0.7366616205830534,39.33054346072664,63.29366257051256,999.0114846776688,6.728373809571193,2026-05-09 16:15:26.999717,16.0,9.0,5.0,5.0,1.0,165.0,211.0,202.0,,182.16666666666663,16.99901957957183,,14.0,176.0,
Lahore,152,126.53667258294551,94.60681163287651,49.847375200782295,53.48013024993498,9.392748790427968,2.97721611259663,15.430533534239393,85.61643976692237,1001.8291262058518,5.262014979294925,2026-05-09 17:15:26.999717,17.0,9.0,5.0,5.0,1.0,179.0,193.0,171.0,,179.0,20.83266665599966,,-27.0,191.0,
Lahore,144,114.8202448817874,80.6315385933007,39.52130515539457,45.90221391002312,20.210469229219203,1.8828213945903192,38.03209787714577,50.02989142212432,1004.0423343712868,3.439386701396732,2026-05-09 18:15:26.999717,18.0,9.0,5.0,5.0,1.0,152.0,165.0,174.0,,174.0,25.377155080899048,,-8.0,143.0,
Lahore,150,118.40076238372578,93.77366649033904,14.84586635334974,8.84047618927468,18.78053723850524,2.9012108068644253,29.06705866960564,49.66716414970541,1010.2177161205186,1.1448412104619037,2026-05-09 19:15:26.999717,19.0,9.0,5.0,5.0,1.0,144.0,179.0,211.0,,163.83333333333334,19.00964667390395,,6.0,129.0,
Lahore,99,79.95878996124371,60.39711992993384,37.40107486145675,60.91273140145795,16.39909076254591,1.10433633977834,31.77515640764667,54.0393001063819,994.7580305789004,10.702061488137392,2026-05-09 20:15:26.999717,20.0,9.0,5.0,5.0,1.0,150.0,152.0,193.0,,148.16666666666666,27.154496251388416,,-51.0,128.0,
Lahore,96,72.62428549184989,59.96519141080107,45.13691496447935,42.89990250019102,20.805968141971928,4.696834845827119,17.4670288951582,72.3624590374901,1011.793659429814,0.136480392055784,2026-05-09 21:15:26.999717,21.0,9.0,5.0,5.0,1.0,99.0,144.0,165.0,,136.66666666666666,32.65373893854526,,-3.0,149.0,
Lahore,114,101.64769360847389,65.17213963982302,49.63517028903757,53.57818060926724,19.48433466082568,4.525345595974707,26.68060318754523,63.94851805117045,1008.9387339285972,0.0198298577036539,2026-05-09 22:15:26.999717,22.0,9.0,5.0,5.0,1.0,96.0,150.0,179.0,,125.83333333333331,25.87985059204684,,18.0,132.0,
Lahore,101,72.76169486440972,52.29458292216413,41.45587893171334,42.697985373165146,26.5584217944836,1.3549842914102803,21.13716499544014,85.52129442594708,1008.0662583665388,9.921572877162552,2026-05-09 23:15:26.999717,23.0,9.0,5.0,5.0,1.0,114.0,99.0,152.0,,117.33333333333331,23.863500721115223,,-13.0,111.0,
Lahore,126,101.72370289447863,78.11626032374753,17.632908227039188,41.8858491741842,17.9944749468706,2.0454992748230447,21.864075812227743,31.52645406794636,992.170114342866,11.96173128390948,2026-05-10 00:15:26.999717,0.0,10.0,5.0,6.0,1.0,101.0,96.0,144.0,,114.33333333333331,20.77177572251989,,25.0,130.0,
Lahore,102,91.7180310961482,50.88298423760273,45.50866332950803,17.88418321083251,23.579439402316137,3.260717473333908,28.61056809625274,72.49175627835218,990.5410172493646,8.725233932563874,2026-05-10 01:15:26.999717,1.0,10.0,5.0,6.0,1.0,126.0,114.0,150.0,,106.33333333333331,11.430952132988168,,-24.0,122.0,
Lahore,95,76.03399922279999,55.41324753878733,43.86709230407582,25.90352863558617,8.212507523027568,0.9305879328765784,36.93631066088403,49.819661361993255,1004.850317522702,0.1832860567546168,2026-05-10 02:15:26.999717,2.0,10.0,5.0,6.0,1.0,102.0,101.0,99.0,,105.66666666666669,12.044362443345298,,-7.0,142.0,
Lahore,157,124.64980482499254,98.90590933209984,11.221344147031662,16.913951895796686,20.667294953082973,2.095555195022679,35.08208511391112,40.81401910910767,1011.578349063079,2.72028272002216,2026-05-10 03:15:26.999717,3.0,10.0,5.0,6.0,1.0,95.0,126.0,96.0,,115.83333333333331,23.007969633730543,,62.0,114.0,
Lahore,129,101.41277288594787,78.35948867936517,30.58738337951216,19.674972171900684,27.1636294330976,1.6300052906855274,30.95699889532075,60.62373735120594,1004.611036603516,11.661872403143535,2026-05-10 04:15:26.999717,4.0,10.0,5.0,6.0,1.0,157.0,102.0,114.0,,118.33333333333331,23.57682477914842,,-28.0,127.0,
Lahore,143,113.49804159118796,95.54171322394906,26.647512348118664,77.97330353152287,12.186237509095164,4.619825279225135,29.56429120434361,60.30382705079976,995.3308716361382,9.70325102608602,2026-05-10 05:15:26.999717,5.0,10.0,5.0,6.0,1.0,129.0,95.0,101.0,,125.33333333333331,23.63613053498112,,14.0,134.0,
Lahore,121,103.66424237338266,77.72554576290887,43.47060321268217,16.48350843291488,23.59402143282076,4.336297863301423,26.53726316733123,38.2206617213057,992.2629974487304,6.8015981256565325,2026-05-10 06:15:26.999717,6.0,10.0,5.0,6.0,1.0,143.0,157.0,126.0,,124.5,23.695991222145576,146.5,-22.0,120.0,
Lahore,139,100.14069044335248,80.13050805837211,20.806790615546035,25.19528182289057,22.018889734667628,3.109247335700887,41.26316928615744,42.11376336797339,1007.4899113204434,2.842328513284308,2026-05-10 07:15:26.999717,7.0,10.0,5.0,6.0,1.0,121.0,129.0,102.0,159.0,130.66666666666666,21.36976056643282,145.66666666666666,18.0,155.0,
Lahore,160,135.66716850648163,96.1365668992572,39.54359614871292,49.294224330393874,2.726259709282852,2.841558515922084,30.12519896432429,54.48987989409329,1008.0442569329452,0.1724424711209877,2026-05-10 08:15:26.999717,8.0,10.0,5.0,6.0,1.0,139.0,143.0,95.0,155.0,141.5,15.280706789936172,145.875,21.0,163.0,
Lahore,142,106.48021423774928,84.96314648727783,55.660298090708615,50.76339321774814,17.863740979098097,4.688266075454287,21.85709275443,54.52868474353892,994.3132925171776,0.2503376716489081,2026-05-10 09:15:26.999717,9.0,10.0,5.0,6.0,1.0,160.0,121.0,157.0,178.0,139.0,13.341664064126382,144.375,-18.0,165.0,
Lahore,179,141.86673835382794,99.48911618326936,49.89011861043039,16.54805973078718,4.775491126823269,4.695925023404669,21.212451385081067,49.05348837718108,990.7047578874134,7.343770362362719,2026-05-10 10:15:26.999717,10.0,10.0,5.0,6.0,1.0,142.0,139.0,129.0,202.0,147.33333333333334,19.86621923433516,143.41666666666666,37.0,167.0,
Lahore,164,129.0537778985067,93.69800541757824,56.07288681082652,64.52880693389093,29.052255994687144,4.861985564082472,31.50653183092883,38.91270909059885,1000.20708783058,0.2619825162290774,2026-05-10 11:15:26.999717,11.0,10.0,5.0,6.0,1.0,179.0,160.0,143.0,171.0,150.83333333333334,20.778995805059218,143.125,-15.0,148.0,
Lahore,173,141.34276634885362,100.9961954651007,58.9252983466345,63.89021509346188,24.53081757831903,1.0642049784868444,29.11634323739508,30.262420746058773,1004.5679675533256,11.923561703104472,2026-05-10 12:15:26.999717,12.0,10.0,5.0,6.0,1.0,164.0,142.0,121.0,174.0,159.5,16.183324751113478,143.08333333333334,9.0,170.0,
Lahore,167,125.60937824058124,90.01889748572032,10.53350635030814,22.79882781529184,4.181990236166483,1.222510148434266,15.207840679777243,88.21410374568123,1007.6500602391798,2.200606001924857,2026-05-10 13:15:26.999717,13.0,10.0,5.0,6.0,1.0,173.0,179.0,139.0,211.0,164.16666666666666,12.765839833973669,141.25,-6.0,173.0,
Lahore,215,174.31086333040972,129.23746734125822,41.13706381887388,26.64997270065953,4.5308079317826735,3.5453151440594897,37.411765049286046,86.60995378223562,1010.2486252288226,8.528488342431327,2026-05-10 14:15:26.999717,14.0,10.0,5.0,6.0,1.0,167.0,164.0,160.0,193.0,173.33333333333334,23.988886315681032,142.16666666666666,48.0,162.0,
Lahore,174,149.3215481164343,103.1546407767348,30.64196988794532,75.34908990946228,18.23974179246595,2.936455144744302,34.011303564275735,59.01902275056811,1005.2634356826684,1.860716656948961,2026-05-10 15:15:26.999717,15.0,10.0,5.0,6.0,1.0,215.0,173.0,142.0,165.0,178.66666666666666,18.57597014065937,142.54166666666666,-41.0,171.0,
Lahore,147,110.78412997703596,79.83553049344214,52.99272451675608,66.92535844846086,11.001786051022316,0.5830965720195618,32.8693908213088,89.70310519650035,992.7720152149622,6.481121053172574,2026-05-10 16:15:26.999717,16.0,10.0,5.0,6.0,1.0,174.0,167.0,179.0,179.0,173.33333333333334,22.615628814310444,141.20833333333334,-27.0,177.0,
Lahore,178,143.34853083805197,108.82106432638666,22.590735100456584,57.334777479689286,2.012269913120169,0.7788876619528371,16.85707775783679,70.4192598469346,1007.0645418035604,0.9673354615946108,2026-05-10 17:15:26.999717,17.0,10.0,5.0,6.0,1.0,147.0,215.0,164.0,152.0,175.66666666666666,22.178067243713297,142.29166666666666,31.0,199.0,
Lahore,129,99.89008911101696,80.9793637234548,59.051474455753805,11.16749161329504,16.707603727158542,4.496361720164623,24.775507954657268,34.13145225645249,1014.604416072372,9.201341094398918,2026-05-10 18:15:26.999717,18.0,10.0,5.0,6.0,1.0,178.0,174.0,173.0,144.0,168.33333333333334,29.35075240375737,141.66666666666666,-49.0,157.0,
Lahore,150,122.12943603096518,91.13517239432444,40.68539847718736,36.369806067693176,12.24750789088956,4.409918579927238,40.25532103978523,37.06309194495764,1012.6396146149352,7.019053136697956,2026-05-10 19:15:26.999717,19.0,10.0,5.0,6.0,1.0,129.0,147.0,167.0,150.0,165.5,30.31006433513467,141.66666666666666,21.0,151.0,
Lahore,98,78.49573888707877,57.17965912395515,49.676870111441545,46.94764040576203,3.9312182787805368,2.107719148982203,38.28990951621682,84.96665063217827,1011.7917227317378,1.0340003208169803,2026-05-10 20:15:26.999717,20.0,10.0,5.0,6.0,1.0,150.0,178.0,215.0,99.0,146.0,29.725410005582827,141.625,-52.0,136.0,
Lahore,104,79.99256545477846,65.35721075875928,14.279977641138416,19.05584659878327,24.255691375423496,4.509727776187406,22.709659322477403,67.80313212897771,997.5542538339586,10.183034270400066,2026-05-10 21:15:26.999717,21.0,10.0,5.0,6.0,1.0,98.0,129.0,174.0,96.0,134.33333333333334,30.26989703759613,141.95833333333334,6.0,92.0,
Lahore,129,105.63936142435536,80.80110180238344,19.17289423794325,38.61699365811684,27.53722619308537,3.1715378347905583,19.240589870676743,80.59101759944107,1008.76970441135,6.564223377320424,2026-05-10 22:15:26.999717,22.0,10.0,5.0,6.0,1.0,104.0,150.0,147.0,114.0,131.33333333333334,29.64905844485911,142.58333333333334,25.0,124.0,
Lahore,136,117.82174054893372,83.13701784859843,47.92018365171016,50.07694081165175,22.94122408640977,4.126575411585058,27.125374843551583,83.89617897803066,1011.2775861491286,11.059107720159815,2026-05-10 23:15:26.999717,23.0,10.0,5.0,6.0,1.0,129.0,98.0,178.0,101.0,124.33333333333331,19.72477291800015,144.04166666666666,7.0,122.0,
Lahore,123,97.44548104136352,69.6769387478262,11.09932610196618,29.553251008654943,24.85024699047204,2.423439820220964,24.607420224026843,56.876520676943166,1006.9581551157816,10.99948048413735,2026-05-11 00:15:26.999717,0.0,11.0,5.0,0.0,0.0,136.0,104.0,129.0,126.0,123.33333333333331,19.592515577808587,143.91666666666666,-13.0,169.0,
Lahore,118,97.99878971074092,72.1830038275559,50.84389929468914,63.57086142128654,7.278226450717404,1.0102924730520892,33.42011217106176,32.911557094601584,996.2640439141996,11.046093473838988,2026-05-11 01:15:26.999717,1.0,11.0,5.0,0.0,0.0,123.0,129.0,150.0,102.0,118.0,14.601369798755387,144.58333333333334,-5.0,116.0,
Lahore,117,87.13363521064419,76.1774032541274,10.697450934595572,68.03371862291041,8.64361557663943,2.451771781907073,41.09373987227663,41.29682093383932,1013.845849296874,0.9334224024056156,2026-05-11 02:15:26.999717,2.0,11.0,5.0,0.0,0.0,118.0,136.0,98.0,95.0,121.16666666666669,11.01665405949885,145.5,-1.0,129.0,
Lahore,98,73.61781811590996,55.81685470694135,42.85594195306366,29.270710207555307,7.0472986686764445,2.5578490909860405,24.80103914952916,33.994316838146105,1001.2704852864669,1.4514931410542813,2026-05-11 03:15:26.999717,3.0,11.0,5.0,0.0,0.0,117.0,123.0,104.0,157.0,120.16666666666669,12.983322635853757,143.04166666666666,-19.0,127.0,
Lahore,120,98.36203138940188,82.48969669566216,28.25469601159029,67.8992865869343,23.18683950960136,2.9792488722827137,16.680052661610535,41.32439074191044,993.245138966647,11.852469716594374,2026-05-11 04:15:26.999717,4.0,11.0,5.0,0.0,0.0,98.0,118.0,129.0,129.0,118.66666666666669,12.258330500793026,142.66666666666666,22.0,111.0,
Lahore,132,113.02058014267983,76.57184533007307,40.57474263595996,12.768242457726126,28.48959528910041,0.975122208069926,39.2355782252444,54.631975587352606,992.7444473764348,5.851209856784472,2026-05-11 05:15:26.999717,5.0,11.0,5.0,0.0,0.0,120.0,117.0,136.0,143.0,118.0,11.189280584559755,142.20833333333334,12.0,164.0,
Lahore,171,138.5780667439283,102.76203506670068,44.80157034945569,67.82968239669923,21.78827899528317,4.961308383723251,16.02464271647651,37.09180863089912,1006.187974682476,2.858568633949772,2026-05-11 06:15:26.999717,6.0,11.0,5.0,0.0,0.0,132.0,98.0,123.0,121.0,126.0,24.60081299469604,144.29166666666666,39.0,165.0,
Lahore,156,123.23470984738424,90.23757201996833,27.12376095931521,16.456282375071247,26.562536181507124,1.5986156936310785,40.72467922314,40.0039948683206,1000.9427411604184,9.235973861983895,2026-05-11 07:15:26.999717,7.0,11.0,5.0,0.0,0.0,171.0,120.0,118.0,139.0,132.33333333333334,26.91220293225124,145.0,-15.0,165.0,
Lahore,122,97.59645702711678,74.3163541796013,15.398122405541775,11.219536438229454,19.522273751612005,1.393485815916918,32.943644556244074,56.749306924300754,992.362096879474,3.171422654549784,2026-05-11 08:15:26.999717,8.0,11.0,5.0,0.0,0.0,156.0,132.0,117.0,160.0,133.16666666666666,26.41527335968099,143.41666666666666,-34.0,139.0,
Lahore,172,131.3479613301514,94.48889153682364,13.482293387413282,53.13315533307584,12.242137116205171,2.8706131348517143,40.42560862793263,50.41025702330937,1008.5091143039024,8.726588256223708,2026-05-11 09:15:26.999717,9.0,11.0,5.0,0.0,0.0,122.0,171.0,98.0,142.0,145.5,23.864199127563555,144.66666666666666,50.0,193.0,
Lahore,164,134.22257663177686,95.66979100591638,39.44680112812739,40.39530243164708,13.34708683297885,2.917436807276999,20.390811539522414,58.05948745128246,1009.9831291814656,10.047429334197131,2026-05-11 10:15:26.999717,10.0,11.0,5.0,0.0,0.0,172.0,156.0,120.0,179.0,152.83333333333334,21.05627380774367,144.04166666666666,-8.0,143.0,
Lahore,163,134.81166531161705,92.33939399825717,36.032767686705576,73.09179503096246,3.18432153285474,2.4791933202496,16.098894471852805,55.75032166554372,1008.1353907696612,9.411160527543368,2026-05-11 11:15:26.999717,11.0,11.0,5.0,0.0,0.0,164.0,122.0,132.0,164.0,158.0,18.5795586599899,144.0,-1.0,188.0,
Lahore,191,150.5395483358346,115.27669173946146,47.11005045605663,32.23918970681369,1.9122586621347564,3.973514658463645,28.18166941346528,68.66868155879301,995.0565219421004,3.2885736983752247,2026-05-11 12:15:26.999717,12.0,11.0,5.0,0.0,0.0,163.0,172.0,171.0,173.0,161.33333333333334,22.7126983572334,144.75,28.0,223.0,
Lahore,200,157.6497892612025,124.97223687754452,35.486775500196856,26.536419757822152,21.168792521483244,2.8249448032787123,27.166832193393383,86.23137293255127,1007.2443863999016,4.819422888950845,2026-05-11 13:15:26.999717,13.0,11.0,5.0,0.0,0.0,191.0,164.0,156.0,167.0,168.66666666666666,27.28858125052808,146.125,9.0,160.0,
Lahore,196,158.12939114826025,120.83003093557276,31.12228950154396,42.55511796081488,13.714437868324238,3.2436295481524287,23.95029137788184,36.47186030665455,990.2680700723596,4.959012038799316,2026-05-11 14:15:26.999717,14.0,11.0,5.0,0.0,0.0,200.0,163.0,122.0,215.0,181.0,16.61324772583633,145.33333333333334,-4.0,166.0,
Lahore,157,123.41640131979705,82.34170319570555,29.904358911811546,39.1959639326496,17.014236973584257,3.7568587343350353,40.85672480849483,35.95560895855169,997.6278034919602,5.895275017253661,2026-05-11 15:15:26.999717,15.0,11.0,5.0,0.0,0.0,196.0,191.0,172.0,174.0,178.5,19.17028951268097,144.625,-39.0,176.0,
Lahore,162,129.2693369268709,107.4103482646394,11.322345129883374,30.83210346628912,17.172176181050073,0.6126129570373997,37.20976076835867,81.16836666545412,999.9705382851886,2.0084742184816324,2026-05-11 16:15:26.999717,16.0,11.0,5.0,0.0,0.0,157.0,200.0,164.0,147.0,178.16666666666666,19.4876028968848,145.25,5.0,158.0,
Lahore,168,144.8986089458326,102.27639970310436,26.777860084832856,57.030597402374646,9.04389858666574,3.067898821452701,32.86271457714102,60.383802279147545,1010.8811737221376,5.429640604972109,2026-05-11 17:15:26.999717,17.0,11.0,5.0,0.0,0.0,162.0,196.0,163.0,178.0,179.0,18.804254837669216,144.83333333333334,6.0,130.0,
Lahore,173,137.16487149627002,99.917504297535,58.80100787622471,61.96713754354312,14.80088281405523,4.478875120527661,19.397173874221348,75.98430141410654,999.7598593267352,6.1293958861857565,2026-05-11 18:15:26.999717,18.0,11.0,5.0,0.0,0.0,168.0,157.0,191.0,129.0,176.0,17.92205345377605,146.66666666666666,5.0,155.0,
Lahore,136,107.0082992398939,82.3856395949547,53.67777881135444,68.97379767726025,14.652046428363366,0.5782493431644526,34.82673202190017,42.92531421643689,990.281736154735,6.380507958972629,2026-05-11 19:15:26.999717,19.0,11.0,5.0,0.0,0.0,173.0,162.0,200.0,150.0,165.33333333333334,19.73490984693552,146.08333333333334,-37.0,124.0,
Lahore,134,103.9622909718242,81.28094911251345,26.468903351710885,77.96424535327571,12.264389415607852,2.3233194671043247,34.629336276892545,79.73175439005311,998.8086602957004,9.838805159813498,2026-05-11 20:15:26.999717,20.0,11.0,5.0,0.0,0.0,136.0,168.0,196.0,98.0,155.0,16.4195006014192,147.58333333333334,-2.0,147.0,
Lahore,108,90.12095985749968,61.465756415242176,39.38977025331861,24.999214409937835,24.799586118631044,4.668023525926235,26.4768406876322,85.43079745156176,1002.4731024589822,6.208013981753942,2026-05-11 21:15:26.999717,21.0,11.0,5.0,0.0,0.0,134.0,173.0,157.0,104.0,146.83333333333334,25.11108652899496,147.75,-26.0,112.0,
Lahore,101,79.8938791339095,61.58958333671037,52.3648372767747,58.70701118674712,14.083756106940282,2.08919481027142,39.96921956227837,68.12898093278929,1013.7251196668192,2.7694070701641023,2026-05-11 22:15:26.999717,22.0,11.0,5.0,0.0,0.0,108.0,136.0,162.0,129.0,136.66666666666666,29.67602848540673,146.58333333333334,-7.0,156.0,
Lahore,137,106.35313480839288,79.16263856189846,32.063716837503435,34.569367662180895,18.50569121067365,2.564279708901084,19.50840282018328,36.352741288428135,1013.5258575947386,7.957544858930246,2026-05-11 23:15:26.999717,23.0,11.0,5.0,0.0,0.0,101.0,134.0,168.0,136.0,131.5,25.5401644473955,146.625,36.0,106.0,
Lahore,147,124.20652016136506,86.17819003654989,10.897893187507549,55.78114789633311,26.970083491043955,4.916936268699407,22.21811418511493,83.71768884938032,994.5218509555352,9.5677697290395,2026-05-12 00:15:26.999717,0.0,12.0,5.0,1.0,0.0,137.0,108.0,173.0,123.0,127.16666666666669,18.258331431614213,147.625,10.0,113.0,
Lahore,119,102.2980150225682,67.96860432122457,13.725523090932004,40.69862677619152,26.120775062908752,1.3969573652775822,16.707057159767107,77.54926364220428,994.6286635434864,3.832459997259141,2026-05-12 01:15:26.999717,1.0,12.0,5.0,1.0,0.0,147.0,101.0,136.0,118.0,124.33333333333331,17.929491533969145,147.66666666666666,-28.0,136.0,
Lahore,143,111.39788217130648,78.63664355130173,35.51963606743533,79.53298270759487,26.82224390959579,0.7936483510625267,36.47717587079487,75.05266659086939,994.0845364116136,7.743671148211263,2026-05-12 02:15:26.999717,2.0,12.0,5.0,1.0,0.0,119.0,137.0,134.0,117.0,125.83333333333331,19.22931789395223,148.75,24.0,98.0,
Lahore,135,98.66730024319692,81.72918235107691,58.47196878379392,59.66766018430624,8.830144897485404,4.3674016588758695,31.787503424575725,32.203691334354936,1009.7230483103526,1.7632559513521515,2026-05-12 03:15:26.999717,3.0,12.0,5.0,1.0,0.0,143.0,147.0,108.0,98.0,130.33333333333334,17.281975195754445,150.29166666666666,-8.0,132.0,
Lahore,121,101.83756844918462,75.52649718258168,44.66047711094339,76.43684753257433,2.014492160933822,4.408094035455658,23.503388253393737,77.93775151541827,990.1505510092102,4.103115654936769,2026-05-12 04:15:26.999717,4.0,12.0,5.0,1.0,0.0,135.0,119.0,101.0,120.0,133.66666666666666,11.430952132988413,150.33333333333334,-14.0,160.0,
Lahore,149,115.77685087119998,91.97441798038186,13.545809571928476,67.62271621108893,8.570937196964547,2.624350256060059,19.422968917046514,38.277060628101424,993.1794299547968,10.91068715459561,2026-05-12 05:15:26.999717,5.0,12.0,5.0,1.0,0.0,121.0,143.0,137.0,132.0,135.66666666666666,13.063945294843844,151.04166666666666,28.0,109.0,
Lahore,180,147.95312799581384,112.09962626317618,19.46804378959314,72.71757583725282,9.082513023000551,2.8139322851477884,16.08398979077599,43.3431705718133,1003.4489907911023,10.93569795795085,2026-05-12 06:15:26.999717,6.0,12.0,5.0,1.0,0.0,149.0,135.0,147.0,171.0,141.16666666666666,22.40014880902968,151.41666666666666,31.0,153.0,
Lahore,149,109.34948091144082,91.02170105007433,48.5661571608425,66.08143979110062,27.37144947502407,4.261128663280262,19.502130352900288,64.62809009215545,996.1890516721692,6.903894944916764,2026-05-12 07:15:26.999717,7.0,12.0,5.0,1.0,0.0,180.0,121.0,119.0,156.0,146.16666666666666,19.64094362974128,151.125,-31.0,155.0,
Lahore,189,155.66298669149657,110.73637250891548,52.07198799781224,39.43693477819336,19.82803925230115,3.823517741521078,27.238685451116773,45.89884637501298,992.3089114559816,8.42821753038128,2026-05-12 08:15:26.999717,8.0,12.0,5.0,1.0,0.0,149.0,149.0,143.0,122.0,153.83333333333334,26.08000511247411,153.91666666666666,40.0,173.0,
Lahore,113,84.3441403535961,71.99831932215594,40.884729309429545,23.884134001016328,3.369414828464634,1.693170509976548,21.673778163286364,69.68089237871519,998.9969503083458,10.248184982471296,2026-05-12 09:15:26.999717,9.0,12.0,5.0,1.0,0.0,189.0,180.0,135.0,172.0,150.16666666666666,30.43955759643486,151.45833333333334,-76.0,140.0,
Lahore,188,154.05382059533264,106.01241230079032,42.22115848149083,32.77401315878917,4.925979284321933,0.576020097821833,21.9925187906631,66.4842268619449,996.8551901265062,11.50263822375152,2026-05-12 10:15:26.999717,10.0,12.0,5.0,1.0,0.0,113.0,149.0,121.0,164.0,161.33333333333334,29.88422103161929,152.45833333333334,75.0,145.0,
Lahore,178,142.47136533918217,102.2966430874376,11.416872519169232,6.517717447996283,5.514607640717287,2.658650731400956,38.64056190002829,36.48897588079576,1002.7776076628572,5.878637283477234,2026-05-12 11:15:26.999717,11.0,12.0,5.0,1.0,0.0,188.0,189.0,149.0,163.0,166.16666666666666,29.835660989270504,153.08333333333334,-10.0,187.0,
Lahore,173,133.63030290301677,98.97899964288378,51.42651297907543,44.29948755985004,19.28223069689877,4.365105467430386,28.90871718344972,69.36087477549037,1014.4808398457548,6.738908839512412,2026-05-12 12:15:26.999717,12.0,12.0,5.0,1.0,0.0,178.0,113.0,180.0,191.0,165.0,29.318935860634696,152.33333333333334,-5.0,185.0,
Lahore,181,142.7648184353661,114.00028029569654,49.413760408541485,42.87933502028065,22.32700673970309,4.53125604510573,34.689803274467195,85.43729458949579,993.107615920373,4.987698799773963,2026-05-12 13:15:26.999717,13.0,12.0,5.0,1.0,0.0,173.0,188.0,149.0,200.0,170.33333333333334,28.730935708164445,151.54166666666666,8.0,184.0,
Lahore,138,113.83159228478353,87.51394257070038,22.95175720516736,44.393784862286616,25.92967340639649,4.803017886842692,15.964195623759863,39.66659431114999,999.3181676208524,0.863783244677145,2026-05-12 14:15:26.999717,14.0,12.0,5.0,1.0,0.0,181.0,178.0,189.0,196.0,161.83333333333334,29.633877010385888,149.125,-43.0,185.0,
Lahore,170,136.52947226557615,104.43652618522498,45.43383599827535,78.05234187290479,28.27845997338105,4.458034569257515,24.859410603306777,65.82372125657324,1013.299625446812,5.073641669385822,2026-05-12 15:15:26.999717,15.0,12.0,5.0,1.0,0.0,138.0,173.0,113.0,157.0,171.33333333333334,17.500476183997932,149.66666666666666,32.0,160.0,
Lahore,176,143.72206490236243,110.95964932605898,20.742730321249905,73.35905025911295,6.849432164206812,3.1101959988414425,27.93757237967693,50.51192231620165,1011.9218260873456,9.487528072596929,2026-05-12 16:15:26.999717,16.0,12.0,5.0,1.0,0.0,170.0,181.0,188.0,162.0,169.33333333333334,15.81981879373713,150.25,6.0,173.0,
Lahore,191,162.68220292257743,110.20358608794004,12.016508052575649,17.1284583747581,9.983402056997424,2.500725196562454,20.033255090674988,57.57670030641624,999.856775869607,9.658625975898344,2026-05-12 17:15:26.999717,17.0,12.0,5.0,1.0,0.0,176.0,138.0,178.0,168.0,171.5,17.986105748605294,151.20833333333334,15.0,167.0,
Lahore,143,106.57879194144476,87.5429755993049,20.056827129518865,32.66618911669169,7.969363541600089,3.986824309403446,18.245171619029545,47.22001074473819,1007.4738316129934,10.708525375119596,2026-05-12 18:15:26.999717,18.0,12.0,5.0,1.0,0.0,191.0,170.0,173.0,173.0,166.5,21.34244597041331,149.95833333333334,-48.0,139.0,
Lahore,129,111.28606287484313,76.77412785808417,18.931443837714973,36.796713459744645,11.404085456517995,3.829197354645184,38.49820201949575,51.24783818086172,992.1964253395336,0.6176004621116289,2026-05-12 19:15:26.999717,19.0,12.0,5.0,1.0,0.0,143.0,176.0,181.0,136.0,157.83333333333334,24.58793742196926,149.66666666666666,-14.0,183.0,
Lahore,128,102.92177968761608,81.03441051942457,26.88739983674236,32.03996883887358,27.52528811528873,2.921645435366545,40.364653931694505,31.73470939599344,1007.8135263885904,6.325855074967606,2026-05-12 20:15:26.999717,20.0,12.0,5.0,1.0,0.0,129.0,191.0,138.0,134.0,156.16666666666666,26.46821993762852,149.41666666666666,-1.0,147.0,
Lahore,149,114.70607975838436,88.82387883723901,30.922474858772905,64.88719727029348,17.678264441241485,0.892973176513111,17.127780847226,88.89310427503324,1014.3214432371184,1.2890938552449152,2026-05-12 21:15:26.999717,21.0,12.0,5.0,1.0,0.0,128.0,143.0,170.0,108.0,152.66666666666666,25.64891160783777,151.125,21.0,107.0,
Lahore,132,98.94843187130506,77.2752855579496,35.4269445748854,44.30282524006902,22.40756502241048,4.667366060541134,24.42350523864597,67.4879953243649,1003.4372038208548,2.40890619798892,2026-05-12 22:15:26.999717,22.0,12.0,5.0,1.0,0.0,149.0,129.0,176.0,101.0,145.33333333333334,23.8718802499232,152.41666666666666,-17.0,138.0,
Lahore,111,87.85439804611484,69.30454259280495,33.83769377541641,47.90748627287188,15.213457847676676,2.55021141875748,40.87371195990079,60.04233542963312,1002.4622556758604,10.802598028567278,2026-05-12 23:15:26.999717,23.0,12.0,5.0,1.0,0.0,132.0,128.0,191.0,137.0,132.0,13.236313686219566,151.33333333333334,-21.0,102.0,
Lahore,130,108.60825055962228,82.38084583595617,23.533730298264462,68.97601692409441,1.836879486747612,2.1350020186231893,17.24536679457655,53.0229209700196,994.6829654925476,5.96149510115635,2026-05-13 00:15:26.999717,0.0,13.0,5.0,2.0,0.0,111.0,149.0,143.0,147.0,129.83333333333334,12.089940722214871,150.625,19.0,135.0,
Lahore,122,96.96225439811234,69.858274025766,11.458533428703724,65.44461150615189,2.8616690939366154,3.333053278259473,32.378317067725604,62.36247352944166,1005.8447049726824,9.102539050759365,2026-05-13 01:15:26.999717,1.0,13.0,5.0,2.0,0.0,130.0,132.0,129.0,119.0,128.66666666666666,12.516655570345828,150.75,-8.0,143.0,
Lahore,142,121.15577465123674,84.89462164323812,40.255081111857535,14.915864211522477,16.599767906768687,3.532270825251396,41.24997701610915,52.80635992294824,1004.7609320194728,0.7726092711441699,2026-05-13 02:15:26.999717,2.0,13.0,5.0,2.0,0.0,122.0,111.0,128.0,143.0,131.0,13.623509092741232,150.70833333333334,20.0,106.0,
Lahore,114,83.9441215497422,63.10779683179173,29.78724149236772,58.54359380627257,21.844882009780743,1.4480956266363565,41.41203905169712,51.59447564962039,1006.2983264868938,5.001918047098224,2026-05-13 03:15:26.999717,3.0,13.0,5.0,2.0,0.0,142.0,130.0,149.0,135.0,125.16666666666669,11.737404596701454,149.83333333333334,-28.0,147.0,
Lahore,127,101.53955526076972,63.709694912535305,24.93360786937749,37.65770966765267,7.244585298333213,4.266224801644803,27.72302993440107,57.83679250332079,990.652082167118,8.090883367972053,2026-05-13 04:15:26.999717,4.0,13.0,5.0,2.0,0.0,114.0,122.0,132.0,121.0,124.33333333333331,11.325487480310429,150.08333333333334,13.0,142.0,
Lahore,134,100.9380327779344,81.40229815706864,53.347052141525616,27.09866772968753,21.935377645776818,1.8047169214807004,19.39422591012428,46.55898202027145,1003.7180872087268,1.6008777753385597,2026-05-13 05:15:26.999717,5.0,13.0,5.0,2.0,0.0,127.0,142.0,111.0,149.0,128.16666666666666,9.683318990236211,149.45833333333334,7.0,158.0,
Lahore,120,97.81815941312485,75.04452678127316,47.33716538990799,8.751411567663975,24.50930743102186,1.3400776666144252,20.45627650439085,40.802993998007125,1004.8733710874344,3.909814549268198,2026-05-13 06:15:26.999717,6.0,13.0,5.0,2.0,0.0,134.0,114.0,130.0,180.0,126.5,10.153817016275315,146.95833333333334,-14.0,187.0,
Lahore,155,128.4344369504865,94.31033404543362,52.88827741862211,41.543717025908826,12.945026872501224,2.3287993378452385,39.019237668358656,63.39635389081761,995.18825338532,0.7745736602865989,2026-05-13 07:15:26.999717,7.0,13.0,5.0,2.0,0.0,120.0,127.0,122.0,149.0,132.0,15.006665185843374,147.20833333333334,35.0,145.0,
Lahore,163,128.29619103159473,88.05219141122816,34.74913973562305,31.65775105433985,22.646157752479045,3.7875203640385937,39.61544111690287,80.56592616901807,995.2083214372134,7.816079290434125,2026-05-13 08:15:26.999717,8.0,13.0,5.0,2.0,0.0,155.0,134.0,142.0,189.0,135.5,19.56271964732932,146.125,8.0,143.0,
Lahore,165,118.97893071686433,97.24575284961765,16.546562606338874,23.86347797573006,12.716868559525338,4.844561802979116,31.41275038458598,39.16969066355354,996.9054542127736,11.650695108697423,2026-05-13 09:15:26.999717,9.0,13.0,5.0,2.0,0.0,163.0,120.0,114.0,113.0,144.0,19.431932482385967,148.29166666666666,2.0,147.0,
Lahore,167,134.59474073398246,89.10826119974459,44.81107180606362,57.100379719771816,20.67216825419558,4.14176568967145,35.686762785687606,31.96406043625312,1007.7930397931808,9.924545893713956,2026-05-13 10:15:26.999717,10.0,13.0,5.0,2.0,0.0,165.0,155.0,127.0,188.0,150.66666666666666,19.29421329483728,147.41666666666666,2.0,155.0,
Lahore,148,120.58369275866757,95.64850553827092,20.30368899685876,62.711404048669024,23.155914430266748,4.731567699515863,34.97814378970102,44.80870470924216,1005.1566515883092,11.695477401690788,2026-05-13 11:15:26.999717,11.0,13.0,5.0,2.0,0.0,167.0,163.0,134.0,178.0,153.0,17.652195330893246,146.16666666666666,-19.0,175.0,
Lahore,170,138.0214737748085,96.56972708940955,32.06148345458584,23.35921392720686,29.76587193093521,1.1327261183443706,32.86918314570589,88.78323860722864,1011.1440661529452,10.147257541180757,2026-05-13 12:15:26.999717,12.0,13.0,5.0,2.0,0.0,148.0,165.0,120.0,173.0,161.33333333333334,8.26236447190987,146.04166666666666,22.0,186.0,
Lahore,173,144.57891095911077,110.07701804729948,13.250039447444426,8.708557750951044,11.016503199844289,0.8202955948865456,37.33647778154236,79.72548442460035,997.3914642960774,10.262349674363744,2026-05-13 13:15:26.999717,13.0,13.0,5.0,2.0,0.0,170.0,167.0,155.0,181.0,164.33333333333334,8.755950357709857,145.70833333333334,3.0,185.0,
Lahore,162,124.24473160175476,101.92934821842071,51.26542012114912,68.65645254239263,12.920182636663732,3.0096714285800203,33.505978822088665,65.7519632117158,1012.801701497208,6.926126344456112,2026-05-13 14:15:26.999717,14.0,13.0,5.0,2.0,0.0,173.0,148.0,163.0,138.0,164.16666666666666,8.79583234643995,146.70833333333334,-11.0,194.0,
Lahore,171,140.20108052725226,98.09704823731968,16.29703205237503,5.746980590322749,5.802981722894969,1.8063386736981544,29.41806225518248,85.75493491458815,1008.592654049584,6.21902773695852,2026-05-13 15:15:26.999717,15.0,13.0,5.0,2.0,0.0,162.0,170.0,165.0,170.0,165.16666666666666,9.239408350467016,146.75,9.0,174.0,
Lahore,177,147.56253756238988,100.53607524366129,55.15487535246548,75.2834370441104,6.9181186936524,4.2262473783617285,21.39782178988024,56.71674701023468,999.8752917503424,4.875051197133931,2026-05-13 16:15:26.999717,16.0,13.0,5.0,2.0,0.0,171.0,173.0,167.0,176.0,166.83333333333334,10.4578519145511,146.79166666666666,6.0,198.0,
Lahore,199,150.30706207996744,121.15185108193168,53.211530113077856,52.07149054870294,21.10845507535296,3.523945421310468,35.084979891202714,88.99683615451043,992.3815516406364,9.81713874055056,2026-05-13 17:15:26.999717,17.0,13.0,5.0,2.0,0.0,177.0,162.0,148.0,191.0,175.33333333333334,12.59629575179476,147.125,22.0,156.0,
Lahore,157,127.19825912959487,89.97837981408465,33.2291382219623,29.138497640099025,27.594322114479805,4.868276737936075,27.782822431633413,47.77812270715704,996.4245915621872,2.184811347336295,2026-05-13 18:15:26.999717,18.0,13.0,5.0,2.0,0.0,199.0,171.0,170.0,143.0,173.16666666666666,14.648094301535677,147.70833333333334,-42.0,208.0,
Lahore,151,118.27910084496165,91.11242321079104,47.21841021519953,23.485843218255216,12.443543598175976,1.6465656007908689,22.95937546820275,44.41834497095634,1013.9192054303712,0.6746989898903184,2026-05-13 19:15:26.999717,19.0,13.0,5.0,2.0,0.0,157.0,177.0,173.0,129.0,169.5,17.22498185775573,148.625,-6.0,158.0,
Lahore,136,108.3923866344918,79.18586204596541,40.972253690907664,5.675424819835643,6.215488958230696,2.686028514598546,36.65254944502793,68.28289206882066,997.759084397102,11.3747258722161,2026-05-13 20:15:26.999717,20.0,13.0,5.0,2.0,0.0,151.0,199.0,162.0,128.0,165.16666666666666,22.076382553912204,148.95833333333334,-15.0,120.0,
Lahore,92,75.33838241769169,46.29420792767183,50.15378211688724,22.660356275815783,9.267885482106829,2.75558214841409,33.81126720953176,52.68923807702163,998.2475240037268,0.0453382224417246,2026-05-13 21:15:26.999717,21.0,13.0,5.0,2.0,0.0,136.0,157.0,171.0,149.0,152.0,36.64969304100661,146.58333333333334,-44.0,109.0,
Lahore,124,96.76385717943224,63.2476599043777,31.5902550392956,15.329622613785585,14.19649943943602,1.5762955768581928,40.3081682043669,67.58193251857547,994.739723277443,11.721951862510222,2026-05-13 22:15:26.999717,22.0,13.0,5.0,2.0,0.0,92.0,151.0,177.0,132.0,143.16666666666666,35.796182291784575,146.25,32.0,135.0,
Lahore,122,94.22145960419196,74.333421242473,49.2904242122175,50.91246655423592,9.428859551595684,3.155420297696035,19.46692428050969,48.299731098161146,1010.1712650284692,8.74624043848519,2026-05-13 23:15:26.999717,23.0,13.0,5.0,2.0,0.0,124.0,136.0,199.0,111.0,130.33333333333334,23.4492359505948,146.70833333333334,-2.0,117.0,
Lahore,169,135.37076208744014,98.59221126834686,33.1228408532574,17.4909191445351,7.773793410534122,2.4947869373565776,32.52811068518531,67.07509541027946,996.891105756057,3.941987036373932,2026-05-14 00:15:26.999717,0.0,14.0,5.0,3.0,0.0,122.0,92.0,157.0,130.0,132.33333333333334,26.49276630830892,148.33333333333334,47.0,134.0,
Lahore,116,87.363770305686,66.83455091542933,57.048289392139694,44.64723781524645,22.343550173955308,2.5102470019544314,21.59446563838075,46.54477563510218,998.2564562092214,8.373838117035724,2026-05-14 01:15:26.999717,1.0,14.0,5.0,3.0,0.0,169.0,124.0,151.0,122.0,126.5,25.390943267236047,148.08333333333334,-53.0,130.0,
Lahore,129,97.77087435557408,80.87931919546892,34.31860504125738,49.258731675835314,1.2275027159780727,2.1323149158761763,39.39674060314432,33.0583241291334,1000.3587027107908,9.814501886221528,2026-05-14 02:15:26.999717,2.0,14.0,5.0,3.0,0.0,116.0,122.0,136.0,142.0,125.33333333333331,25.025320510768005,147.54166666666666,13.0,121.0,
Lahore,127,104.99686641478252,82.06721138316223,33.13096359668648,27.353127376018588,16.63768529275801,0.5761820859149078,17.686484184928624,84.728154115391,1000.8432069943652,2.944344671837231,2026-05-14 03:15:26.999717,3.0,14.0,5.0,3.0,0.0,129.0,169.0,92.0,114.0,131.16666666666666,19.07266805317671,148.08333333333334,-2.0,111.0,
Lahore,111,83.05602982420673,65.23727639319095,49.25359307817563,7.629871176403903,24.019237403862864,2.8494285661165506,32.716368774011684,82.99231211240773,1000.2835197603756,9.250748199354984,2026-05-14 04:15:26.999717,4.0,14.0,5.0,3.0,0.0,127.0,116.0,124.0,127.0,129.0,20.7171426601257,147.41666666666666,-16.0,104.0,
Lahore,164,134.5315625045461,96.69700646545068,51.078884588041895,7.794041046064708,8.720620303206577,2.00861526065149,36.3593144812568,88.24788895636031,1002.5935923843682,9.652435500098882,2026-05-14 05:15:26.999717,5.0,14.0,5.0,3.0,0.0,111.0,129.0,122.0,134.0,136.0,24.608941464435283,148.66666666666666,53.0,132.0,
Lahore,165,134.31295646426975,101.50071516556942,37.72445571605854,6.97604991454382,18.495453807748504,0.5059394104294835,24.582781689847096,72.99163057328428,1010.36282199041,2.992255561504145,2026-05-14 06:15:26.999717,6.0,14.0,5.0,3.0,0.0,164.0,127.0,169.0,120.0,135.33333333333334,23.568340346037704,150.54166666666666,1.0,167.0,
Lahore,165,123.37096635604702,92.21532215150212,18.98989067475377,60.43435003524097,20.39810306293992,1.885746684478694,40.761728143362845,70.96327066411817,1010.4821260185504,0.5031162525358024,2026-05-14 07:15:26.999717,7.0,14.0,5.0,3.0,0.0,165.0,111.0,116.0,155.0,143.5,24.01457890532341,150.95833333333334,0.0,154.0,
Lahore,139,107.81217673832172,84.51576527373848,33.38791154787897,28.85072786107236,19.995716195747608,1.7538274989039064,37.969728483823005,63.54018420448985,1009.9578283440836,2.449467414697172,2026-05-14 08:15:26.999717,8.0,14.0,5.0,3.0,0.0,165.0,164.0,129.0,163.0,145.16666666666666,23.13799184602396,149.95833333333334,-26.0,133.0,
Lahore,193,160.37054701523687,118.55942985911076,58.40362514548392,64.72251394757477,13.929639391762814,2.270516689506361,22.954694091492392,37.55654498115136,992.5281209779122,2.4077569066727333,2026-05-14 09:15:26.999717,9.0,14.0,5.0,3.0,0.0,139.0,165.0,127.0,165.0,156.16666666666666,27.96009060548042,151.125,54.0,169.0,
Lahore,143,109.4941723443016,89.20115104208814,47.64930965195926,37.37996178821368,11.050761648397597,1.0933339533952862,15.203609503331965,41.3541186569562,1009.9919700818704,0.7828854501057982,2026-05-14 10:15:26.999717,10.0,14.0,5.0,3.0,0.0,193.0,165.0,111.0,167.0,161.5,19.34683436637657,150.125,-50.0,179.0,
Lahore,188,148.07797868845307,103.11623648748768,50.55813019395661,38.97485756224729,25.24179811780659,2.78457721085788,23.00974375518764,47.36818132035217,993.0062943371644,8.712088615862351,2026-05-14 11:15:26.999717,11.0,14.0,5.0,3.0,0.0,143.0,139.0,164.0,148.0,165.5,22.23285856564582,151.79166666666666,45.0,158.0,
Lahore,223,180.7103044662595,129.9932236509553,11.641274940962006,43.46619518821803,22.994932752996064,3.6159815863315847,22.595382702710047,83.40938175440365,993.1180942513064,4.559699093500898,2026-05-14 12:15:26.999717,12.0,14.0,5.0,3.0,0.0,188.0,193.0,165.0,170.0,175.16666666666666,32.30118676870372,154.0,35.0,182.0,
Lahore,160,131.91695254641297,91.60868373588266,33.39297313170799,58.47735922813279,10.316400029003464,3.335835060745576,39.02904440252455,40.378171476184505,1013.696569290874,10.6126340094463,2026-05-14 13:15:26.999717,13.0,14.0,5.0,3.0,0.0,223.0,143.0,165.0,173.0,174.33333333333334,32.678229246192025,153.45833333333334,-63.0,181.0,
Lahore,166,131.54230556977754,100.09943477204604,42.331056682877765,25.51271493722803,3.987556638823977,4.1168972640613575,41.11227181287818,85.37239046927344,1010.4849461176384,3.026053267982232,2026-05-14 14:15:26.999717,14.0,14.0,5.0,3.0,0.0,160.0,188.0,139.0,162.0,178.83333333333334,28.42123619174017,153.625,6.0,155.0,
Lahore,176,137.8124490265418,108.00372289883992,51.50163418140374,14.119051215014515,3.0824188179186063,2.5340372959418653,16.90187962119703,61.36714398308503,1003.8102616717002,5.438785981199128,2026-05-14 15:15:26.999717,15.0,14.0,5.0,3.0,0.0,166.0,223.0,193.0,171.0,176.0,27.560841786854297,153.83333333333334,10.0,181.0,
Lahore,158,133.51184930849254,102.28355203722992,12.463682679138572,46.70430013935961,3.7340033590691455,2.8359127865287768,27.72496037039955,72.93417812838433,1011.8742551119466,7.6682091471211535,2026-05-14 16:15:26.999717,16.0,14.0,5.0,3.0,0.0,176.0,160.0,143.0,177.0,178.5,24.476519360399564,153.04166666666666,-18.0,180.0,
Lahore,130,112.6944983189879,75.52517259815963,52.62194428209366,29.523321743205447,17.90321147456924,4.146808733865425,29.804963960304484,36.614669200834,1014.7341160637966,10.529579396061337,2026-05-14 17:15:26.999717,17.0,14.0,5.0,3.0,0.0,158.0,166.0,188.0,199.0,168.83333333333334,30.649089165368,150.16666666666666,-28.0,183.0,
Lahore,155,128.894290253909,90.51213750845392,37.42004683709558,38.1868485251028,2.498203099040701,2.424655268686573,17.50861485590199,46.142012926554656,1005.2660516657944,6.295453219432497,2026-05-14 18:15:26.999717,18.0,14.0,5.0,3.0,0.0,130.0,176.0,223.0,157.0,157.5,15.38505768594995,150.08333333333334,25.0,175.0,
Lahore,124,99.62659071282512,80.14836009439372,19.865698528802994,53.5210031252979,10.770879373957111,3.6571970745481854,25.19243814671311,87.51111649088557,1005.322460924538,4.482295533748594,2026-05-14 19:15:26.999717,19.0,14.0,5.0,3.0,0.0,155.0,158.0,160.0,151.0,151.5,20.41323100344494,148.95833333333334,-31.0,118.0,
Lahore,147,113.55867139179536,89.68288469265153,25.862760822485,42.059430585595294,22.84279135551265,2.4557106592309634,23.561225269609665,45.96899681578388,1008.8606757289982,10.404180941664109,2026-05-14 20:15:26.999717,20.0,14.0,5.0,3.0,0.0,124.0,130.0,166.0,136.0,148.33333333333334,19.148542155126883,149.41666666666666,23.0,119.0,
Lahore,112,85.44777796721718,73.53825755593988,24.09647758757804,51.52091128256322,9.536096828945965,2.379812875302032,29.47352156683136,47.791303223468766,995.8034738091332,3.722957096251327,2026-05-14 21:15:26.999717,21.0,14.0,5.0,3.0,0.0,147.0,155.0,176.0,92.0,137.66666666666666,18.46799032560576,150.25,-35.0,141.0,
Lahore,156,127.4125705263288,95.04364001504918,36.54295171442379,45.81500015852209,23.135934238223765,3.920925310381221,32.85215429276232,41.85584309046477,994.17812153797,0.9530843955909174,2026-05-14 22:15:26.999717,22.0,14.0,5.0,3.0,0.0,112.0,124.0,158.0,124.0,137.33333333333334,18.040694739024545,151.58333333333334,44.0,135.0,
Lahore,106,86.89199110444343,57.81441690643364,12.584283995556593,60.48472789520744,22.618544108004603,1.2867661195979505,33.9940979834073,37.74441991840977,1008.9895187503768,5.34050529012288,2026-05-14 23:15:26.999717,23.0,14.0,5.0,3.0,0.0,156.0,147.0,130.0,122.0,133.33333333333334,22.17806724371325,150.91666666666666,-50.0,132.0,
Lahore,113,97.40799296473216,61.13435822611096,17.926807924996176,57.945246328371496,8.128986846363272,2.023636873737081,18.692385637561465,43.99545848723988,998.6226198748526,9.421119677975902,2026-05-15 00:15:26.999717,0.0,15.0,5.0,4.0,0.0,106.0,112.0,155.0,169.0,126.33333333333331,20.5393930452354,148.58333333333334,7.0,197.0,
Lahore,136,112.0522504626807,73.84243875470536,50.63465216878912,45.06424188564644,22.13584322268962,1.508775245361058,36.94958795250478,68.53961351704791,993.3767589076484,0.369369981042277,2026-05-15 01:15:26.999717,1.0,15.0,5.0,4.0,0.0,113.0,156.0,124.0,116.0,128.33333333333334,20.848661028149145,149.41666666666666,23.0,132.0,
Lahore,98,70.88459849120092,62.110259173792365,16.630199537340552,55.917726564478016,22.68552250989092,2.115994743354187,33.32063480435049,57.32206401021381,997.8719431479436,7.030586939875105,2026-05-15 02:15:26.999717,2.0,15.0,5.0,4.0,0.0,136.0,106.0,147.0,129.0,120.16666666666669,21.655638218871832,148.125,-38.0,146.0,
Lahore,132,110.8597380886146,85.14298411543504,21.66981347290635,70.51697017044596,12.52616384434378,1.536686700647108,39.00502275216142,63.22535018027392,998.9659216968644,7.133568582326833,2026-05-15 03:15:26.999717,3.0,15.0,5.0,4.0,0.0,98.0,113.0,112.0,127.0,123.5,21.68640126899797,148.33333333333334,34.0,147.0,
Lahore,160,123.00969686342792,105.24681070693192,32.66853028020786,37.42034658411264,7.102194028504028,3.107325339889946,27.13207360475672,37.34188972596146,1014.1306914876424,11.142501161128578,2026-05-15 04:15:26.999717,4.0,15.0,5.0,4.0,0.0,132.0,136.0,156.0,111.0,124.16666666666669,22.91215107026539,150.375,28.0,147.0,
Lahore,109,85.28014364023825,69.61552666161619,35.85604440566652,35.95723045615952,16.116853399864205,4.091768611780303,39.13502359349917,78.12698682977401,1007.448992777198,3.4375778057402617,2026-05-15 05:15:26.999717,5.0,15.0,5.0,4.0,0.0,160.0,98.0,106.0,164.0,124.66666666666669,22.464787260658927,148.08333333333334,-51.0,135.0,
Lahore,153,123.65100103125847,97.61419288767492,48.18052398070793,62.31842156392851,27.72053005200569,4.039758775480559,38.37590130361404,77.04568203479087,1003.2714079349934,3.3460393585283543,2026-05-15 06:15:26.999717,6.0,15.0,5.0,4.0,0.0,109.0,132.0,113.0,165.0,131.33333333333334,24.17988144442949,147.58333333333334,44.0,165.0,
Lahore,155,133.97833744891983,90.09991833673158,32.36662133330939,48.69153777814955,19.548885240529795,2.140254340469566,26.83705197370028,31.29539466856052,1014.2218284670652,5.285803816076138,2026-05-15 07:15:26.999717,7.0,15.0,5.0,4.0,0.0,153.0,160.0,136.0,165.0,134.5,26.08256122392892,147.16666666666666,2.0,134.0,
Lahore,173,153.94959278002682,98.01792091628072,49.49323105177694,10.32550851669414,6.014752431190575,4.949421826524178,25.290869512910422,53.0109056706183,1012.5784935118544,4.282978817658182,2026-05-15 08:15:26.999717,8.0,15.0,5.0,4.0,0.0,155.0,109.0,98.0,139.0,147.0,22.86482013924457,148.58333333333334,18.0,153.0,
Lahore,140,115.03361529568092,88.25039666208777,40.91731535227287,71.9084011768311,20.79995081727208,3.172344641176104,40.18592440419693,34.12623611826887,1002.800021415354,8.836150352271922,2026-05-15 09:15:26.999717,9.0,15.0,5.0,4.0,0.0,173.0,153.0,132.0,193.0,148.33333333333334,22.03330811899728,146.375,-33.0,155.0,
Lahore,145,115.08401690639806,89.088403761197,15.654986971191123,7.30873266782301,13.388887791173202,2.2973013580023265,34.30944783253781,77.52634676489748,1012.6419908844246,7.701024925578595,2026-05-15 10:15:26.999717,10.0,15.0,5.0,4.0,0.0,140.0,155.0,160.0,143.0,145.83333333333334,21.283013571077536,146.45833333333334,5.0,173.0,
Lahore,187,152.27252824240276,112.73722187170446,17.81657191964193,61.12972671573073,18.154335123305817,4.259926756586415,40.06262435382804,74.23618098754227,1000.1076164515664,9.107052454875197,2026-05-15 11:15:26.999717,11.0,15.0,5.0,4.0,0.0,145.0,173.0,109.0,188.0,158.83333333333334,17.826010957773885,146.41666666666666,42.0,222.0,
Lahore,185,152.43827712936917,112.93685740316496,31.85168627248854,61.90956070282347,22.28785701567013,3.784433056891884,36.51831903018695,84.11928565758936,995.7605166339156,9.84050149438427,2026-05-15 12:15:26.999717,12.0,15.0,5.0,4.0,0.0,187.0,140.0,153.0,223.0,164.16666666666666,20.34125528738766,144.83333333333334,-2.0,142.0,
Lahore,184,145.59666187221407,112.01592741229102,29.84446965445198,76.48333139614478,15.9334731939189,3.87173901570847,31.451030860868187,44.18423753718688,995.8169544205522,11.075773592809773,2026-05-15 13:15:26.999717,13.0,15.0,5.0,4.0,0.0,185.0,145.0,155.0,160.0,169.0,21.15655926657289,145.83333333333334,-1.0,193.0,
Lahore,185,156.97605677956162,117.4190842992678,47.177213481864726,9.060080630174056,24.60553526262595,1.3826270738024222,18.12802497910164,57.37775298766793,1006.5578881110532,5.171240781415772,2026-05-15 14:15:26.999717,14.0,15.0,5.0,4.0,0.0,184.0,187.0,173.0,166.0,171.0,22.154006409677056,146.625,1.0,146.0,
Lahore,160,129.15035379595702,102.47492792408478,39.0368569898676,49.76426455883682,21.942511800182206,2.6074593831584982,22.869978159635657,41.06927262986386,1002.526758017682,11.816368673658594,2026-05-15 15:15:26.999717,15.0,15.0,5.0,4.0,0.0,185.0,185.0,140.0,176.0,174.33333333333334,17.591664692878837,145.95833333333334,-25.0,165.0,
Lahore,173,140.88871544545697,106.52110176170171,29.406654050112465,37.08804279702897,18.83712686053681,4.378226588710712,41.158744991656576,52.274096068447164,1006.4737711751362,2.5879297608438327,2026-05-15 16:15:26.999717,16.0,15.0,5.0,4.0,0.0,160.0,184.0,145.0,158.0,179.0,10.564090116996114,146.58333333333334,13.0,190.0,
Lahore,167,136.9296212602723,104.42901436281464,18.538014172519283,29.797471614465653,5.372991659138194,2.768171034329408,23.62439666528352,61.33459509401304,1007.1518991065542,8.572381943367944,2026-05-15 17:15:26.999717,17.0,15.0,5.0,4.0,0.0,173.0,185.0,187.0,130.0,175.66666666666666,10.689558768568538,148.125,-6.0,163.0,
Lahore,139,113.30793305307228,85.97031276212387,21.34185511627476,11.773892022430475,25.24252421643548,3.5755373453947263,17.517881484205013,33.19984739031534,990.5580718224428,6.408111807686272,2026-05-15 18:15:26.999717,18.0,15.0,5.0,4.0,0.0,167.0,160.0,185.0,155.0,168.0,17.18138527593194,147.45833333333334,-28.0,132.0,
Lahore,183,150.59470250234807,107.4941513398269,38.77505092345295,47.19905897534819,28.141261974274663,3.14570179865419,34.103940609821635,72.89222464064312,991.3509898086976,9.8028071362186,2026-05-15 19:15:26.999717,19.0,15.0,5.0,4.0,0.0,139.0,173.0,184.0,124.0,167.83333333333334,16.99901957957216,149.91666666666666,44.0,131.0,
Lahore,147,114.5137340672654,91.9828233745657,31.171940244989624,40.92805442559602,4.97198859046955,4.290605544732719,34.81811487267947,62.59760162226451,1003.3169431647812,5.721246247277112,2026-05-15 20:15:26.999717,20.0,15.0,5.0,4.0,0.0,183.0,167.0,185.0,147.0,161.5,16.39207125411576,149.91666666666666,-36.0,151.0,
Lahore,107,82.80849123026985,57.2275246557037,35.7463754430336,12.84158436132682,15.158992753569486,1.7805237789272117,22.70735844775308,79.7375410326404,994.775886944002,9.407263624349175,2026-05-15 21:15:26.999717,21.0,15.0,5.0,4.0,0.0,147.0,139.0,160.0,112.0,152.66666666666666,27.72483844257115,149.70833333333334,-40.0,116.0,
Lahore,138,104.89922883514151,88.06945776147941,18.533871765111684,50.93671303228125,8.507773517144631,3.089638750488642,23.0371434423502,46.30683007147184,1005.813344220111,11.162024575772136,2026-05-15 22:15:26.999717,22.0,15.0,5.0,4.0,0.0,107.0,183.0,173.0,156.0,146.83333333333334,26.23293095837117,148.95833333333334,31.0,129.0,
Lahore,102,83.79750615310114,55.22738530116982,43.14531261722829,60.34648401897039,22.881175915341373,1.054556006044118,27.660110608737163,84.19926631615527,1003.8046434792662,8.787531193681048,2026-05-15 23:15:26.999717,23.0,15.0,5.0,4.0,0.0,138.0,147.0,167.0,106.0,136.0,29.46183972531244,148.79166666666666,-36.0,122.0,
Lahore,135,111.89468251756055,82.42901643397366,52.62693704279835,62.545872579023616,21.9272594441363,3.605948495147605,15.5883016435809,89.9216551818266,1004.6440089592722,9.313131434619892,2026-05-16 00:15:26.999717,0.0,16.0,5.0,5.0,1.0,102.0,107.0,139.0,113.0,135.33333333333334,29.425612426365305,149.70833333333334,33.0,107.0,
Lahore,143,116.68886433075944,81.5742302078692,22.89697533934503,72.90298911968206,5.085668496541563,3.793855272587204,36.31172127975142,85.15790630266046,997.5613844957752,0.8061051751902735,2026-05-16 01:15:26.999717,1.0,16.0,5.0,5.0,1.0,135.0,138.0,183.0,136.0,128.66666666666666,19.231917914411493,150.0,8.0,163.0,
Lahore,106,93.1724621667377,66.36694491537213,34.57571129159133,35.710305641658294,26.43379086658748,0.6927679453504929,23.561397256401392,76.67354854998925,1005.9960876569476,2.4594919467873675,2026-05-16 02:15:26.999717,2.0,16.0,5.0,5.0,1.0,143.0,102.0,147.0,98.0,121.83333333333331,18.69135272436586,150.33333333333334,-37.0,136.0,
Lahore,147,117.57201990585476,88.03037387036046,58.77636645104509,76.48045764666027,6.248218855362066,3.541059336325933,38.0516037540534,78.74212817242685,1010.7373159121256,11.691644886043123,2026-05-16 03:15:26.999717,3.0,16.0,5.0,5.0,1.0,106.0,135.0,107.0,132.0,128.5,19.46021582614117,150.95833333333334,41.0,87.0,
Lahore,142,116.94370827796256,77.22622020918334,26.662087027536383,69.90720538120145,24.12051174379512,2.3661056937460385,36.67102138320091,64.42465455267518,1014.951781339806,8.318244045448733,2026-05-16 04:15:26.999717,4.0,16.0,5.0,5.0,1.0,147.0,143.0,138.0,160.0,129.16666666666666,19.913981687916205,150.20833333333334,-5.0,138.0,
Lahore,158,120.94149561930344,96.9034981550924,39.752317246188056,27.23761782679543,14.252430429212142,1.0584359424935703,32.857854894207144,41.40923177475664,1010.9611096543052,6.737388207732055,2026-05-16 05:15:26.999717,5.0,16.0,5.0,5.0,1.0,142.0,106.0,102.0,109.0,138.5,17.626684316683022,152.25,16.0,128.0,
Lahore,187,147.664501487628,109.31039611583644,14.50978501001222,16.946227801209385,10.519896513186383,2.389583964643104,23.7716214116808,70.62244110886303,1003.9374689919988,4.403716480757401,2026-05-16 06:15:26.999717,6.0,16.0,5.0,5.0,1.0,158.0,147.0,135.0,153.0,147.16666666666666,26.240553855943467,153.66666666666666,29.0,167.0,
Lahore,145,119.47768878782888,91.40573360406684,40.30075012397216,37.65420470960101,5.588938617552191,1.3740481836301175,28.94054716485159,72.76518012359588,994.8357397919988,0.5326680144830149,2026-05-16 07:15:26.999717,7.0,16.0,5.0,5.0,1.0,187.0,142.0,143.0,155.0,147.5,26.18969262897148,153.25,-42.0,134.0,
Lahore,143,118.64551055371572,85.80662844367204,14.481588665230896,35.14240309669749,5.860813428252253,2.370017894554924,27.01038995514489,89.12310841607434,1007.0361469029956,4.42963089556962,2026-05-16 08:15:26.999717,8.0,16.0,5.0,5.0,1.0,145.0,158.0,106.0,173.0,153.66666666666666,17.316658646132417,152.0,-2.0,155.0,
Lahore,147,116.1301652616791,90.1771049269402,57.96177176619111,48.17894789984032,20.19482608632611,2.2295256258133747,24.149810928714203,62.47807897537931,1013.4413446389494,5.98695447947491,2026-05-16 09:15:26.999717,9.0,16.0,5.0,5.0,1.0,143.0,187.0,147.0,140.0,153.66666666666666,17.316658646132414,152.29166666666666,4.0,175.0,
Lahore,155,123.64200374070968,88.21215522492395,45.78313260361557,48.7539674245811,16.962481250466496,3.8227623662122574,37.89967981118581,46.28214090150338,995.2966634933076,2.537514112642641,2026-05-16 10:15:26.999717,10.0,16.0,5.0,5.0,1.0,147.0,145.0,142.0,145.0,155.83333333333334,16.351350606805347,152.70833333333334,8.0,189.0,
Lahore,175,132.41063126659594,102.05333884286318,49.40798940678532,61.24902382849815,4.540477227885749,3.983970011748615,28.05469101359696,71.02035130437041,996.3998905131645,2.0776414952859903,2026-05-16 11:15:26.999717,11.0,16.0,5.0,5.0,1.0,155.0,143.0,158.0,187.0,158.66666666666666,18.17324040083868,152.20833333333334,20.0,152.0,
Lahore,186,147.01485399596697,109.30680681949455,45.20521803858184,43.24174611542076,4.268237952711431,3.23162894473046,37.48352364052296,88.76254917998727,993.7252135852912,6.100998616290202,2026-05-16 12:15:26.999717,12.0,16.0,5.0,5.0,1.0,175.0,147.0,187.0,185.0,158.5,17.86337034268753,152.25,11.0,172.0,
Lahore,185,152.45191581759894,115.28351240121276,39.486451803823286,12.861698070557416,3.0970066684109523,0.6020907898210139,17.840898801829255,40.63283449614564,1008.41804109066,7.030850827530527,2026-05-16 13:15:26.999717,13.0,16.0,5.0,5.0,1.0,186.0,155.0,145.0,184.0,165.16666666666666,19.229317893952416,152.29166666666666,-1.0,170.0,
Lahore,194,158.07602508053284,124.78688543902744,32.49563905427527,69.37185016648296,22.56925307383278,4.689600255819473,18.807669292209063,49.55987511213616,1000.1640375855916,2.879015026254298,2026-05-16 14:15:26.999717,14.0,16.0,5.0,5.0,1.0,185.0,175.0,143.0,185.0,173.66666666666666,18.73677311243009,152.66666666666666,9.0,165.0,
Lahore,174,141.70332860690607,100.3741412412856,52.91866898805312,28.232343738889032,21.644580471649387,3.5880497604340147,41.387648238050375,62.51285722636087,991.5673909721596,7.048673693474557,2026-05-16 15:15:26.999717,15.0,16.0,5.0,5.0,1.0,194.0,186.0,147.0,160.0,178.16666666666666,13.585531519476346,153.25,-20.0,209.0,
Lahore,198,158.6488684359048,124.1842407232884,57.84178337715315,77.84730952299441,2.6944987347826794,0.6538795246453497,30.86974849036442,40.21287809292029,1011.873749787257,10.80407956649154,2026-05-16 16:15:26.999717,16.0,16.0,5.0,5.0,1.0,174.0,185.0,155.0,173.0,185.3333333333333,9.709102258534964,154.29166666666666,24.0,177.0,
Lahore,156,124.8353157931409,82.75161291137148,34.95180864520407,13.83950815098276,17.247832192312217,4.184748046463531,28.763781184474325,31.333238371196305,1003.941797617564,5.678079096256246,2026-05-16 17:15:26.999717,17.0,16.0,5.0,5.0,1.0,198.0,194.0,175.0,167.0,182.16666666666663,15.2632456137837,153.83333333333334,-42.0,136.0,
Lahore,208,163.09839430263278,118.82905299453856,56.5767524577631,76.86883791743774,3.455608502038007,1.401197696230983,29.125213704891017,50.21898734647503,998.2773573000088,10.288682035046175,2026-05-16 18:15:26.999717,18.0,16.0,5.0,5.0,1.0,156.0,174.0,186.0,139.0,185.8333333333333,18.637775260655147,156.70833333333334,52.0,172.0,
Lahore,158,129.89414210101268,90.00610771906612,39.16664549942588,11.825885516188771,27.20862734765931,3.1064953530699806,20.812256898887213,81.92224809006348,998.5995744015274,11.127257334399822,2026-05-16 19:15:26.999717,19.0,16.0,5.0,5.0,1.0,208.0,198.0,185.0,183.0,181.3333333333333,21.860161634047607,155.66666666666666,-50.0,188.0,
Lahore,120,98.10486472194695,65.23745655279639,36.91920934482166,22.32771034602946,27.306405156223843,2.599854664775842,34.40500663655327,32.60810395942289,997.2562805047728,1.1087283472450284,2026-05-16 20:15:26.999717,20.0,16.0,5.0,5.0,1.0,158.0,156.0,194.0,147.0,169.0,31.8684797252711,154.54166666666666,-38.0,158.0,
Lahore,109,89.660094239964,57.48205805106209,32.724136647767835,8.49349565649062,21.24875670458077,2.389274520597845,17.289076840703366,55.73574354101505,1001.387004309816,1.1497389558815638,2026-05-16 21:15:26.999717,21.0,16.0,5.0,5.0,1.0,120.0,208.0,174.0,107.0,158.16666666666666,39.87187814320612,154.625,-11.0,100.0,
Lahore,135,105.3698257866621,83.06499456068899,20.46438807650599,57.88348599792462,27.85947872174405,4.503711740559789,30.479740253781628,75.73204637556495,998.4260422122036,5.712530194651217,2026-05-16 22:15:26.999717,22.0,16.0,5.0,5.0,1.0,109.0,158.0,198.0,138.0,147.66666666666666,35.31949414511303,154.5,26.0,115.0,
Lahore,117,82.83328540064379,69.1296615113607,10.18598304090296,68.77240524288439,24.532137881997027,2.468125812031766,30.410757507819337,87.19095581465311,1003.6986576017651,7.057229331812431,2026-05-16 23:15:26.999717,23.0,16.0,5.0,5.0,1.0,135.0,120.0,156.0,102.0,141.16666666666666,37.02656703863688,155.125,-18.0,147.0,
Lahore,134,112.68576355876849,82.29702698802554,22.07531134280306,37.55533113619853,25.027618701884432,0.8390485290791783,39.68308745160479,89.12852394026594,1009.3379313067824,5.11060157358035,2026-05-17 00:15:26.999717,0.0,17.0,5.0,6.0,1.0,117.0,109.0,208.0,135.0,128.83333333333334,17.474743679569865,155.08333333333334,17.0,105.0,
Lahore,130,101.60581271995798,81.45236343060756,35.486158580178255,74.63915562818222,17.521527666528062,4.759874272467287,29.20693587283123,55.3181628365245,1006.8615320861094,3.917409245010037,2026-05-17 01:15:26.999717,1.0,17.0,5.0,6.0,1.0,134.0,135.0,158.0,143.0,124.16666666666669,10.457851914550384,154.54166666666666,-4.0,129.0,
Lahore,121,92.4861211797844,73.92808496586267,28.99799761298763,49.27243038166997,9.8757167482691,4.642408540578324,18.70069279130285,87.02305766274705,997.3614223188528,7.69192939351387,2026-05-17 02:15:26.999717,2.0,17.0,5.0,6.0,1.0,130.0,117.0,120.0,106.0,124.33333333333331,10.385887861259873,155.16666666666666,-9.0,138.0,
Lahore,111,92.26739455956998,69.88881588075186,32.42426140013169,52.25053515848924,7.316174338376226,3.5799471031171946,30.46433799970039,32.125138396851824,1003.2185252884944,0.0249781481990432,2026-05-17 03:15:26.999717,3.0,17.0,5.0,6.0,1.0,121.0,134.0,109.0,147.0,124.66666666666669,9.811557810392053,153.66666666666666,-10.0,109.0,
Lahore,104,81.23993680040435,62.05233856878865,59.03241097820248,68.40644012755774,10.488800639128948,2.6055163765941125,17.465846397863974,74.75501627991338,1011.0031539978064,11.61687937036491,2026-05-17 04:15:26.999717,4.0,17.0,5.0,6.0,1.0,111.0,130.0,135.0,142.0,119.5,11.32695899171514,152.08333333333334,-7.0,133.0,
Lahore,132,110.89968192023312,73.26503305847127,27.51361853346637,27.26001537888792,19.2263674725828,0.9178676282458456,20.502433553097887,68.56476207801677,991.705155868568,2.7849490582562657,2026-05-17 05:15:26.999717,5.0,17.0,5.0,6.0,1.0,104.0,121.0,117.0,158.0,122.0,12.2800651464069,151.0,28.0,77.0,
Lahore,167,136.68502974788348,105.48907090410398,32.60914696800539,31.569929099571933,6.007039539139569,4.058366533598643,15.839931773060236,44.971311455169136,991.9574316746726,11.005185222996085,2026-05-17 06:15:26.999717,6.0,17.0,5.0,6.0,1.0,132.0,111.0,134.0,187.0,127.5,22.15174936658501,150.16666666666666,35.0,129.0,
Lahore,154,126.6178466160024,89.45443933609435,16.675777567640978,72.94639393959832,8.500566862482327,0.8396506149081303,28.85892672640645,60.439110040778935,1003.904251701244,1.308176934414072,2026-05-17 07:15:26.999717,7.0,17.0,5.0,6.0,1.0,167.0,104.0,130.0,145.0,131.5,24.712345093090647,150.54166666666666,-13.0,144.0,
Lahore,133,99.57022144399734,75.12201850618787,12.397886621849382,72.57226220290728,14.57376502106847,0.8087044320281555,17.282380612926453,37.773224265629736,1005.9778782097452,2.857046184534871,2026-05-17 08:15:26.999717,8.0,17.0,5.0,6.0,1.0,154.0,132.0,121.0,143.0,133.5,24.172298194420865,150.125,-21.0,133.0,
Lahore,169,141.259719926932,100.510410620978,48.770475729624735,78.23620821506532,7.758452857213851,2.9182272909771565,27.67364822034588,82.29582905709366,995.2853253943975,2.8184844130500046,2026-05-17 09:15:26.999717,9.0,17.0,5.0,6.0,1.0,133.0,167.0,111.0,147.0,143.16666666666666,24.959300203865343,151.04166666666666,36.0,198.0,
Lahore,179,144.5062526561693,102.83594540351744,38.53415875359893,72.63787373312533,18.070666421765782,1.2205770808308811,40.18951595375189,51.47388513273888,1008.630503167288,11.953834850407754,2026-05-17 10:15:26.999717,10.0,17.0,5.0,6.0,1.0,169.0,154.0,104.0,155.0,155.66666666666666,19.633305036765385,152.04166666666666,10.0,143.0,
Lahore,158,124.553614303769,92.71284809005284,48.03524030219475,14.552902702502069,27.77210482523357,0.5347862030315704,34.433558151521964,67.56266822794299,1006.1565844260182,0.055206548710613,2026-05-17 11:15:26.999717,11.0,17.0,5.0,6.0,1.0,179.0,133.0,132.0,175.0,160.0,15.87450786638792,151.33333333333334,-21.0,167.0,
Lahore,182,146.31694233671124,110.92026960781732,17.49313994432758,66.77932146027405,22.694591605390663,2.404010439481038,17.090115204082913,39.52657717723574,1013.0822317059072,7.67565851164195,2026-05-17 12:15:26.999717,12.0,17.0,5.0,6.0,1.0,158.0,169.0,167.0,186.0,162.5,18.20714145603348,151.16666666666666,24.0,181.0,
Lahore,181,135.91882383550842,110.34170869623064,38.59143855913455,35.73788585821956,20.32637181031848,1.1174775422452967,21.053664929638764,42.36989067787243,994.2238550464634,10.436238972730234,2026-05-17 13:15:26.999717,13.0,17.0,5.0,6.0,1.0,182.0,179.0,154.0,185.0,167.0,19.005262429127747,151.0,-1.0,208.0,
Lahore,155,126.04326405740336,88.51084966787185,22.682123717068777,79.31010169594533,17.898922803529583,1.2223193687631106,33.18888533712273,89.51738224818912,1008.7843566339502,8.06728384829684,2026-05-17 14:15:26.999717,14.0,17.0,5.0,6.0,1.0,181.0,158.0,133.0,194.0,170.66666666666666,11.94431524477996,149.375,-26.0,149.0,
Lahore,181,139.65314245908965,106.16147313525629,21.403090845001,40.42107232466008,15.15048936845488,0.846097874309006,39.15695024765296,75.18518366647976,992.0910772645816,4.35280581860333,2026-05-17 15:15:26.999717,15.0,17.0,5.0,6.0,1.0,155.0,182.0,169.0,174.0,172.66666666666666,12.596295751794804,149.66666666666666,26.0,197.0,
Lahore,180,137.23664857078234,113.37166502385122,10.576300702649265,46.537706187666544,6.410351929405132,1.4229218917562447,15.888801842626751,87.71831218644425,1004.1323102379474,11.499712352435218,2026-05-17 16:15:26.999717,16.0,17.0,5.0,6.0,1.0,181.0,181.0,179.0,198.0,172.83333333333334,12.703018014105306,148.91666666666666,-1.0,169.0,
Lahore,183,138.78820406891057,112.2820005886697,16.517036178453594,44.73311864425989,26.946603207379106,3.719678808984752,36.93618055645604,47.75106991272265,1003.7973784874788,10.722249055068492,2026-05-17 17:15:26.999717,17.0,17.0,5.0,6.0,1.0,180.0,155.0,158.0,156.0,177.0,10.825894882180366,150.04166666666666,3.0,142.0,
Lahore,175,145.56344187494963,115.37532519674272,25.46340557498477,29.13027723937084,8.207544058372253,4.140172882480061,30.168974769134337,39.87377259718922,999.7096261161684,5.207459042994213,2026-05-17 18:15:26.999717,18.0,17.0,5.0,6.0,1.0,183.0,181.0,182.0,208.0,175.83333333333334,10.55304063607666,148.66666666666666,-8.0,163.0,
Lahore,118,91.25368303153606,76.70064086870764,15.843938029546951,10.626656666968865,3.647957449766662,2.536401398131853,29.7444657830026,60.184107808729856,1011.1142786917142,6.879941911333962,2026-05-17 19:15:26.999717,19.0,17.0,5.0,6.0,1.0,175.0,180.0,181.0,158.0,165.33333333333334,25.350871122442346,147.0,-57.0,149.0,
Lahore,119,102.8686385495825,77.12146534279968,59.29292202054688,72.17384228014389,22.75044019763216,2.77949217146638,40.860955934340666,59.6800969336406,990.1092661196504,11.610230253662888,2026-05-17 20:15:26.999717,20.0,17.0,5.0,6.0,1.0,118.0,183.0,155.0,120.0,159.33333333333334,31.740615410963265,146.95833333333334,1.0,126.0,
Lahore,141,110.12099268473852,77.66065724772099,25.43163242619753,65.20068593947151,6.092850495603825,0.6469476556739118,35.186404540112875,40.49679082547927,1003.004485047463,11.790724343117642,2026-05-17 21:15:26.999717,21.0,17.0,5.0,6.0,1.0,119.0,175.0,181.0,109.0,152.66666666666666,30.454337403179142,148.29166666666666,22.0,132.0,
Lahore,135,99.46321021203526,84.81930175816711,16.51619733511641,15.464508541975196,11.784983986694105,0.8119231761709258,37.95320943751502,73.99317417488462,995.4288387458796,5.397879308615426,2026-05-17 22:15:26.999717,22.0,17.0,5.0,6.0,1.0,141.0,118.0,180.0,135.0,145.16666666666666,27.80227808411881,148.29166666666666,-6.0,117.0,
Lahore,132,100.01737780025672,78.93446599151545,19.954115641397888,63.25762035125547,1.820262920438412,1.659054765422826,24.557880377706,51.70665206632404,1008.5874654779108,10.168200337717064,2026-05-17 23:15:26.999717,23.0,17.0,5.0,6.0,1.0,135.0,119.0,183.0,117.0,136.66666666666666,20.84866102814928,148.91666666666666,-3.0,124.0,
Lahore,197,163.77905810003472,115.44509098230874,39.385161417073824,51.93849995379575,4.974970333672994,2.947542893209164,29.967829102367062,41.18191385583104,991.0766856576524,3.623762723447236,2026-05-18 00:15:26.999717,0.0,18.0,5.0,0.0,0.0,132.0,141.0,175.0,134.0,140.33333333333334,29.200456617434448,151.54166666666666,65.0,133.0,
Lahore,132,104.82050911031668,80.04007670266265,13.202176193239426,35.68578409382167,6.02290529203745,3.827980169307468,31.61595329054981,49.919003672597306,1010.7888672045394,4.461754475167976,2026-05-18 01:15:26.999717,1.0,18.0,5.0,0.0,0.0,197.0,135.0,118.0,130.0,142.66666666666666,27.572933588333907,151.625,-65.0,152.0,
Lahore,146,114.058563517547,92.3260576730574,53.12170650705784,24.05158618216721,2.5778937047551604,3.222513776021149,23.68276638978656,63.81952197810091,1010.9523056676738,1.9778625958827152,2026-05-18 02:15:26.999717,2.0,18.0,5.0,0.0,0.0,132.0,132.0,119.0,121.0,147.16666666666666,25.0233224545957,152.66666666666666,14.0,98.0,
Lahore,147,118.40009112926394,90.70415795502106,58.07498396185736,69.47965876266744,20.04305174206251,2.2645753474405472,30.396699373579786,73.58825593082659,1010.8216503100876,2.5102151133207635,2026-05-18 03:15:26.999717,3.0,18.0,5.0,0.0,0.0,146.0,197.0,141.0,111.0,148.16666666666666,24.84686432261974,154.16666666666666,1.0,170.0,
Lahore,147,120.10891368083772,83.8076309932897,22.337371033369045,57.51411944705398,25.2732260782904,1.0324583285141218,21.389695245952275,58.91345316344908,993.8142131683168,7.882479627112307,2026-05-18 04:15:26.999717,4.0,18.0,5.0,0.0,0.0,147.0,132.0,135.0,104.0,150.16666666666666,24.045096520219552,155.95833333333334,0.0,95.0,
Lahore,135,113.58699407951232,84.7122945679631,32.50476342954297,46.08049321018527,11.826146784612288,4.013479556992353,18.87114311884247,61.53569938970241,1005.760162964026,6.129379416084971,2026-05-18 05:15:26.999717,5.0,18.0,5.0,0.0,0.0,147.0,146.0,132.0,132.0,150.66666666666666,23.619201228379303,156.08333333333334,-12.0,138.0,
Lahore,165,139.24249614946464,95.8120622896202,11.106722551474853,50.71764004238481,26.362717824827826,2.137037232195757,25.09719700048798,38.3367561565649,990.3591839795848,2.7735823275072344,2026-05-18 06:15:26.999717,6.0,18.0,5.0,0.0,0.0,135.0,147.0,197.0,167.0,145.33333333333334,11.639014849491035,156.0,30.0,161.0,
Lahore,134,105.40115677105456,81.48341559482142,42.035511236361074,11.829963656163574,7.187050662243669,3.812243065172553,34.9608199761538,84.88145548249392,1011.19906478223,4.834915396339831,2026-05-18 07:15:26.999717,7.0,18.0,5.0,0.0,0.0,165.0,147.0,132.0,154.0,145.66666666666666,11.201190412928124,155.16666666666666,-31.0,155.0,
Lahore,153,115.76976156958982,90.28324966261432,30.696302902629444,40.5439820683394,10.436322283275944,2.8084047886145385,39.737052997994965,85.72345187952266,1008.0743798377156,4.47820151836418,2026-05-18 08:15:26.999717,8.0,18.0,5.0,0.0,0.0,134.0,135.0,146.0,133.0,146.83333333333334,11.600287352763,156.0,19.0,145.0,
Lahore,155,121.93267419438362,91.90566874132188,23.502923305077783,19.52752195892765,5.3713727979038834,3.823979241028213,27.35827939045228,71.00559542508023,1003.2788432724814,11.84832245442401,2026-05-18 09:15:26.999717,9.0,18.0,5.0,0.0,0.0,153.0,165.0,147.0,169.0,148.16666666666666,12.073386710723447,155.41666666666666,2.0,161.0,
Lahore,173,139.70140253291444,107.63121487520256,20.341855530830426,20.628775925661905,18.99621666715096,4.582803026536573,32.356239583436654,31.05788453604148,1008.2647858274154,10.242790046536552,2026-05-18 10:15:26.999717,10.0,18.0,5.0,0.0,0.0,155.0,134.0,147.0,179.0,152.5,15.693947878083696,155.16666666666666,18.0,162.0,
Lahore,222,172.78120536894696,127.9990314009205,42.70115388293802,54.597797171515005,13.176218135238898,4.644632822242109,17.782002536327713,62.22445295419956,992.3581024162944,4.655596000605891,2026-05-18 11:15:26.999717,11.0,18.0,5.0,0.0,0.0,173.0,153.0,135.0,158.0,167.0,29.979993328885364,157.83333333333334,49.0,164.0,
Lahore,142,108.8142454255248,94.92597537138468,30.810851551615723,73.3442113875716,18.78521705841506,2.9079805100027154,39.42052148091288,67.75313832531681,1003.2163958044214,10.966998946752398,2026-05-18 12:15:26.999717,12.0,18.0,5.0,0.0,0.0,222.0,155.0,165.0,182.0,163.16666666666666,31.70751751031097,156.16666666666666,-80.0,196.0,
Lahore,193,156.11893940774942,106.69456965352752,18.9829644514956,35.28174578587599,23.088572256431323,2.8017876414453746,30.352313766388228,89.6792533774866,997.2819122954112,4.111624699538053,2026-05-18 13:15:26.999717,13.0,18.0,5.0,0.0,0.0,142.0,173.0,134.0,181.0,173.0,29.95329698046632,156.66666666666666,51.0,187.0,
Lahore,146,116.55673824214776,84.6116615837257,44.455454074341205,20.58119547591428,16.825387464955504,1.6955530947627675,36.06913268587924,89.76401731168781,1014.3154865805744,8.014818152818313,2026-05-18 14:15:26.999717,14.0,18.0,5.0,0.0,0.0,193.0,222.0,153.0,155.0,171.83333333333334,31.005913414487225,156.29166666666666,-47.0,164.0,
Lahore,165,132.16398497705794,100.8510594497087,38.25361415183468,53.65602029274907,19.20128029215185,4.711099241881811,36.44991242487763,81.45667411953345,1011.4279487655976,11.59979996018535,2026-05-18 15:15:26.999717,15.0,18.0,5.0,0.0,0.0,146.0,142.0,155.0,181.0,173.5,30.177806414648707,155.625,19.0,192.0,
Lahore,190,148.20752332649965,116.92157083217656,52.93360274647481,70.33902847627382,28.122259117435654,2.560636252398294,21.92497421193886,33.82985952156681,1008.3318923958494,4.683346367862628,2026-05-18 16:15:26.999717,16.0,18.0,5.0,0.0,0.0,165.0,193.0,173.0,180.0,176.33333333333334,30.91062384790511,156.04166666666666,25.0,175.0,
Lahore,163,129.24799642897116,97.29762139714148,15.873794943824644,61.12391008418681,9.67286497865645,1.0741605767931972,29.287710235909937,87.19658344672379,1013.3436908812432,8.158619581259206,2026-05-18 17:15:26.999717,17.0,18.0,5.0,0.0,0.0,190.0,146.0,222.0,183.0,166.5,21.3985980849216,155.20833333333334,-27.0,178.0,
Lahore,132,100.97883427865848,78.9130464849923,49.28333009722281,70.15679229024404,11.41575422038464,2.4471721158194746,40.9329532921464,66.75967482911994,998.6710826141368,3.5510857327515986,2026-05-18 18:15:26.999717,18.0,18.0,5.0,0.0,0.0,163.0,165.0,142.0,175.0,164.83333333333334,23.92836531538828,153.41666666666666,-31.0,166.0,
Lahore,131,109.25099205562394,80.65275042663808,43.67583934086295,45.24160032580995,21.81339748957077,1.0717396260710177,17.42013271016235,78.05320622875077,1012.5219974747046,3.195747787175696,2026-05-18 19:15:26.999717,19.0,18.0,5.0,0.0,0.0,132.0,190.0,193.0,118.0,154.5,22.6870006832108,153.95833333333334,-1.0,129.0,
Lahore,151,125.97624667361876,89.4446526127116,15.75054684140489,61.390718327689314,18.727859994606213,2.761392579156838,33.44234724679821,54.43157098115121,998.1309558026678,6.889879997178623,2026-05-18 20:15:26.999717,20.0,18.0,5.0,0.0,0.0,131.0,163.0,146.0,119.0,155.33333333333334,22.402380825855857,155.29166666666666,20.0,126.0,
Lahore,116,83.56906068880954,76.56590628967453,44.74103649358604,15.504841951920236,6.17745423165173,3.025739816852955,40.98113010694964,49.180168274075385,1008.3199179922788,11.751175176398618,2026-05-18 21:15:26.999717,21.0,18.0,5.0,0.0,0.0,151.0,132.0,165.0,141.0,147.16666666666666,26.6939443819506,154.25,-35.0,146.0,
Lahore,129,98.55244569903796,81.596745571158,32.07736444399152,31.12059615223936,11.908271990304216,2.019900926721134,23.1155819174586,57.79464872902848,1008.4104227944111,5.437606184642039,2026-05-18 22:15:26.999717,22.0,18.0,5.0,0.0,0.0,116.0,131.0,190.0,135.0,137.0,16.958773540560127,154.0,13.0,137.0,
Lahore,122,90.11735372454962,77.56412175502818,57.24923927779216,34.21618733611418,14.567302380616734,0.822427764041681,38.259093877917394,38.812470778129615,990.4587469113524,11.251643643798968,2026-05-18 23:15:26.999717,23.0,18.0,5.0,0.0,0.0,129.0,151.0,163.0,132.0,130.16666666666666,11.889771514485345,153.58333333333334,-7.0,121.0,
Lahore,107,82.34988032796552,59.36921638314792,17.080567530894967,43.34718096845259,13.162305301083292,4.745765910349576,40.20875372602333,51.42396832519836,999.0264924569548,10.97236224293714,2026-05-19 00:15:26.999717,0.0,19.0,5.0,1.0,0.0,122.0,116.0,132.0,197.0,126.0,15.073154945133403,149.83333333333334,-15.0,122.0,
Lahore,163,129.9828101510482,97.40305787797148,42.1416695407869,74.68072701926178,6.169969441339183,3.9800890106754334,35.17132765366028,81.45704998609672,990.4858168102124,3.045151348139937,2026-05-19 01:15:26.999717,1.0,19.0,5.0,1.0,0.0,107.0,129.0,131.0,132.0,131.33333333333334,21.49108342235606,151.125,56.0,146.0,
Lahore,136,101.55177390150736,80.09767025639647,29.0990022731473,70.57224201666307,27.808472661743608,4.274964862273045,21.24586443228788,32.27702917565289,1014.9273004402562,4.821832885011929,2026-05-19 02:15:26.999717,2.0,19.0,5.0,1.0,0.0,163.0,122.0,151.0,146.0,128.83333333333334,19.52861148844605,150.70833333333334,-27.0,111.0,
Lahore,87,64.99070093437345,47.17199312155267,57.84073352954389,15.08941192168884,23.1072440891253,2.1509077742880325,24.01801940831804,39.052682809476266,993.0549190457308,7.719629741930197,2026-05-19 03:15:26.999717,3.0,19.0,5.0,1.0,0.0,136.0,107.0,116.0,147.0,124.0,25.892083732291603,148.20833333333334,-49.0,139.0,
Lahore,138,105.38021313959251,84.60082091972883,26.498744764513823,17.95922389118474,14.959319131127716,3.9237396350875273,15.96685094927873,37.506969578969134,1003.5702723912028,6.2165506129367,2026-05-19 04:15:26.999717,4.0,19.0,5.0,1.0,0.0,87.0,163.0,129.0,147.0,125.5,26.49339540338308,147.83333333333334,51.0,130.0,
Lahore,128,103.43633664699472,74.11177121110092,58.109295474590006,31.82304121916835,20.72176982089826,2.684178028261374,37.44923732462459,54.184532562013686,1009.763905969066,1.151502358358092,2026-05-19 05:15:26.999717,5.0,19.0,5.0,1.0,0.0,138.0,136.0,122.0,135.0,126.5,26.448062310876384,147.54166666666666,-10.0,137.0,
Lahore,167,133.94672168518125,103.4770191492512,55.07429255503745,26.805789941800544,27.02119749193013,1.4048756978272068,37.93950203579916,89.8192140534517,995.0315900565224,11.9243763615259,2026-05-19 06:15:26.999717,6.0,19.0,5.0,1.0,0.0,128.0,87.0,107.0,165.0,136.5,28.83574171059245,147.625,39.0,171.0,
Lahore,134,103.59131223331372,75.04904218552834,23.51916176553281,51.10782148671967,4.949050128485565,1.0599051960824597,32.08317836908721,40.40147581268296,1002.1263167023868,9.03184801453536,2026-05-19 07:15:26.999717,7.0,19.0,5.0,1.0,0.0,167.0,138.0,163.0,134.0,131.66666666666666,25.773371270880872,147.625,-33.0,166.0,
Lahore,155,124.884104360697,101.5952030642091,50.177088841321385,72.70820358234087,8.260818470502354,2.052728911949256,24.518251984123985,38.72895897595561,1005.1857190230288,5.252328458696541,2026-05-19 08:15:26.999717,8.0,19.0,5.0,1.0,0.0,134.0,128.0,136.0,153.0,134.83333333333334,27.52029554104876,147.70833333333334,21.0,174.0,
Lahore,175,137.2665995770637,100.5183367070397,59.780210090175295,77.17186562544401,16.738336170442707,1.1189845016381286,17.073897746277854,84.90334378656927,994.0051188598886,7.418022595995495,2026-05-19 09:15:26.999717,9.0,19.0,5.0,1.0,0.0,155.0,167.0,87.0,155.0,149.5,19.08664454533598,148.54166666666666,20.0,191.0,
Lahore,189,149.84172444836975,114.49651168600217,22.63315010856412,54.02022144014199,24.1713007692184,4.992210392918309,35.332555467702555,82.92303101795794,1009.4638864977884,1.0508738071947614,2026-05-19 10:15:26.999717,10.0,19.0,5.0,1.0,0.0,175.0,134.0,138.0,173.0,158.0,23.731835158706225,149.20833333333334,14.0,172.0,
Lahore,152,129.9672604514927,95.15929655194034,31.838858466165984,67.8619401050815,2.0513919678042942,0.7213504560440993,34.61620722746792,31.934422199793268,997.483411429734,5.94361984427532,2026-05-19 11:15:26.999717,11.0,19.0,5.0,1.0,0.0,189.0,155.0,128.0,222.0,162.0,19.266551326067813,146.29166666666666,-37.0,190.0,
Lahore,172,144.30230525895172,100.34679784899944,36.00903682833798,44.39016501730978,29.536526355694456,2.4851461971608444,39.64026808695033,75.1023576107589,995.275576908471,11.169988989809854,2026-05-19 12:15:26.999717,12.0,19.0,5.0,1.0,0.0,152.0,175.0,167.0,142.0,162.83333333333334,19.63075817860004,147.54166666666666,20.0,173.0,
Lahore,170,129.502093815362,106.26234321716476,24.746556790193218,20.62452101450297,14.192291483589518,2.5344208507567285,34.724364567144775,69.32794208858577,1003.9572186609354,10.75921149665974,2026-05-19 13:15:26.999717,13.0,19.0,5.0,1.0,0.0,172.0,189.0,134.0,193.0,168.83333333333334,13.64429062526421,146.58333333333334,-2.0,186.0,
Lahore,165,136.14866208939588,92.85408201099791,10.763241982301489,44.3516309070108,11.417703078029968,1.85284367861754,37.374763440588055,76.06444859116255,1000.2578406910734,4.048570145797747,2026-05-19 14:15:26.999717,14.0,19.0,5.0,1.0,0.0,170.0,152.0,155.0,146.0,170.5,12.14495780149138,147.375,-5.0,175.0,
Lahore,209,171.25698277245797,132.6605884959128,21.00646220987633,46.63119510782384,9.489008697353384,3.071082045681254,35.14077468340798,59.67014728775533,1013.0071486159104,6.376414365856066,2026-05-19 15:15:26.999717,15.0,19.0,5.0,1.0,0.0,165.0,172.0,175.0,165.0,176.16666666666666,20.0341375323889,149.20833333333334,44.0,176.0,
Lahore,177,135.8586835562369,106.2707463248288,24.096844217087924,60.684317316016745,6.056344521875277,1.174896608681951,32.02855408443254,89.48275310689773,1012.0015674549538,8.368602289051761,2026-05-19 16:15:26.999717,16.0,19.0,5.0,1.0,0.0,209.0,170.0,189.0,190.0,174.16666666666666,19.072668053176866,148.66666666666666,-32.0,180.0,
Lahore,136,112.89388821877432,78.6179429601556,32.17998506590936,21.49122422805118,23.955643358970807,4.027605712642552,26.52809264315725,32.63082112265779,1002.083766584722,4.080111202894864,2026-05-19 17:15:26.999717,17.0,19.0,5.0,1.0,0.0,177.0,165.0,152.0,163.0,171.5,23.415806627148395,147.54166666666666,-41.0,145.0,
Lahore,172,145.28965959206275,101.70409113786285,18.55512392067009,32.62327865650488,28.7070107776368,1.9960147321143724,39.3571673333415,44.06229518422835,998.98159436814,0.7785506171272618,2026-05-19 18:15:26.999717,18.0,19.0,5.0,1.0,0.0,136.0,209.0,172.0,132.0,171.5,23.415806627148395,149.20833333333334,36.0,195.0,
Lahore,188,144.78727596877795,116.8445963469636,53.66271783458363,32.30206019109247,12.995697890516547,3.161041654093888,32.576151441501686,53.7927592184169,998.1379495407816,6.065299880613656,2026-05-19 19:15:26.999717,19.0,19.0,5.0,1.0,0.0,172.0,177.0,170.0,131.0,174.5,24.320773014030763,151.58333333333334,16.0,125.0,
Lahore,158,121.81248589492868,91.8777235407478,45.2455566365668,76.95796968058737,28.62020014785023,3.720376562301317,25.755593693079547,56.98667649394219,996.6890905770376,7.219628829880037,2026-05-19 20:15:26.999717,20.0,19.0,5.0,1.0,0.0,188.0,136.0,165.0,151.0,173.33333333333334,25.02532051076816,151.875,-30.0,113.0,
Lahore,100,85.08830733421752,56.253211552886114,14.260023877983098,38.29587202450392,24.89013084761599,4.500689529605725,17.253670969912847,85.28204416197113,1003.613696342812,0.0700992014581229,2026-05-19 21:15:26.999717,21.0,19.0,5.0,1.0,0.0,158.0,172.0,209.0,116.0,155.16666666666666,32.42478475898758,151.20833333333334,-58.0,154.0,
Lahore,115,93.35747655412824,67.8923170120813,42.50462255699657,61.63204754736098,14.95048269681323,4.2610434640349,22.84903110941832,63.60026184463553,1010.1244651183636,1.1469044824623675,2026-05-19 22:15:26.999717,22.0,19.0,5.0,1.0,0.0,100.0,188.0,177.0,129.0,144.83333333333334,33.92000393081747,150.625,15.0,141.0,
Lahore,147,120.35738137619762,82.31518943615016,42.68282382028102,61.310853603082926,20.54675919465785,3.237390626466018,29.68062184041445,32.70665973122363,997.7689152050888,2.487487723129828,2026-05-19 23:15:26.999717,23.0,19.0,5.0,1.0,0.0,115.0,158.0,136.0,122.0,146.66666666666666,33.643226163176934,151.66666666666666,32.0,134.0,
Lahore,105,85.70294608200248,72.10271953970908,57.81105868218138,24.915813860243105,13.614541195943426,2.247769311727492,22.442154990437253,54.47177780553972,994.752352242202,4.17662744389121,2026-05-20 00:15:26.999717,0.0,20.0,5.0,2.0,0.0,147.0,100.0,172.0,107.0,135.5,34.65688964693752,151.58333333333334,-42.0,132.0,
Lahore,129,105.15347960464072,74.56802704392638,10.151043567808063,47.89022670287991,17.202978838164018,2.7644210153373376,20.97335439378336,54.9894247421442,1001.8870951545822,6.492614673966965,2026-05-20 01:15:26.999717,1.0,20.0,5.0,2.0,0.0,105.0,115.0,188.0,163.0,125.66666666666669,23.286619906432783,150.16666666666666,24.0,120.0,
Lahore,138,103.7676393584446,86.95808393090202,22.39662249029036,72.07271699889861,2.6833437735366106,3.959306570204612,29.23962488037188,87.92945630626708,991.7258604199416,3.5261150251159834,2026-05-20 02:15:26.999717,2.0,20.0,5.0,2.0,0.0,129.0,147.0,158.0,136.0,122.33333333333331,18.715412543320312,150.25,9.0,105.0,
Lahore,109,92.43658853310724,66.44735041823886,56.389573968765774,40.639828959271206,21.19164078371546,4.448954941517629,19.585149339184834,65.9518254612665,1007.5319751532428,3.314205772878045,2026-05-20 03:15:26.999717,3.0,20.0,5.0,2.0,0.0,138.0,105.0,100.0,87.0,123.83333333333331,16.833498349026307,151.16666666666666,-29.0,129.0,
Lahore,133,112.24794996213888,74.87732974759015,56.60669576991416,75.88381305069096,2.5319146900399643,0.9670186767950234,36.61107170977779,68.13906426953633,1002.9589566575484,10.432192125756982,2026-05-20 04:15:26.999717,4.0,20.0,5.0,2.0,0.0,109.0,129.0,115.0,138.0,126.83333333333331,16.54589576501289,150.95833333333334,24.0,120.0,
Lahore,77,60.453046279659866,46.17022645393635,46.02932096853187,21.08436719931212,24.695463460669835,2.2318531812187405,28.077940086251765,72.79518187507625,1002.4093701993212,1.7406076896171152,2026-05-20 05:15:26.999717,5.0,20.0,5.0,2.0,0.0,133.0,138.0,147.0,128.0,115.16666666666669,22.92960240969457,148.83333333333334,-56.0,161.0,
Lahore,129,102.98261525093068,81.32001389655373,48.288166052377,10.561932933052304,24.92346095435617,3.992524692860752,30.494294896991555,76.2023589409274,997.5111344887506,5.945521598068323,2026-05-20 06:15:26.999717,6.0,20.0,5.0,2.0,0.0,77.0,109.0,105.0,167.0,119.16666666666669,22.894686428660066,147.25,52.0,147.0,
Lahore,144,107.5444624872214,85.45869332456846,14.574147896482357,71.8590404858562,7.875241339130223,2.4424329316728244,18.97934822512841,68.10306421214935,1012.6168359382934,11.433896603233633,2026-05-20 07:15:26.999717,7.0,20.0,5.0,2.0,0.0,129.0,133.0,129.0,134.0,121.66666666666669,24.913182588073152,147.66666666666666,15.0,133.0,
Lahore,133,108.97127378008918,85.76556472925513,35.693791738911685,68.57608984716624,10.386220650038208,1.9950249382982768,23.76356106199292,44.23166106803613,992.2621572962388,7.50015898939255,2026-05-20 08:15:26.999717,8.0,20.0,5.0,2.0,0.0,144.0,77.0,138.0,155.0,120.83333333333331,24.334474859069207,146.75,-11.0,151.0,
Lahore,198,161.26028720857073,123.90757696390932,21.57914956444997,79.44424069503836,14.958000978190505,2.350952135704713,26.07242144805113,82.44275486046985,1011.7456002221758,8.606465758733261,2026-05-20 09:15:26.999717,9.0,20.0,5.0,2.0,0.0,133.0,129.0,109.0,175.0,135.66666666666666,38.61433239959836,147.70833333333334,65.0,173.0,
Lahore,143,114.08904491500346,90.39457427329164,19.060902180680863,55.95451160843196,18.30322430104196,3.212801360538579,36.821746423945584,73.92718802463781,999.417630060398,5.174843896687285,2026-05-20 10:15:26.999717,10.0,20.0,5.0,2.0,0.0,198.0,144.0,133.0,189.0,137.33333333333334,38.69194575963674,145.79166666666666,-55.0,160.0,
Lahore,167,139.2217667993525,97.90171613863502,50.51516495616663,75.25159450003622,9.333256190517904,4.999123148602107,35.79430712332612,74.51222910581735,1012.0155878993756,0.2391860054366348,2026-05-20 11:15:26.999717,11.0,20.0,5.0,2.0,0.0,143.0,133.0,77.0,152.0,152.33333333333334,25.982045082454007,146.41666666666666,24.0,160.0,
Lahore,181,143.12961384510032,103.20078776109256,16.751906834027373,67.02117688130832,18.182105734325827,2.718465930970393,21.020391819267395,89.79340435408494,1008.2190364583096,7.753564420406464,2026-05-20 12:15:26.999717,12.0,20.0,5.0,2.0,0.0,167.0,198.0,129.0,172.0,161.0,25.306125740618736,146.79166666666666,14.0,184.0,
Lahore,208,169.22302962946802,121.73206197318602,33.43258184981926,68.33197498400651,9.635825123649669,1.4382251372941726,31.636835203389207,78.15159209179896,992.6042681665508,7.583091377137489,2026-05-20 13:15:26.999717,13.0,20.0,5.0,2.0,0.0,181.0,143.0,144.0,170.0,171.66666666666666,29.79709158066729,148.375,27.0,184.0,
Lahore,149,114.10167830653944,90.3812047033336,56.92891197930165,47.68561778407012,2.6092309110607594,1.2328095887559265,21.57332165984393,79.7490841893092,1010.7884071627338,1.325131637559997,2026-05-20 14:15:26.999717,14.0,20.0,5.0,2.0,0.0,208.0,167.0,133.0,165.0,174.33333333333334,26.13554412417452,147.70833333333334,-59.0,168.0,
Lahore,197,157.48223924562882,120.92893356766176,19.291602778267126,33.67734484375332,1.0732989451253596,0.6905738636438643,41.68267320363663,87.08433094260951,1007.0544208424876,5.545916563495577,2026-05-20 15:15:26.999717,15.0,20.0,5.0,2.0,0.0,149.0,181.0,198.0,209.0,174.16666666666666,25.95701575040308,147.20833333333334,48.0,165.0,
Lahore,169,134.32822871048583,90.54214297619777,58.89967118691173,75.09185544074613,3.933380679634429,3.0146775571324467,40.70734470953351,39.06803999093363,990.8075478228836,10.983947335987803,2026-05-20 16:15:26.999717,16.0,20.0,5.0,2.0,0.0,197.0,208.0,143.0,177.0,178.5,21.50116275925577,146.875,-28.0,173.0,
Lahore,142,114.72653961020472,85.15943399194126,59.71439928805295,37.408788171192086,23.975270304756528,2.950574411699754,30.20814745405676,59.86364258868407,993.3425670527416,2.4610179836637016,2026-05-20 17:15:26.999717,17.0,20.0,5.0,2.0,0.0,169.0,149.0,167.0,136.0,174.33333333333334,26.10491652288268,147.125,-27.0,132.0,
Lahore,163,128.55236535583322,98.59044612661592,37.78085773412015,45.411452543725176,28.881508059116776,1.4235526705113912,33.87036944114186,64.83402141544725,1005.8907013958924,5.533185055609324,2026-05-20 18:15:26.999717,18.0,20.0,5.0,2.0,0.0,142.0,197.0,181.0,172.0,171.33333333333334,26.219585554822803,146.75,21.0,125.0,
Lahore,149,118.54263702164168,88.01227871842224,18.507137008857896,38.45857303438908,13.38201977915536,3.628982329036552,36.63862031963342,49.75654375334746,1006.5650125720072,5.533238222406245,2026-05-20 19:15:26.999717,19.0,20.0,5.0,2.0,0.0,163.0,169.0,208.0,188.0,161.5,20.05741758053624,145.125,-14.0,131.0,
Lahore,126,104.93023585720756,82.05636919507938,25.80524439704478,47.36137354701479,15.86783465004834,3.8349816873335634,34.46695734121241,80.36420063367034,1008.6662858209398,9.72913761777166,2026-05-20 20:15:26.999717,20.0,20.0,5.0,2.0,0.0,149.0,142.0,149.0,158.0,157.66666666666666,24.606232272874905,143.79166666666666,-23.0,133.0,
Lahore,132,103.41617881380893,81.30890037125435,31.22464163382676,40.28788092442454,5.258596903129358,1.6659419242195006,33.89537465922537,75.74517729874341,1008.0061350193746,9.894910443953336,2026-05-20 21:15:26.999717,21.0,20.0,5.0,2.0,0.0,126.0,163.0,197.0,100.0,146.83333333333334,16.94009051530332,145.125,6.0,137.0,
Lahore,117,85.56711449630662,76.7509595404045,25.466211217911145,8.59756689346069,16.979909227724555,2.0484489381338142,40.88095821463726,73.25298447048743,1006.4879988667489,9.111233035960703,2026-05-20 22:15:26.999717,22.0,20.0,5.0,2.0,0.0,132.0,149.0,169.0,115.0,138.16666666666666,16.63029364342881,145.20833333333334,-15.0,154.0,
Lahore,124,107.9479195210271,73.32019739824884,24.03177899382579,71.1536139505774,5.194992158202329,4.957122525562655,31.104314870296648,89.82896638549002,1009.1559725436606,4.385449910259284,2026-05-20 23:15:26.999717,23.0,20.0,5.0,2.0,0.0,117.0,126.0,142.0,147.0,135.16666666666666,17.405937684211914,144.25,7.0,138.0,
Lahore,133,113.30727039345244,84.48738746253463,58.61148546081788,38.329536418682736,18.72521560476607,2.184190105328304,32.180172139114504,45.56288240450343,1004.3771426473094,0.8644431002222412,2026-05-21 00:15:26.999717,0.0,21.0,5.0,3.0,0.0,124.0,132.0,163.0,105.0,130.16666666666666,10.907184176801454,145.41666666666666,9.0,116.0,
Lahore,152,115.13868652447192,99.3753319726376,17.668241370787282,49.17077363805115,28.06450135984476,3.9236075229024574,37.93025626183089,74.12743510052528,996.5197846381112,4.193795726688169,2026-05-21 01:15:26.999717,1.0,21.0,5.0,3.0,0.0,133.0,117.0,149.0,129.0,130.66666666666666,11.961047891663508,146.375,19.0,120.0,
Lahore,98,81.84853902622598,65.3584672463633,46.66639543584312,15.439085206849027,6.675257639788148,2.53726441983473,33.08705343217699,63.08426849435404,1012.809415343268,8.157494415256075,2026-05-21 02:15:26.999717,2.0,21.0,5.0,3.0,0.0,152.0,124.0,126.0,138.0,126.0,18.055470085267817,144.70833333333334,-54.0,103.0,
Lahore,170,133.48512614724328,96.53929203285634,10.020514471958744,5.254088598697935,23.17234782365596,4.070051725374391,34.78918079447311,48.779350949632565,990.4553507732994,8.432958893868918,2026-05-21 03:15:26.999717,3.0,21.0,5.0,3.0,0.0,98.0,133.0,132.0,109.0,132.33333333333334,25.64891160783764,147.25,72.0,127.0,
Lahore,95,77.3174360766553,55.73161961228809,39.80913347011885,23.39675702327322,1.6815702617313972,3.9606045745219154,21.322554527309347,39.63521224338755,999.1640429967872,11.580002513720627,2026-05-21 04:15:26.999717,4.0,21.0,5.0,3.0,0.0,170.0,152.0,117.0,133.0,128.66666666666666,29.5544694871464,145.66666666666666,-75.0,128.0,
Lahore,138,111.87112064506748,81.07417647275102,55.79715019770262,57.84395241000127,11.889419998327009,3.50490211339341,25.024206951106912,83.75303022405282,1008.221757327429,5.443694777324502,2026-05-21 05:15:26.999717,5.0,21.0,5.0,3.0,0.0,95.0,98.0,124.0,77.0,131.0,29.66479394838268,148.20833333333334,43.0,148.0,
Lahore,161,127.6279609984184,99.04627267538164,24.39670470466095,12.439589758465896,4.211706727084763,4.346502558330107,18.97713633422111,65.72732896247072,1000.6789010287418,7.589226995283484,2026-05-21 06:15:26.999717,6.0,21.0,5.0,3.0,0.0,138.0,170.0,133.0,129.0,135.66666666666666,32.14135446222931,149.54166666666666,23.0,133.0,
Lahore,155,120.08117167206802,96.43176777507269,19.27629876288596,73.1665580289851,11.221787806275284,4.726483226949584,28.655666943039748,79.49603025844768,990.6208601870004,6.47029044867038,2026-05-21 07:15:26.999717,7.0,21.0,5.0,3.0,0.0,161.0,95.0,152.0,144.0,136.16666666666666,32.467932897963614,150.0,-6.0,160.0,
Lahore,145,112.5472947384187,82.80553662987131,42.58398974392135,21.126692701713843,6.0325706695276216,3.109924942034377,27.304639818366653,62.72069904009269,991.6495225779054,1.8074227213588483,2026-05-21 08:15:26.999717,8.0,21.0,5.0,3.0,0.0,155.0,138.0,98.0,133.0,144.0,26.54806960967222,150.5,-10.0,188.0,
Lahore,161,124.2190404225938,96.93919256958468,45.63007036491966,20.344521071883182,11.825844713563736,1.5686100825023557,41.92339598554533,43.19862483924118,1006.2159342284572,5.534429665585632,2026-05-21 09:15:26.999717,9.0,21.0,5.0,3.0,0.0,145.0,161.0,170.0,198.0,142.5,24.993999279827182,148.95833333333334,16.0,163.0,
Lahore,162,125.44088895884776,87.10036333921931,44.40152594759907,18.613097121612164,13.10816137711838,2.2938303273983376,31.502633626019648,50.25292878601952,1014.1216149851324,6.538021856267931,2026-05-21 10:15:26.999717,10.0,21.0,5.0,3.0,0.0,161.0,155.0,95.0,143.0,153.66666666666666,9.993331109628476,149.75,1.0,179.0,
Lahore,164,130.86410854975324,105.60972502900944,25.965844001068703,6.048628472852355,9.717142560646632,3.9123757108098194,36.23401022624943,52.89233054841279,1003.7965908958624,11.408995272507102,2026-05-21 11:15:26.999717,11.0,21.0,5.0,3.0,0.0,162.0,145.0,138.0,167.0,158.0,7.042726744663729,149.625,2.0,190.0,
Lahore,196,153.22120005444626,115.03812879661652,22.610120107966544,62.8854101358676,20.042036534720744,3.4289756830574127,24.018396110456663,88.37608875022214,1002.6689454505944,4.398468652907473,2026-05-21 12:15:26.999717,12.0,21.0,5.0,3.0,0.0,164.0,161.0,161.0,181.0,163.83333333333334,17.19786808493042,150.25,32.0,171.0,
Lahore,187,153.0102603285631,112.47931969922249,57.79593999810221,70.62758984339439,27.64670948650838,1.3000925235436194,37.45172394625551,30.33799670288295,997.9581303264068,11.761189237295731,2026-05-21 13:15:26.999717,13.0,21.0,5.0,3.0,0.0,196.0,162.0,155.0,208.0,169.16666666666666,18.798049544212507,149.375,-9.0,184.0,
Lahore,164,138.63623077667967,96.85175143005968,56.16497541349647,51.06220269621492,12.6172658490529,0.7305779351589112,31.60729409516745,89.13996138147041,996.4172668466516,6.507600888289013,2026-05-21 14:15:26.999717,14.0,21.0,5.0,3.0,0.0,187.0,164.0,145.0,149.0,172.33333333333334,15.161354381013194,150.0,-23.0,178.0,
Lahore,192,150.69973379314982,120.93013787506706,32.86583049464102,19.11499862598967,6.577951537775621,3.573327170939292,33.81879295315784,88.82769810658984,990.5246245439072,2.9096309196366903,2026-05-21 15:15:26.999717,15.0,21.0,5.0,3.0,0.0,164.0,196.0,161.0,197.0,177.5,15.795568998931335,149.79166666666666,28.0,176.0,
Lahore,175,141.19702250267687,90.8124677930131,52.30969330771867,26.39584977056598,8.850959987683517,1.629855608132054,22.94963100463527,89.76904743180819,996.8238716910116,2.299972644189693,2026-05-21 16:15:26.999717,16.0,21.0,5.0,3.0,0.0,192.0,187.0,162.0,169.0,179.66666666666666,14.038043548396162,150.04166666666666,-17.0,153.0,
Lahore,178,144.89842555151466,106.71694828837045,32.6161738817148,40.69450230237225,25.766023881394705,2.7485160967807403,29.813236575780586,58.59529073517808,1001.2277610216312,1.700339007122781,2026-05-21 17:15:26.999717,17.0,21.0,5.0,3.0,0.0,175.0,164.0,164.0,142.0,182.0,11.916375287812986,151.54166666666666,3.0,162.0,
Lahore,166,135.16001135459638,99.0709062125115,31.21945090362552,76.57594637174756,17.57755197483429,3.860360476306674,32.11899828216743,87.82853817725999,994.9487445762236,5.435194446881436,2026-05-21 18:15:26.999717,18.0,21.0,5.0,3.0,0.0,178.0,192.0,196.0,163.0,177.0,11.135528725660093,151.66666666666666,-12.0,164.0,
Lahore,129,103.57977633958043,75.13181806204157,17.83814737996473,23.55135288633071,14.19531993690176,3.0320005129535,30.905556247047688,53.73595091098965,992.1836997120356,0.2631171574670787,2026-05-21 19:15:26.999717,19.0,21.0,5.0,3.0,0.0,166.0,175.0,187.0,149.0,167.33333333333334,21.275964529644007,150.83333333333334,-37.0,174.0,
Lahore,126,104.51341209179864,84.23113272817815,31.32030282459864,59.8734427939916,5.339464923758874,0.8748616240030838,39.7102302084633,31.5776664401032,1007.9431966813652,5.340543399778385,2026-05-21 20:15:26.999717,20.0,21.0,5.0,3.0,0.0,129.0,178.0,164.0,126.0,161.0,27.2763633939718,150.83333333333334,-3.0,157.0,
Lahore,146,119.2112447634033,83.16335270572114,36.87084692999035,37.95861674696902,14.042091941389677,1.3351110655259992,39.25336194129895,43.460831182305874,1012.3655067267016,11.860856305871357,2026-05-21 21:15:26.999717,21.0,21.0,5.0,3.0,0.0,126.0,166.0,192.0,132.0,153.33333333333334,22.940502755316256,151.41666666666666,20.0,174.0,
Lahore,137,103.41168788836352,86.0589808861783,11.125216371434323,27.33855112700164,9.076268097364212,1.4869768281391362,41.2165695626755,86.71777469624308,1013.4193017421773,8.0412815486672,2026-05-21 22:15:26.999717,22.0,21.0,5.0,3.0,0.0,146.0,129.0,175.0,117.0,147.0,20.91889098398879,152.25,-9.0,110.0,
Lahore,121,101.14578032194638,74.38126394353041,32.20565025877032,39.19369527665853,28.351730707747127,1.660389141401802,33.02055616218871,30.825881600124,1005.4499682124248,9.117433454404855,2026-05-21 23:15:26.999717,23.0,21.0,5.0,3.0,0.0,137.0,126.0,178.0,124.0,137.5,16.501515081955635,152.125,-16.0,139.0,
Lahore,122,102.03645418633371,79.50759626267758,49.067810919760014,10.34050381559244,26.638033173056208,3.044315263777269,41.24168151339349,62.7596481253785,991.319364564982,1.4280646886191506,2026-05-22 00:15:26.999717,0.0,22.0,5.0,4.0,0.0,121.0,146.0,166.0,133.0,130.16666666666666,9.66264284068688,151.66666666666666,1.0,123.0,
Lahore,146,112.9835694791071,84.26405457611247,44.002302818713495,64.90155281977718,3.433173713017742,2.7678460092142707,37.47690600086154,34.53609533368074,1008.5215657490444,5.677210337881089,2026-05-22 01:15:26.999717,1.0,22.0,5.0,4.0,0.0,122.0,137.0,129.0,152.0,133.0,11.558546621440351,151.41666666666666,24.0,164.0,
Lahore,111,88.98968917723802,62.9351555043812,41.75784944319675,23.24764459872253,15.982951188576044,1.4142201726389405,22.3124677891789,47.18379470565471,992.7523826315472,3.434677212308567,2026-05-22 02:15:26.999717,2.0,22.0,5.0,4.0,0.0,146.0,121.0,126.0,98.0,130.5,14.59794506086424,151.95833333333334,-35.0,107.0,
Lahore,139,114.61664496405535,88.88034953738699,55.477771421860126,59.405909239472784,7.52669201992549,0.8039967955505918,26.54076307788502,35.2855710427132,1006.7437029421956,10.729170335868352,2026-05-22 03:15:26.999717,3.0,22.0,5.0,4.0,0.0,111.0,122.0,146.0,170.0,129.33333333333334,13.336666250104544,150.66666666666666,28.0,111.0,
Lahore,130,102.9534309021032,80.12660654165055,10.9016004912615,10.126127858614604,12.912535596204428,1.2714449201362314,21.436595939103263,81.57171726678338,1009.4841458936968,2.1755096641669502,2026-05-22 04:15:26.999717,4.0,22.0,5.0,4.0,0.0,139.0,146.0,137.0,95.0,128.16666666666666,12.828354012369545,152.125,-9.0,122.0,
Lahore,137,114.96489023883008,74.47531326661621,37.852379309611706,76.63239171242645,26.42859194929224,4.929715906783715,15.11332334242526,65.46424257886235,1008.1466177706618,5.504799925640904,2026-05-22 05:15:26.999717,5.0,22.0,5.0,4.0,0.0,130.0,111.0,121.0,138.0,130.83333333333334,12.703018014105036,152.08333333333334,7.0,99.0,
Lahore,171,148.61936247309683,99.90347492768365,49.36744242048536,19.4761239054274,16.2979210767678,2.608461274061625,20.07731633496653,84.12638794309876,1013.7970951440284,7.056572620147653,2026-05-22 06:15:26.999717,6.0,22.0,5.0,4.0,0.0,137.0,139.0,122.0,161.0,139.0,19.70786644972023,152.5,34.0,139.0,
Lahore,166,128.8700698368251,101.5319132692403,37.06676913506336,71.20565571553104,10.692243507752035,4.403054771159506,15.109635829745644,71.3011919724137,1008.4536571116848,6.168493098942392,2026-05-22 07:15:26.999717,7.0,22.0,5.0,4.0,0.0,171.0,130.0,146.0,155.0,142.33333333333334,22.606783642674024,152.95833333333334,-5.0,134.0,
Lahore,174,132.2947769842311,108.58882110773294,26.19477762901896,65.71049072115758,7.028762269044915,4.319386100009795,34.43563845646323,88.26174787470597,1007.3302444495451,9.962922335644889,2026-05-22 08:15:26.999717,8.0,22.0,5.0,4.0,0.0,166.0,137.0,111.0,145.0,152.83333333333334,19.56953414536664,154.16666666666666,8.0,161.0,
Lahore,191,154.3190929780244,111.20384673403522,16.812528254598895,77.5894943061062,24.209420922788187,2.801838008582932,26.489426038472388,60.59265928562439,996.5435793045776,2.7774380558356846,2026-05-22 09:15:26.999717,9.0,22.0,5.0,4.0,0.0,174.0,171.0,139.0,161.0,161.5,23.36450299064805,155.41666666666666,17.0,172.0,
Lahore,172,141.20781252563071,88.62872005091529,54.37815359080957,40.84179957093122,19.111022445566068,3.6800946880724457,23.439517631102174,68.32263490577247,1013.1192171608976,4.528693325084294,2026-05-22 10:15:26.999717,10.0,22.0,5.0,4.0,0.0,191.0,166.0,130.0,162.0,168.5,17.626684316683043,155.83333333333334,-19.0,209.0,
Lahore,190,150.84566813077615,116.61611592868516,33.53811961938015,59.55479703844637,14.573898352360706,1.3673840468572052,35.56646405957007,64.5785291933434,994.4885967698542,9.50501155888743,2026-05-22 11:15:26.999717,11.0,22.0,5.0,4.0,0.0,172.0,174.0,137.0,164.0,177.33333333333334,10.538817137927028,156.91666666666666,18.0,195.0,
Lahore,173,145.66630331660517,97.69839655028012,53.90575984928507,32.8032992778338,7.307046262026363,3.597785172171087,37.477142914730415,59.055625766796766,1012.6224152868282,6.336856940841658,2026-05-22 12:15:26.999717,12.0,22.0,5.0,4.0,0.0,190.0,191.0,171.0,196.0,177.66666666666666,10.327955589886333,155.95833333333334,-17.0,167.0,
Lahore,186,142.10697100138376,101.51330600938792,39.292606121658416,18.82761785147704,10.69314485055681,1.7257306066848028,41.33308754354676,80.75756192538076,997.8165635836476,4.825408627775488,2026-05-22 13:15:26.999717,13.0,22.0,5.0,4.0,0.0,173.0,172.0,166.0,187.0,181.0,8.944271909998996,155.91666666666666,13.0,161.0,
Lahore,175,143.46459311515807,90.8383703750793,43.70960583075004,38.23069497000866,28.83545937541704,4.244279435393679,32.33436678623151,68.67150814022162,993.2540898469416,0.353310176937978,2026-05-22 14:15:26.999717,14.0,22.0,5.0,4.0,0.0,186.0,190.0,174.0,164.0,181.16666666666663,8.795832346439063,156.375,-11.0,188.0,
Lahore,176,137.77069589620555,109.6699043009887,50.2130577189225,17.431176154134114,16.082608190569196,0.8767585989900946,27.4612818805814,78.07873589132836,1010.6670756817792,9.040625088187312,2026-05-22 15:15:26.999717,15.0,22.0,5.0,4.0,0.0,175.0,173.0,191.0,192.0,178.66666666666666,7.474400756359266,155.70833333333334,1.0,148.0,
Lahore,180,152.59688953103648,108.64308725202484,42.95777723000672,78.6533467089788,12.620279156054336,3.9791240279837488,23.24213614340077,77.18183619614479,990.0623863400208,11.666184935601123,2026-05-22 16:15:26.999717,16.0,22.0,5.0,4.0,0.0,176.0,186.0,172.0,175.0,180.0,6.723094525588433,155.91666666666666,4.0,205.0,
Lahore,145,125.9625767658406,85.87171809643874,29.90274203394689,12.218486835553728,16.121239228101395,0.949716079558788,21.00259164878411,41.46270963931772,1010.8022079420208,7.44344411386212,2026-05-22 17:15:26.999717,17.0,22.0,5.0,4.0,0.0,180.0,175.0,190.0,178.0,172.5,14.237275020171454,154.54166666666666,-35.0,185.0,
Lahore,195,152.16671706108326,123.9451218148138,35.68166919643255,49.19087925894653,23.59066667108865,4.46535156602439,20.74900066303024,69.00981195105862,996.5577960511494,10.278494648265536,2026-05-22 18:15:26.999717,18.0,22.0,5.0,4.0,0.0,145.0,176.0,173.0,166.0,176.16666666666666,16.96368670621644,155.75,50.0,144.0,
Lahore,125,97.2522143204571,78.18662341511536,50.15227623379399,51.98478914405419,10.863159158583194,1.8689203316075167,26.048113117434568,41.97888115088005,1012.1180318188906,6.202508918339113,2026-05-22 19:15:26.999717,19.0,22.0,5.0,4.0,0.0,195.0,180.0,186.0,129.0,166.0,25.845695966640143,155.58333333333334,-70.0,111.0,
Lahore,113,94.697939434899,75.88150021360958,28.68251481864921,45.35596571555407,6.182477507045657,3.4447701417375862,41.778231592774105,64.99922869462625,1007.2869795560396,2.780171585080375,2026-05-22 20:15:26.999717,20.0,22.0,5.0,4.0,0.0,125.0,145.0,175.0,126.0,155.66666666666666,32.94642115111543,155.04166666666666,-12.0,165.0,
Lahore,154,121.26434675105244,85.43632263916501,29.40607283842485,54.66394142838752,17.963147431832386,2.69376025379126,15.023049830809889,70.64608106677804,1006.6545833212648,0.1733052508217456,2026-05-22 21:15:26.999717,21.0,22.0,5.0,4.0,0.0,113.0,195.0,176.0,146.0,152.0,31.41973901864877,155.375,41.0,128.0,
Lahore,141,112.57294391033882,84.42724688023017,14.784505802900055,13.71355812589182,20.290919000950947,2.148364153680525,20.32455922523702,89.8341042952552,999.1329890791212,7.84077921107987,2026-05-22 22:15:26.999717,22.0,22.0,5.0,4.0,0.0,154.0,125.0,180.0,137.0,145.5,28.35313033864164,155.54166666666666,-13.0,150.0,
Lahore,134,107.32694210271204,72.31643312525992,55.72922176108739,46.62638931539683,21.66882208579793,3.404488249325734,20.086610524896493,31.8325186889843,991.4850743472692,5.917306178978936,2026-05-22 23:15:26.999717,23.0,22.0,5.0,4.0,0.0,141.0,113.0,145.0,121.0,143.66666666666666,28.7448546120287,156.08333333333334,-7.0,89.0,
Lahore,132,96.00163421901172,78.05308834072267,14.551815747272087,26.54094283455212,26.57764013221776,4.763853412480571,34.36222610937189,35.47454364682326,1010.7518274551394,9.385177765051218,2026-05-23 00:15:26.999717,0.0,23.0,5.0,5.0,1.0,134.0,154.0,195.0,122.0,133.16666666666666,13.934369977385758,156.5,-2.0,108.0,
Lahore,120,95.93081126952882,70.75692073116662,42.4104588724278,75.51320474757925,11.764049499984278,0.6857138631857984,24.51708764514767,34.62160178227389,994.2725948794132,8.336189009223656,2026-05-23 01:15:26.999717,1.0,23.0,5.0,5.0,1.0,132.0,141.0,125.0,146.0,132.33333333333334,14.651507317224048,155.41666666666666,-12.0,120.0,
Lahore,105,80.55136112967914,66.13306818631536,30.659723940139884,62.15537400797943,3.1852919906378623,4.63483785147397,27.346041723979155,53.901677176004405,999.3064660473688,11.855428418478777,2026-05-23 02:15:26.999717,2.0,23.0,5.0,5.0,1.0,120.0,134.0,113.0,111.0,131.0,16.946976131451986,155.16666666666666,-15.0,124.0,
Lahore,129,100.73438588800114,77.62781940570949,30.28096951277212,77.9385861619807,28.792108925297324,3.2408674475945607,19.01285152268744,79.29530168914883,1005.0088671377272,6.123751000944477,2026-05-23 03:15:26.999717,3.0,23.0,5.0,5.0,1.0,105.0,132.0,154.0,139.0,126.83333333333331,12.703018014104794,154.75,24.0,119.0,
Lahore,120,103.21816001734408,75.11703569139958,43.9775918286342,7.816705230514216,13.61534589568678,4.132914353460736,25.934920049677583,80.64337996722814,1002.0563434640156,5.126097476076112,2026-05-23 04:15:26.999717,4.0,23.0,5.0,5.0,1.0,129.0,120.0,141.0,130.0,123.33333333333331,10.76413798994939,154.33333333333334,-9.0,146.0,
Lahore,161,122.51746552860374,100.11720066569448,13.354686631493935,26.38498813855315,19.07446778052081,2.227437290454249,17.786394921457575,74.2187757432691,994.966515879283,3.4408762732715394,2026-05-23 05:15:26.999717,5.0,23.0,5.0,5.0,1.0,120.0,105.0,134.0,137.0,127.83333333333331,18.77675868372044,155.33333333333334,41.0,120.0,
Lahore,147,121.66602593373987,98.97464338691572,39.68528914757173,19.65669399787617,20.322854370720474,2.623293386769262,29.392168772991745,83.81269450979687,993.5154089220572,5.7223355014952935,2026-05-23 06:15:26.999717,6.0,23.0,5.0,5.0,1.0,161.0,129.0,132.0,171.0,130.33333333333334,20.373184990734025,154.33333333333334,-14.0,147.0,
Lahore,133,105.00518534834096,78.22351672356938,48.60158929861774,5.836594048387288,16.848897552334904,4.409828383105237,17.644335865337112,49.37159665016715,993.0811568062572,10.474457737475063,2026-05-23 07:15:26.999717,7.0,23.0,5.0,5.0,1.0,147.0,120.0,120.0,166.0,132.5,19.735754355990625,152.95833333333334,-14.0,152.0,
Lahore,151,119.40119915752084,85.8948864966681,51.41063789432971,23.174429768474106,6.952468362351833,2.366815864144204,36.34372629167522,35.28927865513795,1011.57519703748,0.5092767095008952,2026-05-23 08:15:26.999717,8.0,23.0,5.0,5.0,1.0,133.0,161.0,105.0,174.0,140.16666666666666,15.36771507631071,152.0,18.0,168.0,
Lahore,173,142.35185948025855,105.03041807658204,18.526519469688765,55.90819876403216,22.899148453368102,2.9059680503708822,30.298246373593216,33.48918167939101,990.7889887265334,11.734800567434265,2026-05-23 09:15:26.999717,9.0,23.0,5.0,5.0,1.0,151.0,147.0,129.0,191.0,147.5,19.034179782696143,151.25,22.0,179.0,
Lahore,160,129.70025647284444,91.98859986430227,54.87095250390868,22.33166916009264,24.30880725481837,0.5908771538794981,34.54713259188496,81.12796317716318,1014.4253564899974,11.919686331693576,2026-05-23 10:15:26.999717,10.0,23.0,5.0,5.0,1.0,173.0,133.0,120.0,172.0,154.16666666666666,13.746514709796932,150.75,-13.0,149.0,
Lahore,160,130.85306498609765,103.40980384218268,42.80730459237211,43.17525841119637,17.036291994505753,1.2136910262711904,26.299942439622463,73.82617766122148,994.9632172596354,7.173856543054821,2026-05-23 11:15:26.999717,11.0,23.0,5.0,5.0,1.0,160.0,151.0,161.0,190.0,154.0,13.652838532700692,149.5,0.0,145.0,
Lahore,184,152.0409233026643,108.98390980527384,54.09274004103414,71.5863586223749,15.168273656960404,3.387589285886599,25.300264917540137,71.91691836066725,992.7580574219768,3.9785304443448166,2026-05-23 12:15:26.999717,12.0,23.0,5.0,5.0,1.0,160.0,173.0,147.0,173.0,160.16666666666666,17.634246983261338,149.95833333333334,24.0,204.0,
Lahore,184,145.5434580840834,107.57211816063004,34.26403585550992,57.03184402618064,4.304207310711574,3.726396054787447,17.65164000431932,50.38058031274013,1004.4242913694198,2.6765876198642857,2026-05-23 13:15:26.999717,13.0,23.0,5.0,5.0,1.0,184.0,160.0,133.0,186.0,168.66666666666666,13.793718377096832,149.875,0.0,186.0,
Lahore,168,131.33881632746125,98.4434213942444,37.1016672548601,34.5971802429524,3.434598183493731,3.1217042155302472,29.14410139015621,52.79431131709357,991.9996489485176,3.317884748218545,2026-05-23 14:15:26.999717,14.0,23.0,5.0,5.0,1.0,184.0,160.0,151.0,175.0,171.5,10.876580344942584,149.58333333333334,-16.0,163.0,
Lahore,165,126.57424736721102,102.5920871173582,55.95191385143356,32.93517041840812,10.847380521342334,1.144895163240248,28.891558451141485,87.48681173395914,1005.0613315790898,0.6012651180596622,2026-05-23 15:15:26.999717,15.0,23.0,5.0,5.0,1.0,168.0,184.0,173.0,176.0,170.16666666666666,11.143009766964148,149.125,-3.0,205.0,
Lahore,173,134.27294735010523,103.01126508384256,54.99547716773359,39.18018605063636,10.014538510004405,2.5043244286002566,27.638755200139343,33.8282846458761,1011.2656661203404,5.701331501800306,2026-05-23 16:15:26.999717,16.0,23.0,5.0,5.0,1.0,165.0,184.0,160.0,180.0,172.33333333333334,9.97329768264528,148.83333333333334,8.0,171.0,
Lahore,132,120.34547212654364,75.99166589934809,32.408043668450105,18.27810807949298,28.656037077934865,2.0979264486343543,34.99399584642613,76.42390421626756,991.1974505366856,0.68789125037287,2026-05-23 17:15:26.999717,17.0,23.0,5.0,5.0,1.0,173.0,168.0,160.0,145.0,167.66666666666666,19.190275315030245,148.29166666666666,-41.0,185.0,
Lahore,125,106.22339790368392,83.32675958811765,23.720631581784087,52.55005755619911,23.725059530859465,2.7304760481578976,37.47761880087357,48.57799942250359,1009.9967151132136,8.621690577311103,2026-05-23 18:15:26.999717,18.0,23.0,5.0,5.0,1.0,132.0,165.0,184.0,195.0,157.83333333333334,23.726918608758744,145.375,-7.0,155.0,
Lahore,131,98.0446281689599,74.31915079669125,29.65852172821321,32.31146143284541,20.137804562512738,4.416480655493425,35.27132122360972,32.34327710475336,999.861936024553,4.463153466394249,2026-05-23 19:15:26.999717,19.0,23.0,5.0,5.0,1.0,125.0,173.0,184.0,125.0,149.0,21.82658928921323,145.625,6.0,187.0,
Lahore,133,99.78771021628216,79.97783037016497,29.388216426487485,68.92740119465327,16.011794581510546,3.991376473963933,18.884375055784783,74.55420664454736,993.9872658457804,2.392376780965958,2026-05-23 20:15:26.999717,20.0,23.0,5.0,5.0,1.0,131.0,132.0,168.0,113.0,143.16666666666666,20.360910261249767,146.45833333333334,2.0,173.0,
Lahore,137,112.00933030859248,85.46153075805115,24.3433437491397,61.741449504336224,5.853658391072889,0.8779527562512153,31.79560675061692,49.85471314070247,994.4024120066864,6.53824269403246,2026-05-23 21:15:26.999717,21.0,23.0,5.0,5.0,1.0,133.0,125.0,165.0,154.0,138.5,17.340703561274573,145.75,4.0,126.0,
Lahore,154,125.93632398688985,84.24332444791463,23.428980216648327,50.788487306912,29.375243493344232,4.50639138998554,17.1687238536174,73.32885112456779,1012.9691135923556,11.685111686916166,2026-05-23 22:15:26.999717,22.0,23.0,5.0,5.0,1.0,137.0,131.0,173.0,141.0,135.33333333333334,9.93310961716763,146.29166666666666,17.0,144.0,
Lahore,138,113.14441917658682,85.20130250702962,53.05314682398597,32.31516669871371,11.87618024896609,2.622952180174206,33.75480176089286,72.45926298708721,992.7651437985166,8.34157258822102,2026-05-23 23:15:26.999717,23.0,23.0,5.0,5.0,1.0,154.0,133.0,132.0,134.0,136.33333333333334,9.831920802501807,146.45833333333334,-16.0,134.0,
Lahore,116,91.52522103223151,64.32446162259775,13.493096034233083,20.74488737551133,4.1008424709701,3.847379651986993,25.30965560715041,62.08721252598691,1011.6695696778914,5.900962201249922,2026-05-24 00:15:26.999717,0.0,24.0,5.0,6.0,1.0,138.0,137.0,125.0,132.0,134.83333333333334,12.286849338486585,145.79166666666666,-22.0,147.0,
Lahore,120,95.3727286999855,76.11391390417,43.88055910497971,63.21138980792171,15.320167975756636,1.1301765406895847,18.57747181918974,76.64238775263293,1003.6061155245905,9.322971591054076,2026-05-24 01:15:26.999717,1.0,24.0,5.0,6.0,1.0,116.0,154.0,131.0,120.0,133.0,13.71130920080216,145.79166666666666,4.0,101.0,
Lahore,103,84.03939762079679,56.98674494040512,18.64100257282261,41.48068242433149,26.34594233677941,3.518237865681716,38.27537313835545,64.8622994502746,990.976404470411,8.849717662787864,2026-05-24 02:15:26.999717,2.0,24.0,5.0,6.0,1.0,120.0,138.0,133.0,105.0,128.0,18.384776310850327,145.70833333333334,-17.0,137.0,
Lahore,127,102.02946503146666,79.6638451592443,27.22529466970316,21.85625286330181,26.731439051542555,1.563467079242561,31.57822515405131,47.19821117089564,1001.6119036429336,10.700825532693525,2026-05-24 03:15:26.999717,3.0,24.0,5.0,6.0,1.0,103.0,116.0,137.0,129.0,126.33333333333331,17.851237118661285,145.625,24.0,149.0,
Lahore,128,91.30349813626232,82.32916533147356,13.077151706741844,19.638096128000463,1.3180115656369704,2.472714037134192,24.577574134583244,74.04691806386515,1010.4362378619076,2.45602737112737,2026-05-24 04:15:26.999717,4.0,24.0,5.0,6.0,1.0,127.0,120.0,154.0,120.0,122.0,11.9833217431564,145.95833333333334,1.0,99.0,
Lahore,148,117.25100184712404,93.10718262816404,23.498681842773102,17.405067837601926,26.7025765977906,0.5758829153694698,15.829633850563487,65.34838895266341,1008.1550696909776,10.306530915104783,2026-05-24 05:15:26.999717,5.0,24.0,5.0,6.0,1.0,128.0,103.0,138.0,161.0,123.66666666666669,14.975535605335494,145.41666666666666,20.0,118.0,
Lahore,133,102.14296782869845,81.05658324119051,48.42105355586211,63.287089715419626,8.873042307495897,1.1822478706871422,29.507376993097484,30.76363690139524,1002.219560442118,3.6123130445003855,2026-05-24 06:15:26.999717,6.0,24.0,5.0,6.0,1.0,148.0,127.0,116.0,147.0,126.5,14.842506526864112,144.83333333333334,-15.0,109.0,
Lahore,160,128.87605709454257,94.84349528535152,54.25076622736293,22.174038897523378,2.1301985550842693,0.914362219056289,39.92709871912828,84.09865066621856,1011.5012469924054,11.291987133901165,2026-05-24 07:15:26.999717,7.0,24.0,5.0,6.0,1.0,133.0,128.0,120.0,133.0,133.16666666666666,19.569534145366585,145.95833333333334,27.0,144.0,
Lahore,188,165.32629501301705,109.91790211832578,21.07635759511836,44.49816976438981,25.58591784052336,1.578848778222163,31.10225548296388,62.73861709945881,993.0091190445056,3.372781787360822,2026-05-24 08:15:26.999717,8.0,24.0,5.0,6.0,1.0,160.0,148.0,103.0,151.0,147.33333333333334,23.69528785785615,147.5,28.0,172.0,
Lahore,163,132.23740832737153,105.15517345408551,33.17739196294609,38.865977072979234,26.05213592365804,0.9500814051094502,41.23456632472632,82.1176359287719,1012.7485263348092,11.122182517952114,2026-05-24 09:15:26.999717,9.0,24.0,5.0,6.0,1.0,188.0,133.0,127.0,173.0,153.33333333333334,22.01514630127776,147.08333333333334,-25.0,195.0,
Lahore,179,141.63235156913802,103.90252389916178,33.51620239686032,48.470817442121295,18.29070131542815,3.613595119788029,18.68418019330238,82.96421033893468,1011.1610302120836,11.56548857356896,2026-05-24 10:15:26.999717,10.0,24.0,5.0,6.0,1.0,163.0,160.0,128.0,160.0,161.83333333333334,20.0341375323886,147.875,16.0,173.0,
Lahore,190,156.60900750988625,108.81466963215,53.67876528798671,70.78661752783957,17.658578961594394,0.6306795599414872,30.344237824060595,56.69799940410531,1007.7069206414308,1.745896289484171,2026-05-24 11:15:26.999717,11.0,24.0,5.0,6.0,1.0,179.0,188.0,148.0,160.0,168.83333333333334,21.516660211721057,149.125,11.0,209.0,
Lahore,171,139.2134394360461,105.92684467516416,48.139952643790274,70.0810542561298,24.58048790602116,3.279832252812491,36.54937629617359,60.459599787073856,1010.4471935532188,11.693998599153396,2026-05-24 12:15:26.999717,12.0,24.0,5.0,6.0,1.0,190.0,163.0,133.0,184.0,175.16666666666666,12.6081983909938,148.58333333333334,-19.0,151.0,
Lahore,184,149.3004724522592,106.41931598406752,35.65386091840249,38.83070538686447,23.802977028598114,1.1331852387150845,29.18959974039433,54.94526326053612,1003.5953876710666,1.0286756211513874,2026-05-24 13:15:26.999717,13.0,24.0,5.0,6.0,1.0,171.0,179.0,160.0,184.0,179.16666666666666,10.457851914550025,148.58333333333334,13.0,145.0,
Lahore,178,145.43425296607836,102.04968251266936,43.53736002358867,6.152468805104248,26.813058729838417,4.753226557300536,17.45879161166176,56.96620651848273,1006.8790607274416,2.622813439350264,2026-05-24 14:15:26.999717,14.0,24.0,5.0,6.0,1.0,184.0,190.0,188.0,168.0,177.5,9.523654760646846,149.0,-6.0,177.0,
Lahore,176,151.08271782414772,98.38197868915115,52.36775269546834,36.98328542857274,17.0296759803044,4.698923328994344,30.73792204177488,83.70882953830366,1004.0149517676944,5.330025370473654,2026-05-24 15:15:26.999717,15.0,24.0,5.0,6.0,1.0,178.0,171.0,163.0,165.0,179.66666666666666,6.592925501373225,149.45833333333334,-2.0,182.0,
Lahore,153,116.74555782337043,89.3854508026974,10.476947701277249,50.46451530681053,29.06176568925145,1.5147639613443318,31.51692345774673,77.28864083807466,998.8857132626988,11.92316838854052,2026-05-24 16:15:26.999717,16.0,24.0,5.0,6.0,1.0,176.0,184.0,179.0,173.0,175.33333333333334,12.769755936064664,148.625,-23.0,168.0,
Lahore,162,131.96816038405726,96.78642488051754,30.14450155250243,46.83235693235464,29.888258097066814,3.2648958420036327,34.67514970883452,37.59154057893468,1004.2215199340294,5.862756613984552,2026-05-24 17:15:26.999717,17.0,24.0,5.0,6.0,1.0,153.0,178.0,190.0,132.0,170.66666666666666,11.37834199989876,149.875,9.0,120.0,
Lahore,164,126.56809435009232,99.61545863830348,55.362158363853936,53.85020793501541,4.379793689960345,0.626023937626063,35.55271090946779,66.61846689240576,996.436633313298,6.60491331814183,2026-05-24 18:15:26.999717,18.0,24.0,5.0,6.0,1.0,162.0,176.0,171.0,125.0,169.5,11.691877522450952,151.5,2.0,152.0,
Lahore,174,141.97756323171126,109.1565312214974,47.01565154219757,16.555679935481262,25.63676902706954,4.693048443730284,35.81086258168639,89.75439842318053,1001.0069792710196,8.333099394283781,2026-05-24 19:15:26.999717,19.0,24.0,5.0,6.0,1.0,164.0,153.0,184.0,131.0,167.83333333333334,9.765585833254502,153.29166666666666,10.0,119.0,
Lahore,157,121.00656744256952,96.83448961832896,37.14206871670373,53.49013240855494,15.49484547470908,2.8534428868626938,32.91299862825208,65.73304207394915,997.019385181506,11.619522699275416,2026-05-24 20:15:26.999717,20.0,24.0,5.0,6.0,1.0,174.0,162.0,178.0,133.0,164.33333333333334,9.136009340333574,154.29166666666666,-17.0,151.0,
Lahore,174,137.1131659319746,103.4456389022341,36.48222635175667,18.69887140578292,12.239423810695133,0.6945041813800055,20.82690203330377,77.15229753558633,993.0721947365348,9.400216801490933,2026-05-24 21:15:26.999717,21.0,24.0,5.0,6.0,1.0,157.0,164.0,176.0,137.0,164.0,8.648699324175617,155.83333333333334,17.0,138.0,
Lahore,110,86.52455042881047,65.0090216181014,27.388504880221888,61.28929855225617,18.77909698659873,2.041249968536618,25.91436540766594,76.14368840287025,998.0465464097476,2.689848053084383,2026-05-24 22:15:26.999717,22.0,24.0,5.0,6.0,1.0,174.0,174.0,153.0,154.0,156.83333333333334,23.92000557413532,154.0,-64.0,106.0,
Lahore,139,116.07908359672356,85.95078734457591,36.026026682075724,30.431570994701,2.6230011605982035,0.845822578375554,35.95550926058876,51.01905155233972,1011.2996804546192,3.635891167972256,2026-05-24 23:15:26.999717,23.0,24.0,5.0,6.0,1.0,110.0,157.0,162.0,138.0,153.0,24.754797514825263,154.04166666666666,29.0,111.0,
Lahore,123,102.99227221971208,80.16285081464284,42.76915997317266,58.242157503609015,15.687372444245316,2.2682499771801194,40.74252855182196,52.31095816223753,999.5270192660576,1.1715388753022928,2026-05-25 00:15:26.999717,0.0,25.0,5.0,0.0,0.0,139.0,174.0,164.0,116.0,146.16666666666666,26.693944381950512,154.33333333333334,-16.0,98.0,
Lahore,164,124.9714131177681,99.031570997416,30.91815192143965,8.589919917958031,26.255826530773334,3.514668539725954,17.131568050588793,73.44458530742419,1008.7000912242218,7.733428369976877,2026-05-25 01:15:26.999717,1.0,25.0,5.0,0.0,0.0,123.0,110.0,174.0,120.0,144.5,24.85759441297571,156.16666666666666,41.0,119.0,
Lahore,107,85.87467055499926,61.85434572894796,45.7076573196087,35.58950191931851,7.190383968030095,2.614504586186478,29.45949030052426,59.99901189629011,994.379946355954,2.168883678470659,2026-05-25 02:15:26.999717,2.0,25.0,5.0,0.0,0.0,164.0,139.0,157.0,103.0,136.16666666666666,28.010117219795248,156.33333333333334,-57.0,142.0,
Lahore,111,85.25210072625414,61.63566999457227,53.061611363019296,57.87758916974995,13.365306948313329,2.226749786237545,23.43810132575627,64.23424254782327,1000.610478979191,3.0888586617523885,2026-05-25 03:15:26.999717,3.0,25.0,5.0,0.0,0.0,107.0,123.0,174.0,127.0,125.66666666666669,22.19609575278215,155.66666666666666,4.0,108.0,
Lahore,122,91.30747544662331,65.97397367793887,17.73424240924306,22.01528872486206,28.24494574373139,1.0362067049320915,21.0856351465544,72.77434742189025,992.8714017333796,10.657363862164525,2026-05-25 04:15:26.999717,4.0,25.0,5.0,0.0,0.0,111.0,164.0,110.0,128.0,127.66666666666669,21.01110817321812,155.41666666666666,11.0,144.0,
Lahore,99,78.11491474787815,62.731348360217616,32.57735114087122,64.64652835979169,13.42835129636522,1.6022257056214535,28.656888455032306,76.65450162234302,993.4655265841872,3.921068103984183,2026-05-25 05:15:26.999717,5.0,25.0,5.0,0.0,0.0,122.0,107.0,139.0,148.0,121.0,22.952124084711823,153.375,-23.0,131.0,
Lahore,139,109.6575860577209,86.28989261819778,30.40100456425405,52.3084799828699,11.392661337639552,0.95064479482258,31.36441219502649,46.29099466398428,1005.4359094972516,6.799760620250004,2026-05-25 06:15:26.999717,6.0,25.0,5.0,0.0,0.0,99.0,111.0,123.0,133.0,123.66666666666669,24.130202375170303,153.625,40.0,134.0,
Lahore,134,119.33358243172762,83.2868176255333,44.37324020248641,49.06713291123487,13.775562795577969,4.133744292454973,15.263850248325994,38.80762556621778,1005.1870454362252,4.770792105470124,2026-05-25 07:15:26.999717,7.0,25.0,5.0,0.0,0.0,139.0,122.0,164.0,160.0,118.66666666666669,15.756480148392155,152.54166666666666,-5.0,147.0,
Lahore,161,130.96479912680348,95.95670276823972,22.49337326289647,31.516164065325285,16.064130229009134,1.1085792259312517,36.06557744943216,47.50767880342352,995.3342976838716,0.888375448870963,2026-05-25 08:15:26.999717,8.0,25.0,5.0,0.0,0.0,134.0,99.0,107.0,188.0,127.66666666666669,21.96057072725282,151.41666666666666,27.0,137.0,
Lahore,172,130.71191249622882,110.23467372945876,42.01254574761381,41.183860278583815,19.3277489798126,3.179180149470021,37.13681754400508,60.452299505524536,1001.86057985722,4.354365958760461,2026-05-25 09:15:26.999717,9.0,25.0,5.0,0.0,0.0,161.0,139.0,111.0,163.0,137.83333333333334,26.3773893072584,151.79166666666666,11.0,154.0,
Lahore,209,164.3761299791453,122.9794075270759,53.8744620865744,49.80119757333898,24.220091226585204,2.0423318611498065,41.06879226333419,50.52847903782235,1011.5826541744487,4.89681843643117,2026-05-25 10:15:26.999717,10.0,25.0,5.0,0.0,0.0,172.0,134.0,122.0,179.0,152.33333333333334,37.50022222156376,153.04166666666666,37.0,147.0,
Lahore,195,161.106916477147,121.77634618603602,30.90657998968113,40.434658543616784,14.110963967165114,1.5169027309483258,19.877380797066763,64.10176553085563,994.355037716912,10.748413222938218,2026-05-25 11:15:26.999717,11.0,25.0,5.0,0.0,0.0,209.0,161.0,99.0,190.0,168.33333333333334,29.90429177671089,153.25,-14.0,215.0,
Lahore,167,144.0422138643496,100.00628552505228,55.550784998961,57.37349929554201,24.706947117614067,3.377607977714467,31.0529191837456,33.20794344753771,990.480263326838,3.893407843756074,2026-05-25 12:15:26.999717,12.0,25.0,5.0,0.0,0.0,195.0,172.0,139.0,171.0,173.0,26.389391808073004,153.08333333333334,-28.0,180.0,
Lahore,161,120.8700834388102,93.5582461766033,59.65818694667392,37.52726998302197,16.47789917921034,2.556510392196233,26.51888508386265,60.58502469682603,1006.2998785165892,4.550893437144815,2026-05-25 13:15:26.999717,13.0,25.0,5.0,0.0,0.0,167.0,209.0,134.0,184.0,177.5,19.917329138215013,152.125,-6.0,165.0,
Lahore,188,141.0003780743048,115.7626515365888,15.304602497397603,20.17048863065228,10.815934800671352,2.300654602780516,24.04035199199447,52.07909441626248,991.3374552022173,9.394761224068011,2026-05-25 14:15:26.999717,14.0,25.0,5.0,0.0,0.0,161.0,195.0,161.0,178.0,182.0,18.43908891458542,152.54166666666666,27.0,182.0,
Lahore,148,127.75482587685892,90.84818059341995,21.65265939924293,21.045033710078545,20.08057401546301,3.167834022014997,30.272103188812626,62.08000529357295,1014.4985059643112,9.107479814539175,2026-05-25 15:15:26.999717,15.0,25.0,5.0,0.0,0.0,188.0,167.0,172.0,176.0,178.0,23.065125189341344,151.375,-40.0,172.0,
Lahore,205,165.9480708868545,124.78486379633463,57.518987574104656,5.4352826632205815,21.81394538756125,2.7107043282050034,36.124343517035854,55.35200129309861,1005.240507094972,9.57942331978189,2026-05-25 16:15:26.999717,16.0,25.0,5.0,0.0,0.0,148.0,161.0,209.0,153.0,177.33333333333334,22.02422908223249,153.54166666666666,57.0,164.0,
Lahore,185,143.65853634061816,111.406392110281,57.91638432406934,27.57182866690044,17.18342029325514,1.865678938482024,15.622425153020671,47.05355103825255,1001.7599088210992,11.445248880912049,2026-05-25 17:15:26.999717,17.0,25.0,5.0,0.0,0.0,205.0,188.0,195.0,162.0,175.66666666666666,20.76214504011221,154.5,-20.0,174.0,
Lahore,144,117.87314543061218,86.21053459141584,14.885363769337925,61.16882303588897,2.641834220906979,3.0157757949436323,41.17380303928704,84.24647432745815,1000.7498135006076,9.54668998073741,2026-05-25 18:15:26.999717,18.0,25.0,5.0,0.0,0.0,185.0,148.0,167.0,164.0,171.83333333333334,24.47379551002782,153.66666666666666,-41.0,169.0,
Lahore,111,75.62126130491562,78.54185996435218,10.749925018856834,64.56220316282071,5.926603379663922,3.5127435944781253,36.8668028140542,41.085899305281416,1004.3267664629232,4.891298438614691,2026-05-25 19:15:26.999717,19.0,25.0,5.0,0.0,0.0,144.0,205.0,161.0,174.0,163.5,35.10413081105977,151.04166666666666,-33.0,135.0,
Lahore,165,132.0168775329858,104.92128322598086,18.05500116282112,20.18506565718125,9.273633905816618,0.6201192136408442,35.28114999843062,70.88193453483358,992.2656109180052,9.858102202777102,2026-05-25 20:15:26.999717,20.0,25.0,5.0,0.0,0.0,111.0,185.0,188.0,157.0,159.66666666666666,33.09179153002545,151.375,54.0,126.0,
Lahore,128,104.03910586421544,80.41413447492755,59.800639169112415,76.92829976535558,9.1961425725933,2.596422780084539,35.5304593188736,85.47868275494486,1013.2504764704872,6.104095585079261,2026-05-25 21:15:26.999717,21.0,25.0,5.0,0.0,0.0,165.0,144.0,148.0,174.0,156.33333333333334,35.42692008440285,149.45833333333334,-37.0,125.0,
Lahore,150,124.62135069768917,90.55899579101694,18.99998083053434,42.68020951100951,20.529203207159245,0.759574780625947,25.504639159703625,62.32019758112598,1005.641051713797,3.332568390222784,2026-05-25 22:15:26.999717,22.0,25.0,5.0,0.0,0.0,128.0,111.0,205.0,110.0,147.16666666666666,26.240553855943503,151.125,22.0,79.0,
Lahore,89,66.13052023853731,58.43578600298334,35.127380336101155,73.7734061763877,1.532111188535345,1.3388243633064998,35.29375487280997,82.58450931476892,994.5994624402728,3.635004817572149,2026-05-25 23:15:26.999717,23.0,25.0,5.0,0.0,0.0,150.0,165.0,185.0,139.0,131.16666666666666,27.78068873636291,149.04166666666666,-61.0,91.0,
Lahore,108,86.8284358070168,67.38997388195726,52.42088632152555,58.00739613962234,22.91477153443608,3.022289303350879,25.442795632279854,37.491088705997065,1004.0645263441164,2.68610866276078,2026-05-26 00:15:26.999717,0.0,26.0,5.0,1.0,0.0,89.0,128.0,144.0,123.0,125.16666666666669,28.33666647061162,148.41666666666666,19.0,147.0,
Lahore,120,91.37287686970208,72.13102376387018,11.020080534410315,59.18250672668098,8.694931769401062,4.397850118695113,39.26508439851941,59.627326215384485,993.3314126458253,1.739915493837041,2026-05-26 01:15:26.999717,1.0,26.0,5.0,1.0,0.0,108.0,150.0,111.0,164.0,126.66666666666669,27.66706827017789,146.58333333333334,12.0,153.0,
Lahore,124,100.47691877837158,72.88217837367041,40.224449112922976,11.378271597955337,9.99063354026697,4.472625556348182,19.78500434927468,57.42151682885636,990.4388179389578,2.213884942243804,2026-05-26 02:15:26.999717,2.0,26.0,5.0,1.0,0.0,120.0,89.0,165.0,107.0,119.83333333333331,20.41976167017353,147.29166666666666,4.0,118.0,
Lahore,119,90.72326838818488,70.99541331168655,23.85127244348121,21.4993345172698,16.309385010373802,0.8147480456238407,22.89338045380909,30.48712842221969,1005.76292463035,0.7581365994458324,2026-05-26 03:15:26.999717,3.0,26.0,5.0,1.0,0.0,124.0,108.0,128.0,111.0,118.33333333333331,20.02664891255372,147.625,-5.0,139.0,
Lahore,146,114.7594958041989,71.74787132060972,53.11674582198658,5.661112497085448,7.261842427229768,2.38597288829018,29.886113652875054,56.59544048156007,1006.2120835467532,10.661410379188636,2026-05-26 04:15:26.999717,4.0,26.0,5.0,1.0,0.0,119.0,120.0,150.0,122.0,117.66666666666669,18.790068298616948,148.625,27.0,140.0,
Lahore,120,91.02092302604883,73.0530041964882,24.17305746320396,58.70957303575531,26.6496680936903,3.1235291735204807,23.61869796895636,52.141785382955874,1004.5924145700852,11.17209371578948,2026-05-26 05:15:26.999717,5.0,26.0,5.0,1.0,0.0,146.0,124.0,89.0,99.0,122.83333333333331,12.560520159081246,149.5,-26.0,203.0,
Lahore,147,120.85568120911827,85.7576195994482,44.33778601409544,30.83287163213825,3.475694600470393,1.1618145704765452,26.45440562297238,70.18792366647692,994.5870801090006,7.041244709926746,2026-05-26 06:15:26.999717,6.0,26.0,5.0,1.0,0.0,120.0,119.0,108.0,139.0,129.33333333333334,13.411437904515765,149.83333333333334,27.0,172.0,
Lahore,152,125.89225558328332,99.16334999141442,43.71098162236984,63.99893870572601,13.887088506730882,3.9444449753514728,28.295412613762057,86.29978671459111,1005.0857464623692,10.08587467930422,2026-05-26 07:15:26.999717,7.0,26.0,5.0,1.0,0.0,147.0,146.0,120.0,134.0,134.66666666666666,15.200877167672882,150.58333333333334,5.0,147.0,
Lahore,168,133.22689715021295,100.89672035405876,21.074677442982,30.42021649527697,25.63324581419181,3.849058662967576,38.12154041796474,35.14746529572219,991.412773523113,2.2028532318377656,2026-05-26 08:15:26.999717,8.0,26.0,5.0,1.0,0.0,152.0,120.0,124.0,161.0,142.0,19.131126469709177,150.875,16.0,138.0,
Lahore,179,143.39118997480017,101.45518290232518,11.739959993417504,66.45003142241458,18.85947293821584,4.565034561680576,29.126190847434707,49.64858320287739,1005.230958889298,10.820085902723822,2026-05-26 09:15:26.999717,9.0,26.0,5.0,1.0,0.0,168.0,147.0,119.0,172.0,152.0,20.34698994937581,151.16666666666666,11.0,133.0,
Lahore,149,111.95704292683229,89.1505992293594,30.462478689269865,14.802369031123476,9.47755595943637,0.5381870543754936,24.78641591259313,56.64388424365512,1003.8504254776904,6.0763387155661,2026-05-26 10:15:26.999717,10.0,26.0,5.0,1.0,0.0,179.0,152.0,146.0,209.0,152.5,20.206434618705003,148.66666666666666,-30.0,175.0,
Lahore,145,114.50161675996608,81.76939457468748,24.45965759829349,18.002986756813115,13.202046025517362,1.475079097950512,21.688876428948127,57.311122682063,1006.3813707709776,0.805979911266661,2026-05-26 11:15:26.999717,11.0,26.0,5.0,1.0,0.0,149.0,168.0,120.0,195.0,156.66666666666666,13.691846722289284,146.58333333333334,-4.0,161.0,
Lahore,204,162.9489769147913,124.76703707856232,50.44888748068543,30.56574046879524,21.49413702993293,4.222340214103948,26.034251427389325,76.48858325053523,1012.38689014381,1.6957529339299224,2026-05-26 12:15:26.999717,12.0,26.0,5.0,1.0,0.0,145.0,179.0,147.0,167.0,166.16666666666666,22.5514227193465,148.125,59.0,150.0,
Lahore,186,161.9039654551499,113.05473682169742,50.018209422767264,35.6365541661705,29.22456155755308,3.517610228721209,28.924874819187988,56.60373995000645,1011.2589526309883,3.707717529441806,2026-05-26 13:15:26.999717,13.0,26.0,5.0,1.0,0.0,204.0,149.0,152.0,161.0,171.83333333333334,22.55142271934641,149.16666666666666,-18.0,166.0,
Lahore,163,124.8401648711292,102.58919815554134,32.85119760963127,31.15271081322338,26.90102283300357,4.5247543416432086,35.145101144487384,31.6296780872192,1014.5163547890636,0.5226909642570172,2026-05-26 14:15:26.999717,14.0,26.0,5.0,1.0,0.0,186.0,145.0,168.0,188.0,171.0,22.81227739617392,148.125,-23.0,156.0,
Lahore,205,171.3208861937622,119.04559104152716,40.32561126616095,62.27352743924149,10.930551443088929,0.7573084453861993,18.268316956653145,72.60624567556988,1014.4060258234144,3.7115205362093233,2026-05-26 15:15:26.999717,15.0,26.0,5.0,1.0,0.0,163.0,204.0,179.0,148.0,175.33333333333334,26.763158757266503,150.5,42.0,208.0,
Lahore,171,141.78429386732904,102.77004048114073,40.21297579934626,12.271354447003604,29.947738499347867,3.1863378457239926,20.98344808245708,83.0897817087403,1009.3079923343438,0.7191651974267015,2026-05-26 16:15:26.999717,16.0,26.0,5.0,1.0,0.0,205.0,186.0,149.0,205.0,179.0,23.77393530739035,149.08333333333334,-34.0,186.0,
Lahore,185,149.4031820224507,104.17489102286684,51.35790742138117,31.341276472886605,1.10163524240069,3.0607095870215337,25.250658428454177,60.83428275298037,1013.9104905544432,2.832331262313902,2026-05-26 17:15:26.999717,17.0,26.0,5.0,1.0,0.0,171.0,163.0,145.0,185.0,185.66666666666663,16.966633922691997,149.08333333333334,14.0,161.0,
Lahore,155,132.79310242097566,96.50747390962356,31.25012070615988,67.79299996365945,1.8012629184440376,0.6605348736223957,24.730756938226897,64.86651130191032,1011.6820971472278,3.188037070277299,2026-05-26 18:15:26.999717,18.0,26.0,5.0,1.0,0.0,185.0,205.0,204.0,144.0,177.5,18.130085493454867,149.54166666666666,-30.0,183.0,
Lahore,187,151.46052736303432,114.7943559022006,23.772333989525453,10.009780794662898,24.89137493996462,2.810849346106176,25.57719836534072,39.776186338142764,1008.1895612473744,11.932427716401529,2026-05-26 19:15:26.999717,19.0,26.0,5.0,1.0,0.0,155.0,171.0,186.0,111.0,177.66666666666666,18.22818330680952,152.70833333333334,32.0,147.0,
Lahore,173,140.34579597833965,106.27902510513783,23.251745907027374,75.67576307535181,6.784417918158509,3.242841400894659,36.42507414528876,43.238756680737424,991.884606366094,2.8265600851639734,2026-05-26 20:15:26.999717,20.0,26.0,5.0,1.0,0.0,187.0,185.0,163.0,165.0,179.33333333333334,17.03721416977106,153.04166666666666,-14.0,120.0,
Lahore,126,100.53439673491228,75.6080951567847,36.809613964110206,78.97376317040097,2.762308783490985,1.3608192839094826,23.75216887997868,44.11021434747671,991.2262472067472,2.870237387262964,2026-05-26 21:15:26.999717,21.0,26.0,5.0,1.0,0.0,173.0,155.0,205.0,128.0,166.16666666666666,22.78961751909536,152.95833333333334,-47.0,161.0,
Lahore,144,121.31784441209314,88.47386445394395,32.45741013661063,11.642613036881006,7.877294123858564,1.729983124060983,28.551250870871947,55.84451849287772,1010.9399891876444,8.24146762030062,2026-05-26 22:15:26.999717,22.0,26.0,5.0,1.0,0.0,126.0,187.0,171.0,150.0,161.66666666666666,24.26245384677036,152.70833333333334,18.0,136.0,
Lahore,134,112.68234616905444,88.42169554154297,32.00603854924681,26.84543916918028,13.356904465444948,3.381563058339817,31.845489887163204,85.68871325373853,1002.2413964467924,10.312289742197423,2026-05-26 23:15:26.999717,23.0,26.0,5.0,1.0,0.0,144.0,173.0,185.0,89.0,153.16666666666666,23.370208956418605,154.58333333333334,-10.0,100.0,
Lahore,147,114.47161356251894,86.77452871478994,14.55686695448536,32.930049952651714,22.18642184256874,2.6073542641998126,21.26882085495734,61.307086002893165,1010.365167109373,4.644664951225039,2026-05-27 00:15:26.999717,0.0,27.0,5.0,2.0,0.0,134.0,126.0,155.0,108.0,151.83333333333334,23.472679154000925,156.20833333333334,13.0,116.0,
Lahore,101,74.20376402700617,61.29322591855042,45.93018703450978,63.22935264895445,19.10573026998496,4.361061459057471,34.40477545298355,41.52585871208116,997.8229567663803,10.50741623928831,2026-05-27 01:15:26.999717,1.0,27.0,5.0,2.0,0.0,147.0,144.0,187.0,120.0,137.5,23.956210050840987,155.41666666666666,-46.0,103.0,
Lahore,137,108.58509681302172,76.76936850409295,20.68683439909553,49.69451090875504,7.891015309252192,2.0407179470413475,29.772005632933585,45.96526415213698,999.9412464580752,4.081704248973086,2026-05-27 02:15:26.999717,2.0,27.0,5.0,2.0,0.0,101.0,134.0,173.0,124.0,131.5,16.694310408040806,155.95833333333334,36.0,95.0,
Lahore,149,115.19980717801177,85.05869519200833,19.847681510436068,53.32742753694255,15.594842994916949,1.6999684627469052,27.06309140184721,53.04090178363106,1007.5046680252984,2.364190555380232,2026-05-27 03:15:26.999717,3.0,27.0,5.0,2.0,0.0,137.0,147.0,126.0,119.0,135.33333333333334,17.783887838903027,157.20833333333334,12.0,146.0,
Lahore,99,78.88237712692323,59.88906646546653,30.63791601386968,61.81323671138795,27.86020905655849,4.9318967315517925,36.86416872193448,67.39553854156796,1012.8831684233024,3.955665891932682,2026-05-27 04:15:26.999717,4.0,27.0,5.0,2.0,0.0,149.0,101.0,144.0,146.0,127.83333333333331,22.310685033559352,155.25,-50.0,172.0,
Lahore,118,100.58719067342072,76.31966773350953,21.38891708089007,13.84842495777693,24.63522553252897,4.600110965585375,21.574371997999915,56.40198918024032,992.194036861972,7.312276487135908,2026-05-27 05:15:26.999717,5.0,27.0,5.0,2.0,0.0,99.0,137.0,134.0,120.0,125.16666666666669,22.38228466146143,155.16666666666666,19.0,113.0,
Lahore,109,84.91349172456606,64.11859587874213,39.19291336540077,67.49070926826968,10.372503760122008,0.6304673524954094,38.845751206586726,53.546690650615496,1011.5369536158652,4.405717911744885,2026-05-27 06:15:26.999717,6.0,27.0,5.0,2.0,0.0,118.0,149.0,147.0,147.0,118.83333333333331,20.242694155341496,153.58333333333334,-9.0,161.0,
Lahore,144,114.98588309344213,85.22041735343937,28.573166966723576,57.9214853135108,29.485672279315192,3.9682787688795456,30.148315854901,63.88371602393968,1009.825318121984,8.074725647871466,2026-05-27 07:15:26.999717,7.0,27.0,5.0,2.0,0.0,109.0,99.0,101.0,152.0,126.0,20.27806696901912,153.25,35.0,136.0,
Lahore,172,137.89011367404197,101.16557377747812,32.44558612963951,48.300629389727774,21.5499916126188,0.9965064822134132,31.44772174325077,44.51009969726793,997.8884817682464,2.843230553069789,2026-05-27 08:15:26.999717,8.0,27.0,5.0,2.0,0.0,144.0,118.0,137.0,168.0,131.83333333333334,27.737459628932967,153.41666666666666,28.0,148.0,
Lahore,195,160.24215441102643,114.3262166457784,36.85846608020144,71.73015010872925,2.811031314336672,0.6236833767321692,38.626592032561454,34.73419635507493,998.880415353289,8.411914727869785,2026-05-27 09:15:26.999717,9.0,27.0,5.0,2.0,0.0,172.0,109.0,149.0,179.0,139.5,37.91965189713657,154.08333333333334,23.0,153.0,
Lahore,173,127.16555333007696,105.2748572785441,20.17677612409024,57.52297654128554,2.0196606853705217,1.73162982184857,37.07473257193208,31.46485888933333,991.1615369305478,4.1692603589816,2026-05-27 10:15:26.999717,10.0,27.0,5.0,2.0,0.0,195.0,144.0,99.0,149.0,151.83333333333334,33.93768799825157,155.08333333333334,-22.0,154.0,
Lahore,209,164.16649852617354,117.91371177410676,17.78758114327649,20.127497197326903,5.88383052129087,1.7120564557749691,31.24217585819131,45.07554980802762,990.393515277918,5.470420459223214,2026-05-27 11:15:26.999717,11.0,27.0,5.0,2.0,0.0,173.0,172.0,118.0,145.0,167.0,36.06105932997515,157.75,36.0,177.0,
Lahore,151,121.85641846139735,97.00469788333363,54.02109514368024,37.230903580675005,22.107820173454257,4.186934430561341,35.33606800390071,35.49552204866812,1001.9251531589432,6.692941685314751,2026-05-27 12:15:26.999717,12.0,27.0,5.0,2.0,0.0,209.0,195.0,109.0,204.0,174.0,24.8997991959771,155.54166666666666,-58.0,162.0,
Lahore,145,122.00039478213432,83.6728885093527,31.68618514157105,42.05321502018,6.328428849430409,3.698002606742758,26.69962623628821,50.18043831124601,992.3884911374328,8.234700038231924,2026-05-27 13:15:26.999717,13.0,27.0,5.0,2.0,0.0,151.0,173.0,144.0,186.0,174.16666666666666,24.66103539324025,153.83333333333334,-6.0,185.0,
Lahore,177,139.14048776246898,109.80951742719073,30.60468048162696,9.141322006280424,15.833116307056171,4.9172424229940646,29.77919934449315,76.37601242158533,994.8500453603804,2.8645643021848044,2026-05-27 14:15:26.999717,14.0,27.0,5.0,2.0,0.0,145.0,209.0,172.0,163.0,175.0,24.65765601187552,154.41666666666666,32.0,177.0,
Lahore,182,136.21723646979063,102.85000701303062,11.780607513642074,76.59781350200419,3.7045434852441206,3.7018080514031833,16.6758936911298,72.9776598292103,1011.1691799881664,10.031346448929725,2026-05-27 15:15:26.999717,15.0,27.0,5.0,2.0,0.0,177.0,151.0,195.0,205.0,172.83333333333334,23.068737864622104,153.45833333333334,5.0,169.0,
Lahore,168,137.49855722983068,104.14420065273109,34.898815129369666,14.643294559765886,27.70569857707566,2.382149989652216,17.426163786001265,66.65565736728172,1004.2757097812612,8.662112997062877,2026-05-27 16:15:26.999717,16.0,27.0,5.0,2.0,0.0,182.0,145.0,173.0,171.0,172.0,23.1516738055801,153.33333333333334,-14.0,150.0,
Lahore,120,92.82318805587184,75.35972303907249,37.70848608055,57.30959504200452,10.97485779392346,3.645174474253476,37.39448591303096,81.15001463276872,1005.8408109316528,2.809175028287993,2026-05-27 17:15:26.999717,17.0,27.0,5.0,2.0,0.0,168.0,177.0,209.0,185.0,157.16666666666666,23.21565563723464,150.625,-48.0,150.0,
Lahore,152,115.6516667045482,93.12101036002947,37.94204354773332,42.967327706816015,27.335829640258293,4.997565802338809,16.61113470342741,46.9240574726566,994.686983270798,11.699694751234924,2026-05-27 18:15:26.999717,18.0,27.0,5.0,2.0,0.0,120.0,182.0,151.0,155.0,157.33333333333334,23.16606713852536,150.5,32.0,169.0,
Lahore,119,92.07827305143388,66.42785739100103,45.35155846614422,6.922418741331694,28.401393615405784,3.695638471531376,19.5737763920804,83.10322518179794,1010.7165451113603,7.977563892365501,2026-05-27 19:15:26.999717,19.0,27.0,5.0,2.0,0.0,152.0,168.0,145.0,187.0,153.0,27.88548009269343,147.66666666666666,-33.0,155.0,
Lahore,151,119.87737321172077,91.84774094799036,18.874091749550587,74.35606068982713,1.177730772096743,3.927566101911432,36.48748179166192,53.95435018015076,1011.6994943109936,5.429122637600467,2026-05-27 20:15:26.999717,20.0,27.0,5.0,2.0,0.0,119.0,120.0,177.0,173.0,148.66666666666666,25.311394008759624,146.75,32.0,118.0,
Lahore,138,107.37627667730894,76.88471907632805,22.61115671153094,68.88776066141999,14.45992042876323,4.722642568356167,15.03094066696292,54.0535990959976,1003.083189842826,1.890327906642196,2026-05-27 21:15:26.999717,21.0,27.0,5.0,2.0,0.0,151.0,152.0,182.0,126.0,141.33333333333334,19.40790217067984,147.25,-13.0,133.0,
Lahore,106,73.77216971450467,62.33618372451907,50.53652326152064,44.31934459278767,1.7150256154998935,1.011430675902575,22.62491687883833,54.32109681753129,1012.8139442969664,6.398652027697577,2026-05-27 22:15:26.999717,22.0,27.0,5.0,2.0,0.0,138.0,119.0,168.0,144.0,131.0,18.86796226411379,145.66666666666666,-32.0,140.0,
Lahore,111,93.28533098443567,71.74706550477663,57.3585308421697,22.170675210458395,27.35209022278427,3.6715293205147694,30.769043761318787,35.885661974458884,1011.1207156238644,1.9773106419254185,2026-05-27 23:15:26.999717,23.0,27.0,5.0,2.0,0.0,106.0,151.0,120.0,134.0,129.5,20.22622060593682,144.70833333333334,5.0,88.0,
Lahore,98,84.77437520639361,62.78350963535371,16.79663736836603,14.121716801007068,16.0338187973027,4.32862681085352,31.077148149671007,88.52942989986335,1008.283104416861,5.153900144374125,2026-05-28 00:15:26.999717,0.0,28.0,5.0,3.0,0.0,111.0,138.0,152.0,147.0,120.5,20.22622060593702,142.66666666666666,-13.0,130.0,
Lahore,119,98.45760995669752,71.47591471270216,34.88247772526091,32.2544359574095,3.173376368256408,4.7947037009940185,35.983128522195784,38.31040666950955,1008.3518978923408,4.904550272874227,2026-05-28 01:15:26.999717,1.0,28.0,5.0,3.0,0.0,98.0,106.0,119.0,101.0,120.5,20.22622060593702,143.41666666666666,21.0,107.0,
Lahore,142,107.91157164787592,80.3259671203858,20.708812636979346,24.157121078456782,4.198025120020439,1.4493618037026472,28.660008871288603,50.45314346815107,992.6348368487716,8.639275732169523,2026-05-28 02:15:26.999717,2.0,28.0,5.0,3.0,0.0,119.0,111.0,151.0,137.0,119.0,17.686152775548237,143.625,23.0,134.0,
Lahore,108,85.39254233026242,68.02793856087096,13.003658417749122,43.0018400754724,12.121761710289432,2.7676805347590987,28.7538504773362,49.15801921960543,996.7709009423916,2.3085981746909976,2026-05-28 03:15:26.999717,3.0,28.0,5.0,3.0,0.0,142.0,98.0,138.0,149.0,114.0,15.323185047503571,141.91666666666666,-34.0,112.0,
Lahore,144,115.16739342385272,86.49690618849012,26.27516690630677,77.48069720925717,28.2667915933138,3.562496814400168,34.58338553959891,34.480765969002576,991.671180495442,9.86245625845015,2026-05-28 04:15:26.999717,4.0,28.0,5.0,3.0,0.0,108.0,119.0,106.0,99.0,120.33333333333331,18.81134409516497,143.79166666666666,36.0,98.0,
Lahore,131,107.79397194780957,66.99842200884788,17.18438125921064,48.12151199222311,21.094365395474345,1.6136047827560185,28.462860508189657,39.1356078067126,990.2170302306578,3.9135879241939895,2026-05-28 05:15:26.999717,5.0,28.0,5.0,3.0,0.0,144.0,142.0,111.0,118.0,123.66666666666669,18.59749087018716,144.33333333333334,-13.0,109.0,
Lahore,134,110.5417024435904,84.31314913158258,45.49665367171232,71.74482919175735,26.16094711948484,3.202127884626233,31.42925933721765,32.69150017112315,993.9577382845978,5.3278635236253,2026-05-28 06:15:26.999717,6.0,28.0,5.0,3.0,0.0,131.0,108.0,98.0,109.0,129.66666666666666,13.866025626209169,145.375,3.0,150.0,
Lahore,147,113.92913100610753,88.07883583065154,36.68627068357222,53.81591281218329,11.62724274385941,1.6591045212409972,39.23989984288637,47.5442696136308,1012.0121795661736,9.26809170664611,2026-05-28 07:15:26.999717,7.0,28.0,5.0,3.0,0.0,134.0,144.0,119.0,144.0,134.33333333333334,14.264174237111837,145.5,13.0,155.0,
Lahore,137,110.0099777820678,88.21225623991536,17.191723549515544,40.64348949404003,2.253197286949951,2.000556592392413,25.839177205534043,81.99941544173439,995.9968514759012,7.504708796562177,2026-05-28 08:15:26.999717,8.0,28.0,5.0,3.0,0.0,147.0,131.0,142.0,172.0,133.5,13.867227552759749,144.04166666666666,-10.0,140.0,
Lahore,154,125.4864020230762,86.92364740578597,10.462079420275716,69.09556720500284,29.255211478928008,2.486834134298893,25.398376914819,50.36653234424307,1014.253849064793,3.696304221623248,2026-05-28 09:15:26.999717,9.0,28.0,5.0,3.0,0.0,137.0,134.0,108.0,195.0,141.16666666666666,8.704405015087387,142.33333333333334,17.0,178.0,
Lahore,147,124.87911161073384,72.31648093402,50.40785245121064,40.35260826297481,1.4980167292087168,2.8813554443595515,15.095822780348826,37.42150992404275,1004.93227498903,4.634435094550572,2026-05-28 10:15:26.999717,10.0,28.0,5.0,3.0,0.0,154.0,147.0,144.0,173.0,141.66666666666666,8.981462390205616,141.25,-7.0,138.0,
Lahore,215,175.52253269912362,130.39541929172591,18.809720308212377,70.14711278827707,28.48189793935158,2.522146422313178,31.56250906107326,68.74163210303507,995.9314621908673,3.669441767875322,2026-05-28 11:15:26.999717,11.0,28.0,5.0,3.0,0.0,147.0,137.0,131.0,209.0,155.66666666666666,29.971097188235618,141.5,68.0,175.0,
Lahore,180,147.9452834368776,109.45781838340986,40.310832111038295,26.868257718182395,11.691645291625196,2.7193798390456814,15.803841499992563,89.79605472329463,1002.4282700871054,7.137242007325886,2026-05-28 12:15:26.999717,12.0,28.0,5.0,3.0,0.0,215.0,154.0,134.0,151.0,163.33333333333334,29.19360660601321,142.70833333333334,-35.0,155.0,
Lahore,165,132.41913313964682,90.54664186196774,26.84609565383728,14.660980532224109,1.292621745634564,1.8436494032973167,28.61200922266454,43.939427371915656,995.4773705675028,3.991494398482077,2026-05-28 13:15:26.999717,13.0,28.0,5.0,3.0,0.0,180.0,147.0,147.0,145.0,166.33333333333334,28.083209693100528,143.54166666666666,-15.0,166.0,
Lahore,182,152.6522957260175,104.30750227066696,39.274296915751776,69.14858482722038,20.98555972001074,1.2153429231018378,36.71431230387012,46.77426032223417,1014.5993389545594,8.708372337397691,2026-05-28 14:15:26.999717,14.0,28.0,5.0,3.0,0.0,165.0,215.0,137.0,177.0,173.83333333333334,24.45744603728379,143.75,17.0,179.0,
Lahore,172,139.64881397979747,116.97608871859951,25.782681349116203,49.05613728445001,29.43566881690927,0.7130748979707775,29.847868904030904,88.31082325684731,1011.181624597624,6.957445903004713,2026-05-28 15:15:26.999717,15.0,28.0,5.0,3.0,0.0,182.0,180.0,154.0,182.0,176.83333333333334,22.56915298957065,143.33333333333334,-10.0,157.0,
Lahore,164,126.89456044913216,96.87194692923096,14.346978034612707,71.68192986867201,29.003145962290183,1.3819042512125046,22.280176460850253,40.72657725302923,990.6559697195582,1.7484793409701078,2026-05-28 16:15:26.999717,16.0,28.0,5.0,3.0,0.0,172.0,165.0,147.0,168.0,179.66666666666666,18.83259585576676,143.16666666666666,-8.0,161.0,
Lahore,174,146.21684985062598,108.05479488188108,21.14750042788768,75.33704052442874,5.667173324870134,3.1187463867760234,36.226547379133024,60.67284404754983,1013.6944007866869,3.723223424158589,2026-05-28 17:15:26.999717,17.0,28.0,5.0,3.0,0.0,164.0,182.0,215.0,120.0,172.83333333333334,7.440878084382898,145.41666666666666,10.0,182.0,
Lahore,169,138.68951636269514,98.14670086315807,19.40292832395378,9.022129277858689,6.256186375918494,4.037519515114095,22.282359110228548,44.37912798096569,1008.0266276825722,2.657369302921869,2026-05-28 18:15:26.999717,18.0,28.0,5.0,3.0,0.0,174.0,172.0,180.0,152.0,171.0,6.6332495807096565,146.125,-5.0,142.0,
Lahore,135,105.78477989435758,70.54848550573422,31.4009676219822,42.572697639415125,17.40062852397014,1.2616141884930254,34.79185808553926,85.94111387407463,992.059531300532,4.683758550617824,2026-05-28 19:15:26.999717,19.0,28.0,5.0,3.0,0.0,169.0,164.0,165.0,119.0,166.0,16.30950643029977,146.79166666666666,-34.0,162.0,
Lahore,126,98.4025351630038,74.74870876602047,42.91418917130787,33.12234118058969,19.481839966421408,0.988499109976918,31.476978290136245,88.89126087457764,1006.7659436581612,6.191809034512357,2026-05-28 20:15:26.999717,20.0,28.0,5.0,3.0,0.0,135.0,174.0,182.0,151.0,156.66666666666666,20.74287026104789,145.75,-9.0,115.0,
Lahore,125,101.48287772570382,73.67197719856948,23.19030374731788,51.93937978025878,22.443119496310104,3.871806622471626,19.58990001219604,78.88187076720092,1006.1731674491422,6.081154287409318,2026-05-28 21:15:26.999717,21.0,28.0,5.0,3.0,0.0,126.0,169.0,172.0,138.0,148.83333333333334,22.586869341869235,145.20833333333334,-1.0,141.0,
Lahore,79,65.51592397633793,45.40060880665814,10.603496765030895,64.51933979017426,6.250460453692278,1.873212487417804,39.43861462079302,48.88702894876863,995.4697186451896,9.054284118759467,2026-05-28 22:15:26.999717,22.0,28.0,5.0,3.0,0.0,125.0,135.0,164.0,106.0,134.66666666666666,34.62176579359705,144.08333333333334,-46.0,154.0,
Lahore,91,73.78646132815602,54.02679582246804,35.94686821323785,26.044266198077672,28.8112055161686,4.781747476523086,20.41737943984428,54.2092485168303,1008.9611675001894,2.270062363220512,2026-05-28 23:15:26.999717,23.0,28.0,5.0,3.0,0.0,79.0,126.0,174.0,111.0,120.83333333333331,32.26401504256251,143.25,12.0,72.0,
Lahore,147,119.15654336721444,89.52134135822818,40.2879744679486,46.75987882798788,19.5234384323879,3.714430867746679,41.718851001798086,44.53834101998528,992.1766175828242,11.357673951569362,2026-05-29 00:15:26.999717,0.0,29.0,5.0,4.0,0.0,91.0,125.0,169.0,98.0,117.16666666666669,26.415273359681585,145.29166666666666,56.0,104.0,
Lahore,153,130.89978687288192,91.04941524373096,58.14352470009048,58.15464349286746,25.56436064724609,1.970402212593639,15.1973831936834,83.4454780205395,1002.2361295307812,4.114141282586024,2026-05-29 01:15:26.999717,1.0,29.0,5.0,4.0,0.0,147.0,79.0,135.0,119.0,120.16666666666669,29.66760298147966,146.70833333333334,6.0,132.0,
Lahore,118,99.75771576117444,64.47996916026318,39.473540154662345,15.082331212680051,16.661905743240983,1.8029423650716725,22.114051182858383,84.8734966612895,990.2480801790772,3.602986162993662,2026-05-29 02:15:26.999717,2.0,29.0,5.0,4.0,0.0,153.0,91.0,126.0,142.0,118.83333333333331,29.532468008392087,145.70833333333334,-35.0,119.0,
Lahore,139,112.15317795632512,85.83092395780969,33.55862796890709,66.055017946345,13.014028580106595,2.8566427382208905,20.39622802640337,55.132239734762834,1014.2184372223686,8.222142938162637,2026-05-29 03:15:26.999717,3.0,29.0,5.0,4.0,0.0,118.0,147.0,125.0,108.0,121.16666666666669,30.649089165368355,147.0,21.0,135.0,
Lahore,140,116.70655290383742,74.25314122338789,38.67008129488519,50.45821998897298,29.33830429125488,0.8561510072519425,15.377822074602491,69.39198419418011,1008.7890907944228,9.66619954419675,2026-05-29 04:15:26.999717,4.0,29.0,5.0,4.0,0.0,139.0,153.0,79.0,144.0,131.33333333333334,23.03620339089516,146.83333333333334,1.0,122.0,
Lahore,203,157.2373804823623,111.548212713579,56.39503149310135,76.21530778352388,17.881519753775244,1.0295443069038457,34.77393330397752,39.93319078648163,993.9713019039914,4.5416611777638405,2026-05-29 05:15:26.999717,5.0,29.0,5.0,4.0,0.0,140.0,118.0,91.0,131.0,150.0,28.537694370779214,149.83333333333334,63.0,143.0,
Lahore,172,139.58963524973404,106.89590247350785,51.41890728008232,30.464668934801995,26.13933390117619,1.2913604659228664,33.7224966566891,56.09615402180454,998.541850998782,8.962163698727725,2026-05-29 06:15:26.999717,6.0,29.0,5.0,4.0,0.0,203.0,139.0,147.0,134.0,154.16666666666666,29.8088353792406,151.41666666666666,-31.0,146.0,
Lahore,147,126.64653174866557,90.7351013606768,26.1489366681904,13.1109456752899,28.645479494622407,3.986256169870521,36.39347603758313,67.88994640040985,994.0140594452045,10.604831473632656,2026-05-29 07:15:26.999717,7.0,29.0,5.0,4.0,0.0,172.0,140.0,153.0,147.0,153.16666666666666,29.95607896014876,151.41666666666666,-25.0,173.0,
Lahore,138,109.30977052303814,82.51302317462982,21.862718182856863,42.9875900777694,20.58528418325112,2.812358116711051,21.93086075454326,53.12418711108117,1009.1654366032328,9.201643982483487,2026-05-29 08:15:26.999717,8.0,29.0,5.0,4.0,0.0,147.0,203.0,118.0,137.0,156.5,26.128528469854505,151.45833333333334,-9.0,163.0,
Lahore,133,102.1618303569046,72.82275747622464,23.131680618303683,11.435807878207914,16.919221677041573,0.5475520524849933,26.99704951124019,51.4559715411876,991.4724081356928,0.4103578268499959,2026-05-29 09:15:26.999717,9.0,29.0,5.0,4.0,0.0,138.0,172.0,139.0,154.0,155.5,27.03146314944861,150.58333333333334,-5.0,172.0,
Lahore,175,136.7395555570347,101.46044529662964,35.22105198576065,77.71448924930051,1.101814676408868,3.5308243736244904,32.796065083781784,30.05993953601656,1011.0101663890928,9.928426936394258,2026-05-29 10:15:26.999717,10.0,29.0,5.0,4.0,0.0,133.0,147.0,140.0,147.0,161.33333333333334,26.793033920529773,151.75,42.0,163.0,
Lahore,161,123.35183481328806,95.28626626156748,47.20247256142889,7.901371869289365,2.1605695814311736,2.406605803972237,26.87374960497988,78.25760782662684,1013.5549084708932,9.293771501452408,2026-05-29 11:15:26.999717,11.0,29.0,5.0,4.0,0.0,175.0,138.0,203.0,215.0,154.33333333333334,17.659747072556456,149.5,-14.0,166.0,
Lahore,150,116.07619045936148,82.02053015712943,35.160960359148106,61.5127925830481,6.8246852654823735,2.7988356423370906,33.82779579858372,83.3602567212869,1006.9156985701576,8.031482857838231,2026-05-29 12:15:26.999717,12.0,29.0,5.0,4.0,0.0,161.0,133.0,172.0,180.0,150.66666666666666,15.396969398770334,148.25,-11.0,170.0,
Lahore,166,130.94745950704987,95.90485670988384,13.389819791405628,44.382679860668304,6.394244523823862,1.46352309535821,32.11728202789194,88.16781177274993,995.3241362500358,9.120269029054842,2026-05-29 13:15:26.999717,13.0,29.0,5.0,4.0,0.0,150.0,175.0,147.0,165.0,153.83333333333334,16.412393690947905,148.29166666666666,16.0,187.0,
Lahore,156,117.7721649041068,96.8616516908834,46.17903502199905,32.64654893737165,8.388005060795514,2.9830200277734664,18.095490681598765,73.15628310415293,999.0022523953388,11.753104749983269,2026-05-29 14:15:26.999717,14.0,29.0,5.0,4.0,0.0,166.0,161.0,138.0,182.0,156.83333333333334,14.469508169480507,147.20833333333334,-10.0,169.0,
Lahore,208,166.478091669748,131.93652682144608,50.29850643354769,9.938162338149098,9.843104493232165,4.9061895788816985,36.088164269078135,62.92753874219307,1001.9309968702232,5.173354653820196,2026-05-29 15:15:26.999717,15.0,29.0,5.0,4.0,0.0,156.0,150.0,133.0,172.0,169.33333333333334,20.78140194180001,148.70833333333334,52.0,180.0,
Lahore,186,153.31138586893326,109.50282623670724,24.474893255985982,51.66251931302058,11.44189931297112,0.8305011095259265,34.458261695497995,46.157071188522565,1005.1156193050564,0.8066788194551737,2026-05-29 16:15:26.999717,16.0,29.0,5.0,4.0,0.0,208.0,166.0,175.0,164.0,171.16666666666666,21.839566540264645,149.625,-22.0,210.0,
Lahore,161,124.2612190992654,100.38244177158047,43.20628696416752,48.89152470432165,13.19559301199742,1.777628298489938,32.707528465669945,89.9579685578099,1006.7165772452922,5.5306796355326,2026-05-29 17:15:26.999717,17.0,29.0,5.0,4.0,0.0,186.0,156.0,161.0,174.0,171.16666666666666,21.839566540264645,149.08333333333334,-25.0,179.0,
Lahore,183,153.99641961820885,100.22969964706266,31.329595052719668,26.06624548006998,3.867123815224425,1.593489167873734,19.187527369317063,65.38517127192634,1003.855367882972,0.5572038646925752,2026-05-29 18:15:26.999717,18.0,29.0,5.0,4.0,0.0,161.0,208.0,150.0,169.0,176.66666666666666,19.469634476965428,149.66666666666666,22.0,147.0,
Lahore,147,120.15396044263798,91.49725620556806,54.45596778637214,73.26662760577341,2.2284960266306792,1.618471898380308,22.235904117474817,70.86924433982676,998.7828480205465,3.5310048970615338,2026-05-29 19:15:26.999717,19.0,29.0,5.0,4.0,0.0,183.0,186.0,166.0,135.0,173.5,22.810085488660008,150.16666666666666,-36.0,169.0,
Lahore,120,101.15290292812028,67.9802579263626,52.261277908037,27.808250550712767,20.54438902311768,2.204178609044198,25.61577985286521,70.94436971731906,1012.2729320141226,7.042557501561108,2026-05-29 20:15:26.999717,20.0,29.0,5.0,4.0,0.0,147.0,161.0,156.0,126.0,167.5,31.43723906452322,149.91666666666666,-27.0,129.0,
Lahore,161,125.51082723073932,98.13672808353984,36.27159991548211,38.72940579440796,16.582709920449254,4.181494031348754,22.55809978472397,80.71510774543088,992.034801450449,3.715474715113876,2026-05-29 21:15:26.999717,21.0,29.0,5.0,4.0,0.0,120.0,183.0,208.0,125.0,159.66666666666666,24.393988330460857,151.41666666666666,41.0,90.0,
Lahore,136,113.0726261353331,80.36123790880144,44.57527729067972,45.78218419389918,13.88018186438347,4.607864104839743,21.150877848255547,30.58035233081516,1001.6564013560874,8.224742950914463,2026-05-29 22:15:26.999717,22.0,29.0,5.0,4.0,0.0,161.0,147.0,186.0,79.0,151.33333333333334,22.024229082232825,153.79166666666666,-25.0,105.0,
Lahore,100,74.54033049802344,66.60207004891917,54.1674850511052,12.517390863221458,19.398758293882217,1.40996789356538,36.744657094367945,43.21481642588231,1009.389120961687,9.863835932228652,2026-05-29 23:15:26.999717,23.0,29.0,5.0,4.0,0.0,136.0,120.0,161.0,91.0,141.16666666666666,29.485024447449288,154.16666666666666,-36.0,84.0,
Lahore,116,97.25123750418255,65.22782175830041,34.78585050391378,74.91212894102243,25.00270280890268,2.9432747207665075,32.232270651725464,69.93204001020084,991.521816632285,5.045270151354442,2026-05-30 00:15:26.999717,0.0,30.0,5.0,5.0,1.0,100.0,161.0,183.0,147.0,130.0,22.280035906614447,152.875,16.0,113.0,
Lahore,103,83.25919669896766,64.93803148780916,25.6625370244411,33.09021143382808,13.403094364369936,3.3660453747446613,30.26774755185676,83.70874420947408,1007.6333804202824,10.801655415516043,2026-05-30 01:15:26.999717,1.0,30.0,5.0,5.0,1.0,116.0,136.0,147.0,153.0,122.66666666666669,22.80058478782298,150.79166666666666,-13.0,120.0,
Lahore,95,78.76625609992392,55.60246268351733,47.68330689547906,11.058441040575772,19.592464486507403,2.848223634637302,21.10072319303785,71.12032691528137,1010.4927905688332,0.9580671762048024,2026-05-30 02:15:26.999717,2.0,30.0,5.0,5.0,1.0,103.0,100.0,120.0,118.0,118.5,25.508822003378423,149.83333333333334,-8.0,156.0,
Lahore,146,110.92202697187577,86.80847260995168,21.003312739234588,34.04683802564975,28.653594491219604,2.453343773886138,39.78806718125331,54.8094774896208,1006.5207824631764,10.081357970405396,2026-05-30 03:15:26.999717,3.0,30.0,5.0,5.0,1.0,95.0,116.0,161.0,139.0,116.0,20.813457185197425,150.125,51.0,134.0,
Lahore,172,133.12465078861698,102.28073053420395,29.4265574003021,50.01519103194355,25.349110379985262,1.3638897763665705,20.16194205562753,51.693329752215696,990.323422306884,9.942877745271588,2026-05-30 04:15:26.999717,4.0,30.0,5.0,5.0,1.0,146.0,103.0,136.0,140.0,122.0,30.61372241332372,151.45833333333334,26.0,130.0,
Lahore,113,93.38614109126694,63.57163447752943,53.286361855339685,43.52395038659972,13.354023504569874,2.6969871163965733,36.463675186266286,74.27688049699923,994.5034256783052,3.8639267559211774,2026-05-30 05:15:26.999717,5.0,30.0,5.0,5.0,1.0,172.0,95.0,100.0,203.0,124.16666666666669,29.17133296006034,147.70833333333334,-59.0,158.0,
Lahore,161,124.058259978879,96.52950517046663,46.22111701346575,57.09064805279555,19.696788296627545,2.30546672470098,41.10016200104292,74.4742618282316,998.5528269722988,3.58458224549538,2026-05-30 06:15:26.999717,6.0,30.0,5.0,5.0,1.0,113.0,146.0,116.0,172.0,131.66666666666666,32.271762682981745,147.25,48.0,105.0,
Lahore,136,111.11603146049562,81.28675888939088,30.190550262374963,9.161295655093298,6.135056735562253,4.080035131260214,34.63150368905437,66.42347955034143,995.8422508909512,3.661139773842152,2026-05-30 07:15:26.999717,7.0,30.0,5.0,5.0,1.0,161.0,172.0,103.0,147.0,137.16666666666666,29.0614291917429,146.79166666666666,-25.0,154.0,
Lahore,148,111.56431096769876,90.00620124203364,20.737225120417868,26.34054577040421,17.255143361957607,3.9362196162334784,41.80718692998501,47.48802144584022,1014.0663035056856,9.736724548132932,2026-05-30 08:15:26.999717,8.0,30.0,5.0,5.0,1.0,136.0,113.0,95.0,138.0,146.0,20.46460358765858,147.20833333333334,12.0,173.0,
Lahore,153,126.64087106333336,92.2225257284643,27.798419541611825,66.44229326300767,29.45852044301484,1.102994065425518,32.57838015840456,85.50928910343262,1006.2898478528448,9.97984185132234,2026-05-30 09:15:26.999717,9.0,30.0,5.0,5.0,1.0,148.0,161.0,146.0,133.0,147.16666666666666,20.663171747499792,148.04166666666666,5.0,136.0,
Lahore,154,117.03738342615746,96.38997274806115,24.20520746137165,10.992026584352065,16.031138340873145,0.898335736533804,20.871429277305165,63.11279652711835,997.4242739337892,3.956669505932011,2026-05-30 10:15:26.999717,10.0,30.0,5.0,5.0,1.0,153.0,136.0,172.0,175.0,144.16666666666666,17.382941830043542,147.16666666666666,1.0,194.0,
Lahore,177,144.3614996883976,110.81754308023685,18.804464397192696,69.16144660219682,27.90151067651427,4.586692744523764,20.503126330345808,77.42954137489983,1013.242437466636,7.111084169333542,2026-05-30 11:15:26.999717,11.0,30.0,5.0,5.0,1.0,154.0,148.0,113.0,161.0,154.83333333333334,13.673575489485698,147.83333333333334,23.0,183.0,
Lahore,162,132.72815466823,91.946883390861,47.16664567828283,11.892206905782968,12.81271269459456,2.90978775034024,23.763235674897864,42.8584957297099,1008.5148549869048,1.667198753285454,2026-05-30 12:15:26.999717,12.0,30.0,5.0,5.0,1.0,177.0,153.0,161.0,150.0,155.0,13.7695315824467,148.33333333333334,-15.0,171.0,
Lahore,185,144.51614090785213,115.34386250295384,22.603494342508576,67.58406611687721,29.966499988354304,4.360104217771658,15.192510545967163,50.64244731688368,997.115180295676,5.625344859372266,2026-05-30 13:15:26.999717,13.0,30.0,5.0,5.0,1.0,162.0,154.0,136.0,166.0,163.16666666666666,14.743360087397102,149.125,23.0,192.0,
Lahore,177,144.51013283542363,100.26831786445074,32.70837350838819,32.059130080904495,17.797381021599175,0.7616800425488052,33.405858692236535,82.47477098324055,999.4720392350488,11.98551421026646,2026-05-30 14:15:26.999717,14.0,30.0,5.0,5.0,1.0,185.0,177.0,148.0,156.0,168.0,13.47590442233772,150.0,-8.0,223.0,
Lahore,169,136.5022113166678,104.33927944068868,29.29297234180545,50.91567974429118,2.225800832842102,2.869320274347336,22.254030184951347,33.0064217963981,994.985721457599,1.9060697724749625,2026-05-30 15:15:26.999717,15.0,30.0,5.0,5.0,1.0,177.0,162.0,153.0,208.0,170.66666666666666,11.325487480309386,148.375,-8.0,178.0,
Lahore,150,117.30579071903632,93.09869392351436,59.10386893178154,16.466533673599862,18.015889104050256,2.927419315593064,37.00994727190432,60.73891867539973,1014.2768499566456,11.370751679520708,2026-05-30 16:15:26.999717,16.0,30.0,5.0,5.0,1.0,169.0,185.0,154.0,186.0,170.0,12.553883861179326,146.875,-19.0,173.0,
Lahore,150,114.95722657961896,80.44341554168747,29.554612207411022,9.962654129388564,8.962608174708302,4.373159146439675,24.697661565101107,58.90232879064054,1002.9324123972518,9.891056663580096,2026-05-30 17:15:26.999717,17.0,30.0,5.0,5.0,1.0,150.0,177.0,177.0,161.0,165.5,14.265342617686557,146.41666666666666,0.0,152.0,
Lahore,169,125.38687154163712,101.86489623264704,13.99912413983774,21.19536530151013,1.9419583390409465,0.9392449920336838,27.958825323509444,75.07381133448493,1012.4014171874496,11.66657581135524,2026-05-30 18:15:26.999717,18.0,30.0,5.0,5.0,1.0,150.0,169.0,162.0,183.0,166.66666666666666,14.207978978962826,145.83333333333334,19.0,137.0,
Lahore,155,125.74825023649846,90.65751943319842,14.4912876286042,14.589036343152166,24.80474583614524,1.582005036541592,41.07360074712997,46.913626235959946,998.6624942754212,2.154945127326396,2026-05-30 19:15:26.999717,19.0,30.0,5.0,5.0,1.0,169.0,150.0,185.0,147.0,161.66666666666666,11.483321238503065,146.16666666666666,-14.0,162.0,
Lahore,118,86.57598614318972,67.00617371032313,39.53768606765324,28.430442325972383,8.99615947244192,2.3294224124915592,21.53864732227648,43.14400931157597,1011.5210400774369,2.562221885320371,2026-05-30 20:15:26.999717,20.0,30.0,5.0,5.0,1.0,155.0,150.0,177.0,120.0,151.83333333333334,18.71274075774757,146.08333333333334,-37.0,120.0,
Lahore,133,106.87672099720656,86.55426165349502,39.968177586913285,43.57874348832652,24.09990806734845,4.396286639389739,34.47386063060297,85.56797032639403,991.3471712106792,0.2024061808183042,2026-05-30 21:15:26.999717,21.0,30.0,5.0,5.0,1.0,118.0,169.0,169.0,161.0,145.83333333333334,17.859637920928698,144.91666666666666,15.0,132.0,
Lahore,140,110.68275891958876,80.7316042968129,30.937949524132748,49.15695976737572,9.358309905720144,4.724974917817551,35.38818031124626,64.30257911750789,1014.5522579381072,8.696421754987266,2026-05-30 22:15:26.999717,22.0,30.0,5.0,5.0,1.0,133.0,155.0,150.0,136.0,144.16666666666666,17.85963792092875,145.08333333333334,7.0,115.0,
Lahore,88,73.79571387719098,48.768115354409744,31.59218461560148,64.24010805348072,6.635464262339454,4.967260788171325,20.96695025313815,36.28137409701927,1012.8008591758326,7.729136321234227,2026-05-30 23:15:26.999717,23.0,30.0,5.0,5.0,1.0,140.0,118.0,150.0,100.0,133.83333333333334,28.547621033401164,144.58333333333334,-52.0,131.0,
Lahore,130,102.48977250255068,78.37847470002546,12.69662914204356,54.217991993626896,29.2441316490284,4.816370689063347,28.52691458852928,41.58216973285926,999.0800736194165,2.136785259896785,2026-05-31 00:15:26.999717,0.0,31.0,5.0,6.0,1.0,88.0,133.0,169.0,116.0,127.33333333333331,22.8005847878228,145.16666666666666,42.0,126.0,
Lahore,107,83.95276106826455,67.62794873149208,35.82732551946312,50.65687438471648,11.487714504895568,0.5267379012995949,24.455451983450143,89.9295635708549,1009.3680541328644,9.493739586504862,2026-05-31 01:15:26.999717,1.0,31.0,5.0,6.0,1.0,130.0,140.0,155.0,103.0,119.33333333333331,19.30457631409469,145.33333333333334,-23.0,141.0,
Lahore,134,110.85935352144148,79.69175706994936,35.23697376901758,35.8836520614331,18.43991013185165,0.7146875365424241,35.84146857180241,41.73653977513155,1008.8064481618457,3.590346073580705,2026-05-31 02:15:26.999717,2.0,31.0,5.0,6.0,1.0,107.0,88.0,118.0,95.0,122.0,20.169283576766823,146.95833333333334,27.0,113.0,
Lahore,112,91.2752901454206,73.03185272834627,17.477465927847227,40.5356326220104,18.68946329161968,1.164230686209149,31.80704961378401,66.62853068122072,1012.5313699275732,1.619946831967622,2026-05-31 03:15:26.999717,3.0,31.0,5.0,6.0,1.0,134.0,130.0,133.0,146.0,118.5,19.69517707460484,145.54166666666666,-22.0,122.0,
Lahore,98,79.9807797859139,61.45487830982045,15.19196930554638,36.089062204263584,17.253730983031552,2.069879435466229,27.85154248123477,55.20768473973709,997.6813745282204,5.070751980232178,2026-05-31 04:15:26.999717,4.0,31.0,5.0,6.0,1.0,112.0,107.0,140.0,172.0,111.5,17.908098726555213,142.45833333333334,-14.0,114.0,
Lahore,109,89.54633794904264,54.50894340134284,16.178624529974524,68.16245225460374,27.526176562115225,4.234631139441314,36.04280815628839,83.13594569099013,1001.6380001328538,1.0916381811222728,2026-05-31 05:15:26.999717,5.0,31.0,5.0,6.0,1.0,98.0,134.0,88.0,113.0,115.0,14.028542333401724,142.29166666666666,11.0,133.0,
Lahore,150,112.32213938396448,87.35266518246496,15.051412324562923,22.25003394112999,20.558791069639184,4.516952879009662,21.34920039022726,75.31011553771967,1011.6249903151512,3.15892387527896,2026-05-31 06:15:26.999717,6.0,31.0,5.0,6.0,1.0,109.0,112.0,130.0,161.0,118.33333333333331,19.58230493753754,141.83333333333334,41.0,157.0,
Lahore,155,127.78394339993493,90.1907895032415,40.48540977683799,5.429069865647347,12.708257119042976,1.3407548283256236,35.347790775777696,65.81708377570895,1009.4644863533804,4.456000301128154,2026-05-31 07:15:26.999717,7.0,31.0,5.0,6.0,1.0,150.0,98.0,107.0,136.0,126.33333333333331,23.44923595059544,142.625,5.0,165.0,
Lahore,140,115.062343970068,86.39680476714712,19.82413262014593,53.848992291967946,26.009031151203946,3.288488682288689,38.36510642650626,30.64433890787895,999.836667968507,10.2223700941698,2026-05-31 08:15:26.999717,8.0,31.0,5.0,6.0,1.0,155.0,109.0,134.0,148.0,127.33333333333331,23.963861681012443,142.29166666666666,-15.0,139.0,
Lahore,178,137.3165843571175,93.67591471812943,22.57150760937317,20.184663772912355,6.250824074362968,4.628128932793745,38.72278311380445,82.78771244960757,1011.1431308228032,9.510584895518656,2026-05-31 09:15:26.999717,9.0,31.0,5.0,6.0,1.0,140.0,150.0,112.0,153.0,138.33333333333334,29.92434906003276,143.33333333333334,38.0,182.0,
Lahore,138,109.179597631629,95.5450485435886,18.678607207571982,71.7586352232357,16.782865970702105,2.586792811690944,36.159187011529305,56.680048250322976,991.17385098081,5.31305142900742,2026-05-31 10:15:26.999717,10.0,31.0,5.0,6.0,1.0,178.0,155.0,98.0,154.0,145.0,22.733235581412707,142.66666666666666,-40.0,199.0,
Lahore,175,139.80346356186183,107.65513047447104,57.89176522242515,69.4284747279992,28.565960786368933,0.9659460737875278,26.016382508953257,85.89465918111459,1009.5511575740748,8.69490069302865,2026-05-31 11:15:26.999717,11.0,31.0,5.0,6.0,1.0,138.0,140.0,109.0,177.0,156.0,17.099707599839103,142.58333333333334,37.0,184.0,
Lahore,155,123.32751607799132,93.74438401958844,52.73087315759177,10.754552894615442,19.136531266531968,2.5601614253808123,41.50881661338133,59.73234077125207,995.1691464858424,6.82379563414806,2026-05-31 12:15:26.999717,12.0,31.0,5.0,6.0,1.0,175.0,178.0,150.0,162.0,156.83333333333334,16.869103908230006,142.29166666666666,-20.0,216.0,
Lahore,166,134.4692998328427,105.50783858209572,21.524741867576044,12.979130406055802,24.692085063771408,2.1910770602962577,25.249028383205875,71.65346935096353,997.1530226955948,4.090102260936817,2026-05-31 13:15:26.999717,13.0,31.0,5.0,6.0,1.0,155.0,138.0,155.0,185.0,158.66666666666666,17.224014243684852,141.5,11.0,164.0,
Lahore,179,150.35683390915594,119.11827026406311,26.3783146961063,42.13786941849997,19.95326104081059,3.099460982297032,32.242885775765494,34.157558967998526,1002.3303710898898,8.710492121943417,2026-05-31 14:15:26.999717,14.0,31.0,5.0,6.0,1.0,166.0,175.0,140.0,177.0,165.16666666666666,16.092441289830788,141.58333333333334,13.0,153.0,
Lahore,157,131.00883363836414,98.553733222942,20.49464211524986,50.6916997077016,25.34175504259882,2.4739640798319664,19.349002807875653,74.70909921160714,1001.2433625267494,8.201989853596537,2026-05-31 15:15:26.999717,15.0,31.0,5.0,6.0,1.0,179.0,155.0,178.0,169.0,161.66666666666666,14.98888477061102,141.08333333333334,-22.0,138.0,
Lahore,161,122.23890403284298,101.34406548235808,34.59379797304119,25.618125311168058,28.390148515512067,0.5780566708417307,41.4721202631826,50.27976187871538,1003.014252671747,7.429133306323224,2026-05-31 16:15:26.999717,16.0,31.0,5.0,6.0,1.0,157.0,166.0,138.0,150.0,165.5,9.751922887307083,141.54166666666666,4.0,198.0,
Lahore,182,148.71034995153025,109.85345012232192,10.98052662371268,58.7598287524528,8.914730098449368,4.97298980036152,34.00761989034591,51.08154085990685,1003.6193898918006,7.415466252519007,2026-05-31 17:15:26.999717,17.0,31.0,5.0,6.0,1.0,161.0,179.0,175.0,150.0,166.66666666666666,11.395905697514738,142.875,21.0,175.0,
Lahore,142,120.24466659767704,84.49237123316526,43.56840044483979,49.61870156891536,5.920171356444847,2.9459310697875694,35.34119372165195,37.11935068256339,998.2881922757874,8.19578390792372,2026-05-31 18:15:26.999717,18.0,31.0,5.0,6.0,1.0,182.0,157.0,155.0,169.0,164.5,14.788509052638972,141.75,-40.0,152.0,
Lahore,162,131.534042603446,94.8210227799755,36.15790749088208,29.3618082311416,15.035731759643657,2.631338399680743,16.775970992100905,38.81142891841213,994.3806878254258,4.614546151710458,2026-05-31 19:15:26.999717,19.0,31.0,5.0,6.0,1.0,142.0,161.0,166.0,155.0,163.83333333333334,14.797522315126011,142.04166666666666,20.0,151.0,
Lahore,115,97.45490212592983,64.86944004142728,54.931946415055165,6.902861603173669,21.35401037790226,4.795778171768243,35.61228098395814,41.14554337237261,1009.2120307321826,10.428909780812427,2026-05-31 20:15:26.999717,20.0,31.0,5.0,6.0,1.0,162.0,182.0,179.0,118.0,153.16666666666666,22.65759622437177,141.91666666666666,-47.0,115.0,
Lahore,141,122.86135222850385,81.16492950150251,18.219634216420708,61.26127109738883,7.588546342284268,1.2013716541418469,35.917532588956234,49.69237011428534,999.9994037271786,1.9476941459575297,2026-05-31 21:15:26.999717,21.0,31.0,5.0,6.0,1.0,115.0,142.0,157.0,133.0,150.5,23.054283766797063,142.25,26.0,179.0,
Lahore,154,128.3185477305349,85.64722017828508,50.205462303056585,21.106524936881204,1.1189420624748452,1.351569211453617,33.137863611780205,83.51819476653633,1002.6460215614763,10.60662555886985,2026-05-31 22:15:26.999717,22.0,31.0,5.0,6.0,1.0,141.0,162.0,161.0,140.0,149.33333333333334,22.58908290893348,142.83333333333334,13.0,128.0,
Lahore,72,58.846542978208646,42.82064274657488,49.59805072333579,67.58553075969712,10.945118359264455,4.136066370782526,22.88155957233928,52.09561429380483,1006.117417958778,4.107382116383933,2026-05-31 23:15:26.999717,23.0,31.0,5.0,6.0,1.0,154.0,115.0,182.0,88.0,131.0,33.00908965724479,142.16666666666666,-82.0,123.0,
Lahore,104,88.42544237042377,53.97666211386807,16.359059460844346,36.52176950406914,29.096920728565863,1.6737398601125395,28.221631138343803,73.46176239379311,1012.7409480576664,1.5003793873034703,2026-06-01 00:15:26.999717,0.0,1.0,6.0,0.0,0.0,72.0,141.0,142.0,130.0,124.66666666666669,34.10376323320784,141.08333333333334,32.0,134.0,
Lahore,132,106.32443916548446,80.15458262071856,29.92796120720638,48.280808197382406,21.154056357569555,4.096521978311872,17.981728025335343,34.96485023339228,1007.6888207785056,7.200328832149559,2026-06-01 01:15:26.999717,1.0,1.0,6.0,0.0,0.0,104.0,154.0,162.0,107.0,119.66666666666669,29.412015685204324,142.125,28.0,130.0,
Lahore,119,95.31951521642478,71.21834695978828,18.507632057225845,70.47115478067514,12.638437874295494,1.7219006730882611,27.73285079439712,65.46592795631955,991.1364806397596,4.511840028844863,2026-06-01 02:15:26.999717,2.0,1.0,6.0,0.0,0.0,132.0,72.0,115.0,134.0,120.33333333333331,29.330302873763586,141.5,-13.0,127.0,
Lahore,135,106.24292882143132,81.73467649193344,22.736025022877445,69.7717250689965,6.58470682305837,0.6493443360125066,21.58324402021093,58.91347387622638,1010.9640090849504,9.785996725242232,2026-06-01 03:15:26.999717,3.0,1.0,6.0,0.0,0.0,119.0,104.0,141.0,112.0,119.33333333333331,28.57738033247109,142.45833333333334,16.0,112.0,
Lahore,122,105.41706679416056,70.58934214990003,23.16230874152722,32.863968143268,11.326600538887662,2.8265662574902217,24.42561863534021,88.67747681727027,1014.733875378188,5.169425622345208,2026-06-01 04:15:26.999717,4.0,1.0,6.0,0.0,0.0,135.0,132.0,154.0,98.0,114.0,23.315231073271505,143.45833333333334,-13.0,143.0,
Lahore,143,110.30785667029,101.18430185090251,37.81181970128864,20.66666695361324,5.925343565736191,1.385088953570876,19.390211026899863,80.77246619273778,1001.8121256342846,8.022750306745317,2026-06-01 05:15:26.999717,5.0,1.0,6.0,0.0,0.0,122.0,119.0,72.0,109.0,125.83333333333331,13.819068950790362,144.875,21.0,179.0,
Lahore,146,124.4618386233906,94.40057950090156,30.57054658802328,63.1359558296446,4.082868818075591,3.91030831819612,21.21146792916622,57.28978634631898,1014.2397584113652,3.6990958740579054,2026-06-01 06:15:26.999717,6.0,1.0,6.0,0.0,0.0,143.0,135.0,104.0,150.0,132.83333333333334,10.87044923941463,144.70833333333334,3.0,176.0,
Lahore,173,140.89932061870186,97.5772874995764,57.38664020031527,37.48101527015984,27.29552880460406,3.3853983495446665,17.06735332914314,76.50856584272033,1003.6832185585788,2.513428500304081,2026-06-01 07:15:26.999717,7.0,1.0,6.0,0.0,0.0,146.0,122.0,132.0,155.0,139.66666666666666,19.612920911141256,145.45833333333334,27.0,181.0,
Lahore,163,123.4034691259903,98.96434043713448,16.318507097350256,19.403149516925307,29.93185981288873,4.65621200590063,39.83733689379687,41.58232447762665,1001.4903998967987,4.656588371385886,2026-06-01 08:15:26.999717,8.0,1.0,6.0,0.0,0.0,173.0,143.0,119.0,140.0,147.0,18.536450577173785,146.41666666666666,-10.0,147.0,
Lahore,172,139.4382464649571,100.15996928531338,58.68460674250994,72.83190067378627,5.759318748277919,4.023447607695811,29.32108857533589,63.740179643506686,998.2851191181863,7.281694015229202,2026-06-01 09:15:26.999717,9.0,1.0,6.0,0.0,0.0,163.0,146.0,135.0,178.0,153.16666666666666,19.85363107007546,146.16666666666666,9.0,145.0,
Lahore,163,119.89986746174188,92.72760136646292,21.5319320107132,19.857814568081555,2.581154207470112,1.3134917967832709,25.71203322409397,34.47714333412249,1006.4388718958336,7.883360870536222,2026-06-01 10:15:26.999717,10.0,1.0,6.0,0.0,0.0,172.0,173.0,122.0,138.0,160.0,12.774975538136683,147.20833333333334,-9.0,169.0,
Lahore,166,135.9275400841552,92.89963964438031,48.64369681909265,6.935537614342331,10.562202107240156,4.100712064991583,29.445788744757166,50.88534193510098,995.745510513126,6.9384799835762205,2026-06-01 11:15:26.999717,11.0,1.0,6.0,0.0,0.0,163.0,163.0,143.0,175.0,163.83333333333334,9.745084230864949,146.83333333333334,3.0,177.0,
Lahore,170,140.42615741494495,104.16108345379628,26.94849630864107,6.520998032556498,14.388116242081043,3.387816701663105,31.96391716900192,43.551730897330216,992.62335546286,11.856668623489307,2026-06-01 12:15:26.999717,12.0,1.0,6.0,0.0,0.0,166.0,172.0,146.0,155.0,167.83333333333334,4.445971959723534,147.45833333333334,4.0,201.0,
Lahore,187,146.63822022173972,108.79309882465212,17.154069770865696,51.67365173406982,6.93981616519978,3.510282387922812,39.890727420972425,73.13458891951265,990.6809275646052,8.293082237941984,2026-06-01 13:15:26.999717,13.0,1.0,6.0,0.0,0.0,170.0,163.0,173.0,166.0,170.16666666666666,9.020347369511068,148.33333333333334,17.0,146.0,
Lahore,169,135.81773847977792,106.239130120126,52.894459262312,54.625629553814775,9.741322442158197,4.24518298686567,19.82470971173046,59.40544147286168,997.3095028178816,11.178235531163011,2026-06-01 14:15:26.999717,14.0,1.0,6.0,0.0,0.0,187.0,166.0,163.0,179.0,171.16666666666666,8.376554582084696,147.91666666666666,-18.0,208.0,
Lahore,180,153.77078716875144,112.9689110726522,25.44304496182316,28.3281278792738,6.8252513350580735,3.082208311350231,22.97991746315088,75.06422873088063,999.894270804176,1.415198338742094,2026-06-01 15:15:26.999717,15.0,1.0,6.0,0.0,0.0,169.0,170.0,172.0,157.0,172.5,9.137833441247215,148.875,11.0,171.0,
Lahore,210,165.47126647869032,132.86957192605723,42.94277021134211,29.000824193529755,23.45355648454109,2.5970158145885582,41.346312081291096,60.917726257886734,1003.8019174070312,0.7364751577617463,2026-06-01 16:15:26.999717,16.0,1.0,6.0,0.0,0.0,180.0,187.0,163.0,161.0,180.3333333333333,16.52472894381731,150.91666666666666,30.0,160.0,
Lahore,179,137.90546206471703,103.13806616962948,38.32218425433133,30.462043629495707,21.66476035417056,3.364884659114276,25.02221063951016,35.18906652909831,997.3187456296752,3.731936424143444,2026-06-01 17:15:26.999717,17.0,1.0,6.0,0.0,0.0,210.0,169.0,166.0,182.0,182.5,15.056560032091138,150.79166666666666,-31.0,141.0,
Lahore,147,125.008317012313,90.57682805346003,33.58781546954371,56.0118910069159,19.41359395706847,1.840808430312616,15.609164570447843,74.1220589839516,1014.6014893096352,1.6390672605170873,2026-06-01 18:15:26.999717,18.0,1.0,6.0,0.0,0.0,179.0,180.0,170.0,142.0,178.66666666666666,20.733226151919418,151.0,-32.0,120.0,
Lahore,169,145.012935952654,104.5622710832115,34.790973632426955,9.360034327012144,12.229317855296935,1.3216870898919468,18.986374301203288,79.99375583926835,997.2936292060292,6.310422338739212,2026-06-01 19:15:26.999717,19.0,1.0,6.0,0.0,0.0,147.0,210.0,187.0,162.0,175.66666666666666,20.588022407862265,151.29166666666666,22.0,162.0,
Lahore,129,103.21847835923924,75.02910912448017,46.611895704614376,74.68372645184942,27.362187298112843,3.2746452713206087,15.711144947210904,84.21187355476755,1001.0243847111602,6.227775042279345,2026-06-01 20:15:26.999717,20.0,1.0,6.0,0.0,0.0,169.0,179.0,169.0,115.0,169.0,28.234730386528923,151.875,-40.0,139.0,
Lahore,90,77.05731517704179,50.14114021303563,14.388645706172028,21.689078313308485,29.11644370451558,1.5523176608846496,41.72792484535967,64.3195167184025,992.5819041382975,6.900565997327401,2026-06-01 21:15:26.999717,21.0,1.0,6.0,0.0,0.0,129.0,147.0,180.0,141.0,154.0,41.8473416121024,149.75,-39.0,105.0,
Lahore,105,90.7073795776544,71.04760332887986,43.40903309789526,79.97549039315692,6.035540066136948,0.8596179920597302,22.529512922763026,75.21512153996972,996.5156628334267,8.942734569972872,2026-06-01 22:15:26.999717,22.0,1.0,6.0,0.0,0.0,90.0,169.0,210.0,154.0,136.5,35.166745655519755,147.70833333333334,15.0,99.0,
Lahore,84,63.487578837308085,51.537479378660265,54.79060506992894,17.864202034039025,7.467366600944463,0.5024938306336426,39.9356544372781,75.12266021295763,991.2083034947248,11.655956402547838,2026-06-01 23:15:26.999717,23.0,1.0,6.0,0.0,0.0,105.0,129.0,179.0,72.0,120.66666666666669,33.55393667912458,148.20833333333334,-21.0,115.0,
Lahore,113,87.97347082316067,70.97983875355868,12.889409850993207,62.86598429842831,16.24329981201072,3.237437306300302,41.888929445512325,39.34498558793666,1003.9877158359332,10.539104297269756,2026-06-02 00:15:26.999717,0.0,2.0,6.0,1.0,0.0,84.0,90.0,147.0,104.0,115.0,30.9903210696508,148.58333333333334,29.0,153.0,
Lahore,120,102.15437256577368,67.88961994086036,17.032666961683336,21.75594086972188,3.6462665091851134,2.1296695256610656,31.195712970864083,39.853241247574246,1008.7766170783108,1.4204068749069791,2026-06-02 01:15:26.999717,1.0,2.0,6.0,1.0,0.0,113.0,105.0,169.0,132.0,106.83333333333331,17.382941830044707,148.08333333333334,7.0,115.0,
Lahore,156,133.22507139354255,87.50357766738902,45.83159683510157,11.063510123244049,13.657003565870273,3.885399368030552,15.896300506770167,34.253130348547565,994.8927453584016,4.062164265247887,2026-06-02 02:15:26.999717,2.0,2.0,6.0,1.0,0.0,120.0,84.0,129.0,119.0,111.33333333333331,25.750080906022657,149.625,36.0,93.0,
Lahore,134,110.01440430087176,77.55275112753944,31.86408241223088,70.61999932629867,17.871946678553595,2.188293792408961,17.202974020447027,49.19481810841809,999.1977734454018,3.069876300576502,2026-06-02 03:15:26.999717,3.0,2.0,6.0,1.0,0.0,156.0,113.0,90.0,135.0,118.66666666666669,24.70357598945351,149.58333333333334,-22.0,123.0,
Lahore,130,99.60092823248974,77.37989306305002,30.17743104068441,69.4063444393169,16.140133562982662,2.6870155170720205,28.0029044879127,58.41051526446387,990.415405668179,2.121808293357513,2026-06-02 04:15:26.999717,4.0,2.0,6.0,1.0,0.0,134.0,120.0,105.0,122.0,122.83333333333331,24.036777376900982,149.91666666666666,-4.0,128.0,
Lahore,158,136.33530555849725,89.47889996591326,16.848331727211793,35.2677794337201,10.596348909262757,2.331882377669232,25.96664434861012,89.87387116525301,1010.9880513930552,6.536698519869415,2026-06-02 05:15:26.999717,5.0,2.0,6.0,1.0,0.0,130.0,156.0,84.0,143.0,135.16666666666666,18.465282739960536,150.54166666666666,28.0,87.0,
Lahore,105,81.34514551094017,62.95077595674808,35.338502035889405,57.67971069053201,16.730928376239,3.4275865599920574,31.366787256107727,55.85960052409017,1009.4990881232916,6.639172824392766,2026-06-02 06:15:26.999717,6.0,2.0,6.0,1.0,0.0,158.0,134.0,113.0,146.0,133.83333333333334,20.55642640797972,148.83333333333334,-53.0,148.0,
Lahore,154,121.52431109414276,83.95747405965749,16.327265559818862,46.779944951293785,28.805227673506582,2.102626229067357,26.848890862206822,73.57455531044225,991.5813507718572,2.726937934656736,2026-06-02 07:15:26.999717,7.0,2.0,6.0,1.0,0.0,105.0,130.0,120.0,173.0,139.5,20.66639784771436,148.04166666666666,49.0,145.0,
Lahore,173,140.1116891724481,98.19976288765064,33.83102281552702,68.97170852553117,6.974504724449906,4.83695442474039,40.22007493033008,71.60382157635208,999.1216902330104,8.542767003680225,2026-06-02 08:15:26.999717,8.0,2.0,6.0,1.0,0.0,154.0,158.0,156.0,163.0,142.33333333333334,24.237711663164,148.45833333333334,19.0,172.0,
Lahore,136,116.57080210357388,84.95455624138437,48.18076494808283,28.62919769889908,19.990109393426103,4.7126614396933855,29.4379723161648,42.26891701503477,1013.8821653462372,8.794971590034063,2026-06-02 09:15:26.999717,9.0,2.0,6.0,1.0,0.0,173.0,105.0,134.0,172.0,142.66666666666666,24.113619941159303,146.95833333333334,-37.0,202.0,
Lahore,194,159.46987988276115,119.41895260138946,22.913217894358176,44.27542999992389,2.258504130525504,4.316125561957766,33.730603659485936,33.510429086966184,999.8006764019744,0.2517599380071997,2026-06-02 10:15:26.999717,10.0,2.0,6.0,1.0,0.0,136.0,154.0,130.0,163.0,153.33333333333334,30.65724492948873,148.25,58.0,194.0,
Lahore,183,148.47432750180957,107.84061617306568,34.039308408986365,41.402927840341285,2.926075729961613,4.641351217577366,39.20510236134741,62.76040509201525,1003.1552169181005,4.749092444667799,2026-06-02 11:15:26.999717,11.0,2.0,6.0,1.0,0.0,194.0,173.0,158.0,166.0,157.5,33.02574753128217,148.95833333333334,-11.0,171.0,
Lahore,171,139.11644265059056,97.51117845461523,59.60079846984178,31.542936969264407,17.003018502483965,2.52112859806726,18.9655406474966,72.01833553886857,998.8810715252588,10.681687694419452,2026-06-02 12:15:26.999717,12.0,2.0,6.0,1.0,0.0,183.0,136.0,105.0,170.0,168.5,20.75331298853214,149.0,-12.0,157.0,
Lahore,192,153.81757334321736,110.06298224236994,44.33252116770186,71.85912984172792,4.043236229510534,2.9139367855527145,21.20283566120027,89.89510741117536,1004.9032847032064,6.243823298926059,2026-06-02 13:15:26.999717,13.0,2.0,6.0,1.0,0.0,171.0,194.0,154.0,187.0,174.83333333333334,21.23597576441064,149.20833333333334,21.0,231.0,
Lahore,223,181.1906975725925,131.93365877029342,52.06783856525993,17.44084434969016,1.648056864378863,3.8394166665121,17.897603832798406,51.51666313687024,1014.4539218909206,4.171533617267931,2026-06-02 14:15:26.999717,14.0,2.0,6.0,1.0,0.0,192.0,183.0,173.0,169.0,183.16666666666663,28.82649244473955,151.45833333333334,31.0,179.0,
Lahore,178,129.75219961152848,110.02259245822646,30.742380328027288,16.21314796405221,5.973876931792644,3.632656662223435,18.770236779207632,83.7818737248658,1014.93756258703,3.044113819141561,2026-06-02 15:15:26.999717,15.0,2.0,6.0,1.0,0.0,223.0,171.0,136.0,180.0,190.16666666666663,18.23641046551153,151.375,-45.0,174.0,
Lahore,173,136.916962704651,108.44122845672162,48.39304615629276,48.26821514920635,17.380625958987657,4.508053680224618,28.839767107224297,52.91594735215119,1009.3678744502798,2.920254239019388,2026-06-02 16:15:26.999717,16.0,2.0,6.0,1.0,0.0,178.0,192.0,194.0,210.0,186.66666666666663,19.335632047249515,149.83333333333334,-5.0,168.0,
Lahore,152,122.80660967458392,88.71734132259016,12.025458647066092,54.31206724887065,21.39688768104904,3.7234896226551286,23.671839992121527,71.36470250583076,1000.107777450511,1.1972164062096762,2026-06-02 17:15:26.999717,17.0,2.0,6.0,1.0,0.0,173.0,223.0,183.0,179.0,181.5,24.072806234420653,148.70833333333334,-21.0,165.0,
Lahore,137,103.84492958190248,76.43253787007609,16.14555912711225,19.596444074342383,6.87187836010002,4.990481187028072,26.42566666722238,65.89517583102312,1002.3608050207248,9.806717029117106,2026-06-02 18:15:26.999717,18.0,2.0,6.0,1.0,0.0,152.0,178.0,171.0,147.0,175.83333333333334,30.248415936485586,148.29166666666666,-15.0,151.0,
Lahore,162,131.5316165890578,98.53921818933166,20.153529646003108,34.30380816909681,20.37952367903706,2.0682760992421594,41.52722545843967,33.17872759815582,998.9182832028076,1.0398888647300546,2026-06-02 19:15:26.999717,19.0,2.0,6.0,1.0,0.0,137.0,173.0,192.0,169.0,170.83333333333334,29.5121443928875,148.0,25.0,134.0,
Lahore,120,94.9776438950694,67.88232514687076,30.097596230760978,75.99228822340578,6.291813601877651,4.248489840077381,19.2310173904906,34.70330561821551,1014.6393657476086,3.5075371903417896,2026-06-02 20:15:26.999717,20.0,2.0,6.0,1.0,0.0,162.0,152.0,223.0,129.0,153.66666666666666,22.132931723263905,147.625,-42.0,127.0,
Lahore,132,114.37737849157746,76.608736805694,52.28724391628816,23.49630670180055,18.790265372306457,3.639356702746989,29.60192591154804,31.24584538346766,1007.6940076456352,0.5481088627962385,2026-06-02 21:15:26.999717,21.0,2.0,6.0,1.0,0.0,120.0,137.0,178.0,90.0,146.0,19.86957473123178,149.375,12.0,130.0,
Lahore,115,99.86509862607429,75.62638045218519,27.313302539396524,55.12705265880456,12.946830716978166,3.611239003467584,17.669521186448577,52.25004507563937,1001.2232861358376,9.376638836684403,2026-06-02 22:15:26.999717,22.0,2.0,6.0,1.0,0.0,132.0,162.0,173.0,105.0,136.33333333333334,18.140194780285107,149.79166666666666,-17.0,114.0,
Lahore,131,102.4709721544092,82.73557714282883,42.731059675773146,60.51120452731931,19.960185770674887,1.966260176802495,23.599400458124723,74.74806292596065,990.30288175274,0.4714041867214855,2026-06-02 23:15:26.999717,23.0,2.0,6.0,1.0,0.0,115.0,120.0,152.0,84.0,132.83333333333334,16.461065174121856,151.75,16.0,107.0,
Lahore,126,100.04581144216654,76.38987156125725,45.46571474017417,38.609652459886966,29.85652982189817,4.035208065903602,29.243199939214165,40.36532363944336,1003.0120853597635,3.699613246418501,2026-06-03 00:15:26.999717,0.0,3.0,6.0,2.0,0.0,131.0,132.0,137.0,113.0,131.0,16.51665825765076,152.29166666666666,-5.0,122.0,
Lahore,141,112.43026217195803,78.24040499443637,39.30911770441707,75.31444900696873,28.1966919917443,4.551692100564196,40.55905714106412,66.35117810303375,1014.5982050425404,6.879568441039968,2026-06-03 01:15:26.999717,1.0,3.0,6.0,2.0,0.0,126.0,115.0,162.0,120.0,127.5,9.26822528858828,153.16666666666666,15.0,115.0,
Lahore,113,88.1417026192019,68.85698283735329,27.86209840850681,60.249255141409286,1.1241709772470052,1.4834680768425332,25.56316197465404,47.32966680186468,1003.0765227243264,4.914736323521326,2026-06-03 02:15:26.999717,2.0,3.0,6.0,2.0,0.0,141.0,131.0,120.0,156.0,126.33333333333331,10.726913193770864,151.375,-28.0,153.0,
Lahore,122,98.57512492014064,78.51328645393764,38.85266708567721,39.344343489567336,26.677724166506867,3.3147357670251685,16.752480797796085,77.81955743874433,994.5606671372278,3.3872528069892054,2026-06-03 03:15:26.999717,3.0,3.0,6.0,2.0,0.0,113.0,126.0,132.0,134.0,124.66666666666669,10.443498775156606,150.875,9.0,75.0,
Lahore,114,87.40858965556205,66.52183167117231,27.11327963948731,47.70014013320705,2.928233060068229,2.2646067309624884,25.48035909492856,77.90376894017945,990.5523436776192,3.3022688691305,2026-06-03 04:15:26.999717,4.0,3.0,6.0,2.0,0.0,122.0,141.0,115.0,130.0,124.5,10.634848376917796,150.20833333333334,-8.0,156.0,
Lahore,133,100.74692332531238,86.55557044993357,14.193686927600604,56.94600825688255,28.638350998635502,4.952966536826946,18.9350117485974,76.52487089798541,998.8675939531053,9.573483672074993,2026-06-03 05:15:26.999717,5.0,3.0,6.0,2.0,0.0,114.0,113.0,131.0,158.0,124.83333333333331,10.907184176802796,149.16666666666666,19.0,166.0,
Lahore,157,128.71355611950136,100.66372644759105,59.64019890930072,49.41426353219137,9.172944693890855,2.654747671242568,21.209719558869025,61.4900108280826,1012.9557013924152,11.687737141046942,2026-06-03 06:15:26.999717,6.0,3.0,6.0,2.0,0.0,133.0,122.0,126.0,105.0,130.0,17.134759992483826,151.33333333333334,24.0,108.0,
Lahore,165,135.14764792110904,107.31866416071736,16.359122681625546,70.90231878695569,12.079010081926858,1.527440782086242,31.68844682545474,47.074002604791104,1014.9138527043972,4.176492845385521,2026-06-03 07:15:26.999717,7.0,3.0,6.0,2.0,0.0,157.0,114.0,141.0,154.0,134.0,22.25308967312224,151.79166666666666,8.0,143.0,
Lahore,139,107.17842120170005,84.92621563265675,13.617419191802869,31.766649671030088,3.6575079500961074,2.2183593134982464,16.820444387499407,78.56664263271807,1013.6341993703,0.4697461633081983,2026-06-03 08:15:26.999717,8.0,3.0,6.0,2.0,0.0,165.0,133.0,113.0,173.0,138.33333333333334,19.734909846935725,150.375,-26.0,150.0,
Lahore,182,150.076777153813,112.13695849903006,53.92653746035779,27.49143050418537,4.2559099915383785,3.442272754174818,27.54754141875101,41.16603371635449,1008.2354998313564,0.438789334909301,2026-06-03 09:15:26.999717,9.0,3.0,6.0,2.0,0.0,139.0,157.0,122.0,136.0,148.33333333333334,24.4431312778594,152.29166666666666,43.0,137.0,
Lahore,199,156.04211135417336,126.47093644165544,25.091733044644755,21.037916712144824,22.07547639165027,0.8424021710730932,31.45546282229064,47.38557612171936,1003.9535682110164,9.110560982528616,2026-06-03 10:15:26.999717,10.0,3.0,6.0,2.0,0.0,182.0,165.0,114.0,194.0,162.5,25.185313180502327,152.5,17.0,156.0,
Lahore,184,148.46582619018992,112.63696968534488,42.51484870367538,7.833722604844635,28.38563483670045,3.216208640995569,26.390176593922416,41.0368623696373,1004.7671536595564,6.628437859309523,2026-06-03 11:15:26.999717,11.0,3.0,6.0,2.0,0.0,199.0,139.0,133.0,183.0,171.0,21.58703314492229,152.54166666666666,-15.0,154.0,
Lahore,216,176.9017200630623,127.09382946104893,26.450286483111643,8.226047328504151,18.711706353674977,4.690511416305041,15.51641146684072,70.45260962325887,1003.474800227299,9.403111889007963,2026-06-03 12:15:26.999717,12.0,3.0,6.0,2.0,0.0,184.0,182.0,157.0,171.0,180.8333333333333,26.7538159272024,154.41666666666666,32.0,214.0,
Lahore,164,131.03193717648145,96.15728581736067,29.57271353972356,70.25413948319621,21.75965045027752,4.326632544460328,41.60902263637736,71.17416168694908,1007.6762326230748,8.369964123462898,2026-06-03 13:15:26.999717,13.0,3.0,6.0,2.0,0.0,216.0,199.0,165.0,192.0,180.66666666666663,26.87501937983728,153.25,-52.0,198.0,
Lahore,153,124.67370456070569,92.9927747688687,23.105648600839825,55.87948598044305,23.09712259331745,0.8045309149609252,24.912125718194453,69.15059956720518,1000.4718306673838,10.890076191184756,2026-06-03 14:15:26.999717,14.0,3.0,6.0,2.0,0.0,164.0,184.0,139.0,223.0,183.0,22.83856387779144,150.33333333333334,-11.0,203.0,
Lahore,138,107.81785178056217,76.3471928902689,27.15220028965051,54.53993115773646,8.621613962035308,4.970254454325807,36.0215840471982,54.93608801188008,1006.730100123894,10.629891492559482,2026-06-03 15:15:26.999717,15.0,3.0,6.0,2.0,0.0,153.0,216.0,182.0,178.0,175.66666666666666,29.35756574831495,148.66666666666666,-15.0,188.0,
Lahore,198,157.4176670828595,118.08370542317904,30.53502002932716,51.098211420116456,2.3116592966862326,3.644271156667456,23.79245528906124,36.01026043208599,993.04030287393,9.459928747454128,2026-06-03 16:15:26.999717,16.0,3.0,6.0,2.0,0.0,138.0,164.0,199.0,173.0,175.5,29.20102737918597,149.70833333333334,60.0,146.0,
Lahore,175,138.9707028455983,110.48273559115128,46.020803454617145,68.69143585205786,1.054309573655889,1.2302637094131066,27.82545243882231,84.67017507090128,996.6423826640372,5.702269920505724,2026-06-03 17:15:26.999717,17.0,3.0,6.0,2.0,0.0,198.0,153.0,184.0,152.0,174.0,28.9067466173551,150.66666666666666,-23.0,151.0,
Lahore,152,117.86710826729882,80.2437307441736,35.576809711739585,41.02001942492206,11.16882920566654,0.5558724012624057,25.488518350496907,60.46385784073429,1010.9000759702158,3.6975168912462295,2026-06-03 18:15:26.999717,18.0,3.0,6.0,2.0,0.0,175.0,138.0,216.0,137.0,163.33333333333334,21.04914883473084,151.29166666666666,-23.0,163.0,
Lahore,151,119.9161291844211,98.27241050897256,57.17826085784885,70.28081214187253,8.002462617777267,1.270771863314681,24.24855919675941,54.41833169466549,1012.5937232685848,6.084321449335679,2026-06-03 19:15:26.999717,19.0,3.0,6.0,2.0,0.0,152.0,198.0,164.0,162.0,161.16666666666666,21.62791406184732,150.83333333333334,-1.0,121.0,
Lahore,115,84.25690850568127,74.6118710935158,12.094019691938776,31.95837696366793,2.807214026426384,4.271791643085823,15.589987184610026,65.3294935948976,1003.4752059390077,6.024859287837883,2026-06-03 20:15:26.999717,20.0,3.0,6.0,2.0,0.0,151.0,175.0,153.0,120.0,154.83333333333334,28.85423134770117,150.625,-36.0,152.0,
Lahore,179,140.74423126428948,105.1011769208476,35.1534161316014,74.5030628254318,6.206320482316336,0.5973769622532368,24.7205653220716,41.56742614914635,990.7908904303232,7.323306586672052,2026-06-03 21:15:26.999717,21.0,3.0,6.0,2.0,0.0,115.0,152.0,138.0,132.0,161.66666666666666,28.92519086655528,152.58333333333334,64.0,126.0,
Lahore,128,100.97562253315164,79.51695413935904,39.2112394415859,57.39927350609301,4.610468049770486,1.5491628662813894,39.01622974078731,37.95292674629246,1013.1743392697942,2.233170813394849,2026-06-03 22:15:26.999717,22.0,3.0,6.0,2.0,0.0,179.0,151.0,198.0,115.0,150.0,25.21904042583697,153.125,-51.0,117.0,
Lahore,123,97.11910123752313,73.81573863453163,56.00984930371369,24.288285201832046,27.53147303790374,3.9078751790069393,33.64062014202946,54.33151328747661,1007.551606450682,7.8674385653398655,2026-06-03 23:15:26.999717,23.0,3.0,6.0,2.0,0.0,128.0,115.0,175.0,131.0,141.33333333333334,23.80476142847636,152.79166666666666,-5.0,135.0,
Lahore,134,105.99251277064612,86.54995184219341,12.45792618107138,47.306369126646885,5.067749190315899,3.137497411541608,18.926417195576875,43.63324164599463,1000.350698093884,5.479211090469789,2026-06-04 00:15:26.999717,0.0,4.0,6.0,3.0,0.0,123.0,179.0,152.0,126.0,138.33333333333334,23.320949094466098,153.125,11.0,128.0,
Lahore,130,103.69117900069936,82.9134157138497,38.6749792467608,44.97729211161917,16.591805455642696,4.022310696620863,30.96118512481396,44.65741767222987,1004.9594735799874,7.442457983290311,2026-06-04 01:15:26.999717,1.0,4.0,6.0,3.0,0.0,134.0,128.0,151.0,141.0,134.83333333333334,22.604571808965616,152.66666666666666,-4.0,113.0,
Lahore,127,103.99720759043032,69.19964638408496,52.68149642639785,15.342411629775048,18.20007269825277,3.857677267220546,39.09023321861953,83.55068926671177,1000.744370861034,2.875257875034548,2026-06-04 02:15:26.999717,2.0,4.0,6.0,3.0,0.0,130.0,123.0,115.0,113.0,136.83333333333334,20.97061436073538,153.25,-3.0,146.0,
Lahore,112,93.9725853706626,70.13631206732089,22.09638640596183,49.34321793129606,16.76119427355038,0.7277062420481213,33.9009191060511,61.84555063114949,1001.6334806683012,5.21273872652826,2026-06-04 03:15:26.999717,3.0,4.0,6.0,3.0,0.0,127.0,134.0,179.0,122.0,125.66666666666669,7.60701430698623,152.83333333333334,-15.0,106.0,
Lahore,143,111.15117386575866,84.77186073178376,53.81461742619688,28.608921778771847,3.872636592263651,4.516301385923682,19.01447859363081,59.008143859401066,1012.170246641485,2.5224145734302432,2026-06-04 04:15:26.999717,4.0,4.0,6.0,3.0,0.0,112.0,130.0,128.0,114.0,128.16666666666666,10.45785191455159,154.04166666666666,31.0,146.0,
Lahore,179,137.1839957230543,107.81416285259048,10.952170463714593,8.926157510720182,10.245152490765983,1.5216432542702092,38.43147741183141,71.36877562371583,994.0271061729278,10.50366188108162,2026-06-04 05:15:26.999717,5.0,4.0,6.0,3.0,0.0,143.0,127.0,123.0,133.0,137.5,22.72223580548388,155.95833333333334,36.0,153.0,
Lahore,176,135.5897779387845,101.95914049515092,46.62273145668649,76.14921182799236,2.4868396414314446,2.9902659810339367,23.141688358799364,87.09288682060438,992.591728387056,5.855532540498452,2026-06-04 06:15:26.999717,6.0,4.0,6.0,3.0,0.0,179.0,112.0,134.0,157.0,144.5,27.4135003237457,156.75,-3.0,143.0,
Lahore,181,142.36398539402538,117.34068534560416,56.65566105843265,53.11177767982159,12.474427508793164,3.3992967043750046,27.26005589643323,36.731913868233846,990.0682186128254,2.699776986885745,2026-06-04 07:15:26.999717,7.0,4.0,6.0,3.0,0.0,176.0,143.0,130.0,165.0,153.0,29.81945673549397,157.41666666666666,5.0,156.0,
Lahore,147,115.84039341091746,93.40030909951288,42.85988308200311,70.76891989031353,6.469369006876168,1.2588269489829291,29.20585451160695,80.01207402655544,997.8500093903032,0.4945043488985554,2026-06-04 08:15:26.999717,8.0,4.0,6.0,3.0,0.0,181.0,179.0,127.0,139.0,156.33333333333334,27.347150978971456,157.75,-34.0,133.0,
Lahore,145,112.1500196690127,83.30114418013517,31.9514621990224,55.70420037599399,17.287343465247012,4.893040655154385,37.96367831821127,65.04115079207075,993.6853441621108,8.108863975842501,2026-06-04 09:15:26.999717,9.0,4.0,6.0,3.0,0.0,147.0,176.0,112.0,182.0,161.83333333333334,18.55172947912548,156.20833333333334,-2.0,184.0,
Lahore,169,128.71941667875055,94.72694696544885,12.244050823635902,31.77377691050847,21.091443421623914,2.6967018023928904,40.153402368986846,38.76992122871023,995.4996373784528,2.5757365678770685,2026-06-04 10:15:26.999717,10.0,4.0,6.0,3.0,0.0,145.0,181.0,143.0,199.0,166.16666666666666,16.154462747694474,154.95833333333334,24.0,168.0,
Lahore,177,139.31939586262905,104.27163684511076,56.00569066613144,43.451605424660855,16.431475945936487,0.7593921301882705,40.100627700345015,47.82895912133949,990.2809745666344,11.87498630782534,2026-06-04 11:15:26.999717,11.0,4.0,6.0,3.0,0.0,169.0,147.0,179.0,184.0,165.83333333333334,15.854547192103876,154.66666666666666,8.0,166.0,
Lahore,201,161.70713310056988,122.77251323045652,33.514811134578736,55.68100702603828,13.592864201730476,4.717679201500282,15.214762894520597,58.94168498788437,995.6798853671926,6.404404480982059,2026-06-04 12:15:26.999717,12.0,4.0,6.0,3.0,0.0,177.0,145.0,176.0,216.0,170.0,21.38223561744603,154.04166666666666,24.0,200.0,
Lahore,146,119.77514732917784,88.8010292197311,11.4498372167974,77.01892439010781,12.23266920484408,3.1382052943697065,39.89098911080735,71.47062867464538,998.3177895483092,3.467723954976385,2026-06-04 13:15:26.999717,13.0,4.0,6.0,3.0,0.0,201.0,169.0,181.0,164.0,164.16666666666666,22.52480114599573,153.29166666666666,-55.0,165.0,
Lahore,208,163.6128847344584,131.0656641238412,44.4910535664381,24.02520943412724,25.40906127481311,3.6463693909161936,16.468448082042453,44.55642101720713,990.789187410247,7.892129205511564,2026-06-04 14:15:26.999717,14.0,4.0,6.0,3.0,0.0,146.0,177.0,147.0,153.0,174.33333333333334,26.62079387746803,155.58333333333334,62.0,150.0,
Lahore,171,134.73501088928285,106.54959861090424,34.09186267881291,70.62327939680883,7.361673886892832,2.863291054704008,22.17588873407076,62.092728928055394,1005.1976031074288,3.3026390812570265,2026-06-04 15:15:26.999717,15.0,4.0,6.0,3.0,0.0,208.0,201.0,145.0,138.0,178.66666666666666,22.72150229774947,156.95833333333334,-37.0,143.0,
Lahore,160,123.36650845576344,100.84784512876452,16.217265872120535,74.30583539707021,22.292331846337195,4.256320796496354,28.90467207765149,71.08029764495171,1004.220008722094,9.843291526916955,2026-06-04 16:15:26.999717,16.0,4.0,6.0,3.0,0.0,171.0,146.0,169.0,198.0,177.16666666666666,23.76061166440452,155.375,-11.0,181.0,
Lahore,141,112.64280414812612,86.23427700305218,20.71359046551298,55.28116359942174,22.96698741746345,0.649100579869449,27.95799360311864,56.92444505085037,992.425894462748,3.698832611159303,2026-06-04 17:15:26.999717,17.0,4.0,6.0,3.0,0.0,160.0,208.0,177.0,175.0,171.16666666666666,27.98154153485192,153.95833333333334,-19.0,136.0,
Lahore,120,91.75785682904592,65.05350634894505,13.224534022792314,74.84499705510034,13.1568002108513,1.707702643747165,31.327164434959585,81.78155766721055,1004.87524443796,11.858972788750911,2026-06-04 18:15:26.999717,18.0,4.0,6.0,3.0,0.0,141.0,171.0,201.0,152.0,157.66666666666666,30.16399619855861,152.625,-21.0,189.0,
Lahore,162,132.465639066206,96.22150734426548,38.71467698542868,34.84089406080264,9.621717377543542,2.613417603812115,27.94504817589916,82.16754617042426,1014.966347965222,7.261737425343523,2026-06-04 19:15:26.999717,19.0,4.0,6.0,3.0,0.0,120.0,160.0,146.0,151.0,160.33333333333334,29.62881480361061,153.08333333333334,42.0,104.0,
Lahore,139,102.27066754032944,88.70044869954332,41.10147396260047,76.47621320303321,14.645703095333282,0.8447162734116952,40.22814335029136,58.24147305842675,1013.6117238202884,10.13293378731196,2026-06-04 20:15:26.999717,20.0,4.0,6.0,3.0,0.0,162.0,141.0,208.0,115.0,148.83333333333334,18.86177792962975,154.08333333333334,-23.0,171.0,
Lahore,105,82.20185163773769,62.74238535737677,35.287114917772215,57.708715787448114,3.703203850888257,3.6765800119699614,21.49481890179385,88.37554262453398,990.0667748341916,0.8737856349410666,2026-06-04 21:15:26.999717,21.0,4.0,6.0,3.0,0.0,139.0,120.0,171.0,179.0,137.83333333333334,22.283775861973663,151.0,-34.0,135.0,
Lahore,99,80.70553669595871,61.91545184311873,50.85510665013074,8.150432556410893,2.3319709346436093,2.271485363250384,22.39866673903912,34.53510554432684,1009.884457783259,4.179593008634258,2026-06-04 22:15:26.999717,22.0,4.0,6.0,3.0,0.0,105.0,162.0,160.0,128.0,127.66666666666669,23.997222061453098,149.79166666666666,-6.0,123.0,
Lahore,115,92.91917258161251,67.40625842376933,53.05044106540068,73.01546238642895,4.236492784104862,1.7270059562066482,39.859924263712514,30.2017426993762,998.840131905912,8.849845033993796,2026-06-04 23:15:26.999717,23.0,4.0,6.0,3.0,0.0,99.0,139.0,141.0,123.0,123.33333333333331,23.44923595059541,149.45833333333334,16.0,110.0,
Lahore,153,135.8651683199025,86.65094075729077,40.78121983415633,41.33546067748944,6.427205912404559,0.5152048106378553,17.07196687112192,52.84009582823514,991.5912842583656,7.860708208086992,2026-06-05 00:15:26.999717,0.0,5.0,6.0,4.0,0.0,115.0,105.0,120.0,134.0,128.83333333333334,26.21767851406165,150.25,38.0,128.0,
Lahore,115,93.74900012283952,68.38327967976944,10.637823985371528,39.52452385833746,15.621127789803246,3.739236402874792,31.458142191429868,66.06582368235055,997.3995803429052,2.330917457205093,2026-06-05 01:15:26.999717,1.0,5.0,6.0,4.0,0.0,153.0,99.0,162.0,130.0,121.0,20.78460969082729,149.625,-38.0,119.0,
Lahore,93,69.37972701578995,57.34523721516327,44.76148278738678,47.48499544847257,25.62496244867254,4.252141889927878,33.406870705771496,67.75200944697966,998.043412907824,4.274435166116518,2026-06-05 02:15:26.999717,2.0,5.0,6.0,4.0,0.0,115.0,115.0,139.0,127.0,113.33333333333331,21.29475678815579,148.20833333333334,-22.0,145.0,
Lahore,123,97.92267876455465,70.52156140269278,30.89996084601757,16.203841007842094,7.833627627990922,2.277682410566743,28.64962653260297,58.58674417762971,1003.0811059827264,3.161320889850491,2026-06-05 03:15:26.999717,3.0,5.0,6.0,4.0,0.0,93.0,153.0,105.0,112.0,116.33333333333331,21.153407920869483,148.66666666666666,30.0,130.0,
Lahore,128,93.51876833266776,75.62144377571666,38.27787416131935,40.1874536425549,28.119698311656563,3.038980896650145,33.7442607282247,37.49299879443877,1006.5270941817214,7.360442037142116,2026-06-05 04:15:26.999717,4.0,5.0,6.0,4.0,0.0,123.0,115.0,99.0,143.0,121.16666666666669,19.661298702443297,148.04166666666666,5.0,137.0,
Lahore,87,69.1970012535162,47.50268379007008,42.45403010094422,67.33454125383093,28.6923293591151,1.5245898166831928,19.66437544232311,40.229851307273655,1008.7263903052102,4.1348187535053,2026-06-05 05:15:26.999717,5.0,5.0,6.0,4.0,0.0,128.0,93.0,115.0,179.0,116.5,24.213632523849803,144.20833333333334,-41.0,134.0,
Lahore,148,114.23471971499622,94.39622458782048,27.51183071635384,6.1611844353136505,28.80823354051095,3.299889408260599,38.02107028483158,81.12887903112055,996.1475760640816,3.7086509040041977,2026-06-05 06:15:26.999717,6.0,5.0,6.0,4.0,0.0,87.0,123.0,153.0,176.0,115.66666666666669,22.74789367538684,143.04166666666666,61.0,148.0,
Lahore,145,120.5769513778008,85.52772121205983,55.85492525858971,25.46878702432785,25.28931930561339,0.5546185624184023,18.78069361568691,82.07466790435568,998.0442642562124,2.4885357652361004,2026-06-05 07:15:26.999717,7.0,5.0,6.0,4.0,0.0,148.0,128.0,115.0,181.0,120.66666666666669,25.6800830735942,141.54166666666666,-3.0,156.0,
Lahore,172,134.85229862702232,110.46377772563092,16.69874333748906,5.184093983288316,11.550926183133898,2.698897536944413,25.82193599652524,70.43391227164321,997.7095426714934,4.90832545097578,2026-06-05 08:15:26.999717,8.0,5.0,6.0,4.0,0.0,145.0,87.0,93.0,147.0,133.83333333333334,28.729195371027803,142.58333333333334,27.0,123.0,
Lahore,202,161.0161704210238,128.84373925270452,43.57559036405187,36.17834818623862,3.107833419076069,3.398924668283115,17.031955235321558,69.85307833673295,999.068421703022,2.346031082358643,2026-06-05 09:15:26.999717,9.0,5.0,6.0,4.0,0.0,172.0,148.0,123.0,145.0,147.0,39.02819493648156,144.95833333333334,30.0,138.0,
Lahore,194,152.022210792978,115.99477017639128,10.217978997829022,59.6236632870301,17.495743221228352,4.631862979533803,29.720699128069803,65.86092768166844,1014.9914077239084,11.550835048531589,2026-06-05 10:15:26.999717,10.0,5.0,6.0,4.0,0.0,202.0,145.0,128.0,169.0,158.0,41.80430599830589,146.0,-8.0,186.0,
Lahore,171,145.49425675926668,97.55775633726324,56.23255527025904,64.90788718359714,17.201761874179777,2.21601117705028,33.083136800492255,42.17555314211929,1009.4485825706856,1.8540217379436408,2026-06-05 11:15:26.999717,11.0,5.0,6.0,4.0,0.0,194.0,172.0,87.0,177.0,172.0,23.19482700948597,145.75,-23.0,180.0,
Lahore,157,123.99378616941046,83.77051061133332,15.625206661904574,75.88923208452549,25.64929724617827,3.943355913414634,40.41298414757284,55.69504201559419,1014.3747616317174,10.959656579505316,2026-06-05 12:15:26.999717,12.0,5.0,6.0,4.0,0.0,171.0,202.0,148.0,201.0,173.5,21.56617722267853,143.91666666666666,-14.0,175.0,
Lahore,231,193.96278521739603,131.23981463486604,14.744211507378733,50.63784597280899,29.88374047743705,3.1895916347457534,34.962077289192024,71.75367908780272,1007.3277764886764,5.141677177878984,2026-06-05 13:15:26.999717,13.0,5.0,6.0,4.0,0.0,157.0,194.0,145.0,146.0,187.8333333333333,26.783701511677407,147.45833333333334,74.0,180.0,
Lahore,179,147.27075881059136,100.5308258755067,26.65038165261221,24.09701499896716,15.73656189024428,4.671554508162862,29.60977874426208,62.23513632020032,1000.156767541182,4.534391898740665,2026-06-05 14:15:26.999717,14.0,5.0,6.0,4.0,0.0,231.0,171.0,172.0,208.0,189.0,26.099808428415,146.25,-52.0,185.0,
Lahore,174,141.61033363667696,111.29234813730751,28.67831430195403,74.31109618525242,11.010916900153743,2.2926995404674377,40.18065946359901,31.11482004330595,999.7436045906744,2.775837610858186,2026-06-05 15:15:26.999717,15.0,5.0,6.0,4.0,0.0,179.0,157.0,202.0,171.0,184.3333333333333,25.81214184577936,146.375,-5.0,163.0,
Lahore,168,136.24366573658762,101.37912293613472,20.71500361614393,63.14868154102821,6.391149635131743,1.935929029428446,27.917794627103667,87.2134084032059,1002.2145286243762,7.629076012410229,2026-06-05 16:15:26.999717,16.0,5.0,6.0,4.0,0.0,174.0,231.0,194.0,160.0,180.0,26.046112953758985,146.70833333333334,-6.0,153.0,
Lahore,165,133.96898649108127,100.94802262045994,39.25608304635624,48.08213622523584,1.1391949197037512,4.492138994123647,30.152552633669472,80.6889631543286,1000.4217445841108,8.226336180130037,2026-06-05 17:15:26.999717,17.0,5.0,6.0,4.0,0.0,168.0,179.0,171.0,141.0,179.0,26.570660511172324,147.70833333333334,-3.0,165.0,
Lahore,151,111.16163710327196,79.49789495532437,32.145704902098174,57.1730161789202,15.764297082177496,0.721599806337301,31.094660247092584,45.63270084658427,1010.7081561523188,5.610851547029009,2026-06-05 18:15:26.999717,18.0,5.0,6.0,4.0,0.0,165.0,174.0,157.0,120.0,178.0,27.655017627909285,149.0,-14.0,134.0,
Lahore,134,105.80558302924622,74.41016785391368,11.70877945205437,74.32372662555719,17.11004133437528,1.1137342682015456,26.069452598937303,66.98753610997777,1001.6250503256672,0.6684827483210896,2026-06-05 19:15:26.999717,19.0,5.0,6.0,4.0,0.0,151.0,168.0,231.0,162.0,161.83333333333334,16.63029364342842,147.83333333333334,-17.0,154.0,
Lahore,127,105.8257898559216,80.63539888223144,25.98260311276504,58.42955213546912,24.923215914704524,0.8708199556282,37.63903264527725,85.39436302369126,997.3903590052712,11.022121808262598,2026-06-05 20:15:26.999717,20.0,5.0,6.0,4.0,0.0,134.0,165.0,179.0,139.0,153.16666666666666,19.239715867617804,147.33333333333334,-7.0,103.0,
Lahore,130,103.75551408262947,79.43387056191293,50.52164567865852,32.62808806885505,15.632732068891215,4.293994804593812,19.9997503488166,35.76066072681908,1009.3715067174164,11.763949594516571,2026-06-05 21:15:26.999717,21.0,5.0,6.0,4.0,0.0,127.0,151.0,174.0,105.0,145.83333333333334,18.060084901978502,148.375,3.0,151.0,
Lahore,114,84.17405076598213,67.663973606572,44.48507674309343,58.47711517168225,27.57758211131564,0.5477334051664373,29.98073914003341,60.18176884780203,1011.3605102345348,5.17252098254202,2026-06-05 22:15:26.999717,22.0,5.0,6.0,4.0,0.0,130.0,134.0,168.0,99.0,136.83333333333334,18.25833143161448,149.0,-16.0,134.0,
Lahore,107,85.33797774711266,67.02421179300062,46.243542678994025,8.02086220515409,19.21442082057163,4.377457199736717,34.50029791705424,57.37458155077767,1000.5107239035112,7.363929688911925,2026-06-05 23:15:26.999717,23.0,5.0,6.0,4.0,0.0,114.0,127.0,165.0,115.0,127.16666666666669,15.510211689938062,148.66666666666666,-7.0,126.0,
Lahore,122,106.12052758127746,81.37898903067908,44.90584620417618,33.9811671372936,25.36975090841141,2.530705079170701,39.40735664066759,54.61230031701194,1006.6952142976384,5.403583514924961,2026-06-06 00:15:26.999717,0.0,6.0,6.0,5.0,1.0,107.0,130.0,151.0,153.0,122.33333333333331,10.21110506589255,147.375,15.0,139.0,
Lahore,115,98.2344585776736,67.89478768231474,25.548651069151664,35.47422738841844,5.300750309424666,0.5181137548428684,38.86579670372552,80.13531653357549,991.4701133472076,3.862555810633447,2026-06-06 01:15:26.999717,1.0,6.0,6.0,5.0,1.0,122.0,114.0,134.0,115.0,119.16666666666669,8.704405015088614,147.375,-7.0,153.0,
Lahore,153,122.08997995316984,92.14684901329036,14.983196103838791,17.512867581562602,25.80474777876713,2.3074032974541883,28.735987814613832,52.83876880184744,1003.2366212992866,0.9278255142936916,2026-06-06 02:15:26.999717,2.0,6.0,6.0,5.0,1.0,115.0,107.0,127.0,93.0,123.5,16.428633540256126,149.875,38.0,143.0,
Lahore,75,64.75724638529043,45.96298459365653,23.6233592016548,6.731411041382764,20.579171778871604,1.3406037847026602,32.36535918141023,33.81979999446045,991.1245284436376,5.472812764767586,2026-06-06 03:15:26.999717,3.0,6.0,6.0,5.0,1.0,153.0,122.0,130.0,123.0,114.33333333333331,25.121040318161683,147.875,-78.0,91.0,
Lahore,156,122.96746489815976,105.56054817636996,51.58926500925797,15.00359274783071,5.936757940711586,3.309802193624733,25.644418875491127,33.95026452985815,990.7297710123617,9.82061467631342,2026-06-06 04:15:26.999717,4.0,6.0,6.0,5.0,1.0,75.0,115.0,114.0,128.0,121.33333333333331,30.32270876202681,149.04166666666666,81.0,108.0,
Lahore,166,124.28064206586642,89.10321867790486,59.023539889153554,54.09661218477913,6.503143186234315,3.5571145546474097,27.640799597765408,32.56467639147654,1005.3231212630684,0.2043775330560429,2026-06-06 05:15:26.999717,5.0,6.0,6.0,5.0,1.0,156.0,153.0,107.0,87.0,131.16666666666666,34.07883018336585,152.33333333333334,10.0,129.0,
Lahore,108,81.77767005935223,68.21611507394404,34.692350737078065,65.17166122727656,27.868517952282417,2.693874066822499,39.46917639947233,54.54872531244223,997.5833845598748,6.985292198162668,2026-06-06 06:15:26.999717,6.0,6.0,6.0,5.0,1.0,166.0,75.0,122.0,148.0,128.83333333333334,35.28975299809691,150.66666666666666,-58.0,150.0,
Lahore,143,122.214443842541,85.22598875620469,10.485017746152112,79.11526195452306,1.9342454530608133,0.6823378644785149,40.1290078161968,73.1043766619016,1008.5634290613866,10.569265304720266,2026-06-06 07:15:26.999717,7.0,6.0,6.0,5.0,1.0,108.0,156.0,115.0,145.0,133.5,34.94424129953343,150.58333333333334,35.0,160.0,
Lahore,150,118.63003459085348,92.8338586309209,17.002240606711453,30.97726273313707,14.413513355575477,3.452579619652409,39.17617956780953,42.223347715830926,1012.4020640158147,2.610593160172296,2026-06-06 08:15:26.999717,8.0,6.0,6.0,5.0,1.0,143.0,166.0,153.0,172.0,133.0,34.62946722085136,149.66666666666666,7.0,143.0,
Lahore,137,108.38308010312493,78.91313723002638,26.10402876581329,49.95344166958263,10.090783408088946,4.289174526224846,18.736013268968232,68.78811122589298,993.4847793432588,2.1990703762687462,2026-06-06 09:15:26.999717,9.0,6.0,6.0,5.0,1.0,150.0,108.0,75.0,202.0,143.33333333333334,20.036633117035265,146.95833333333334,-13.0,169.0,
Lahore,156,123.3008090186256,93.35517484570774,38.92926742964749,75.28587251113414,20.287245759954413,3.741459247968807,37.95226857592718,71.22530832622225,1008.1130709644732,9.267319508423316,2026-06-06 10:15:26.999717,10.0,6.0,6.0,5.0,1.0,137.0,143.0,156.0,194.0,143.33333333333334,20.036633117035265,145.375,19.0,156.0,
Lahore,154,132.72068294786504,95.95705289732749,13.754682290265698,17.528133600361446,25.349252239500768,4.234810635298933,40.60582073757997,45.31212744093588,1002.8629999572086,3.06103717343152,2026-06-06 11:15:26.999717,11.0,6.0,6.0,5.0,1.0,156.0,150.0,166.0,171.0,141.33333333333334,17.79513042005246,144.66666666666666,-2.0,164.0,
Lahore,214,179.32979457681034,143.96455100521922,57.16786493549408,58.8234189757057,11.450965525140518,1.4022928559789936,24.75374175348733,66.03345936363775,992.8029812540676,2.303811210727781,2026-06-06 12:15:26.999717,12.0,6.0,6.0,5.0,1.0,154.0,137.0,108.0,157.0,159.0,27.85677655436809,147.04166666666666,60.0,151.0,
Lahore,198,169.4939011672407,122.84018094701035,28.25418366422004,61.62340498618724,13.38016053236228,4.499995728454172,29.00344981438507,71.09210040161085,1006.2898151620182,4.535871006830821,2026-06-06 13:15:26.999717,13.0,6.0,6.0,5.0,1.0,214.0,156.0,143.0,231.0,168.16666666666666,30.465827851326296,145.66666666666666,-16.0,161.0,
Lahore,203,161.60477394799975,117.55967200984746,55.62921089624116,11.67316519020038,29.47561575054101,1.9498705279158328,36.03557190695089,57.99681736812754,1005.236670077662,4.710024147242615,2026-06-06 14:15:26.999717,14.0,6.0,6.0,5.0,1.0,198.0,154.0,150.0,179.0,177.0,31.79937106296245,146.66666666666666,5.0,151.0,
Lahore,188,151.8781224437355,110.68120158988648,49.026090137851085,69.59370388872988,23.73357878069688,0.5603216641339597,30.17610971427252,50.202995836805705,1002.8910466850195,10.489212756198793,2026-06-06 15:15:26.999717,15.0,6.0,6.0,5.0,1.0,203.0,214.0,137.0,174.0,185.5,25.073890802984,147.25,-15.0,154.0,
Lahore,146,109.21678725289604,85.33292945808073,47.771863625779055,65.98287853331328,27.01891979702195,4.295262408480818,41.82405508606874,67.14909309445963,1013.1617801139914,7.421321663204123,2026-06-06 16:15:26.999717,16.0,6.0,6.0,5.0,1.0,188.0,198.0,156.0,168.0,183.8333333333333,27.62909094897321,146.33333333333334,-42.0,190.0,
Lahore,151,128.1846721305914,81.62178413684993,40.3359789891116,7.505225493307583,13.724104398897262,4.73819571034127,27.30426085923437,88.67082523968341,1003.0269924026004,4.871537476075073,2026-06-06 17:15:26.999717,17.0,6.0,6.0,5.0,1.0,146.0,203.0,154.0,165.0,183.3333333333333,28.29605390627171,145.75,5.0,142.0,
Lahore,163,124.56110224366032,96.1495490414928,41.33919085259223,11.83133111600386,7.788209915539341,3.4500118883780697,34.2764532025992,55.61048456213868,1014.7628778862552,6.412655571429202,2026-06-06 18:15:26.999717,18.0,6.0,6.0,5.0,1.0,151.0,188.0,214.0,151.0,174.83333333333334,24.66914401973937,146.25,12.0,206.0,
Lahore,121,97.88387781881316,76.26414540910872,41.90016176081241,8.684517041888924,12.9440404962071,1.541464837085411,36.39996078530669,53.50410577710726,1002.7307203462028,11.44758279990329,2026-06-06 19:15:26.999717,19.0,6.0,6.0,5.0,1.0,163.0,146.0,198.0,134.0,162.0,29.718680993610548,145.70833333333334,-42.0,155.0,
Lahore,152,116.1134873618358,84.82883940461603,41.4360693512791,30.10576488495217,21.76666561711389,1.6328500892713866,28.340711225477865,57.8560141455668,992.8963009575342,1.3585761193187444,2026-06-06 20:15:26.999717,20.0,6.0,6.0,5.0,1.0,121.0,151.0,203.0,127.0,153.5,21.91574776273896,146.75,31.0,141.0,
Lahore,126,97.85566586630654,80.84241325525295,37.686411569918064,43.19667430099446,4.173481740243401,2.599667930460288,38.13856275420714,34.573103606702894,1001.7617812768758,2.492586260696297,2026-06-06 21:15:26.999717,21.0,6.0,6.0,5.0,1.0,152.0,163.0,188.0,130.0,143.16666666666666,16.290078780247654,146.58333333333334,-26.0,113.0,
Lahore,117,89.41368784475151,72.63887410542169,59.32070092414445,44.92607959659716,8.843604062878757,4.540239858206387,29.746173962594305,63.1897967802834,994.5582190638768,11.550344479038664,2026-06-06 22:15:26.999717,22.0,6.0,6.0,5.0,1.0,126.0,121.0,146.0,114.0,138.33333333333334,19.304576314094017,146.70833333333334,-9.0,139.0,
Lahore,135,104.96062369662091,77.32883339014481,46.614528371284806,25.0750069827082,2.352441113386121,1.1731894526640128,26.114571513644048,49.72184323303581,1004.9283371304356,11.48789818232645,2026-06-06 23:15:26.999717,23.0,6.0,6.0,5.0,1.0,117.0,152.0,151.0,107.0,135.66666666666666,18.2829611022581,147.875,18.0,110.0,
Lahore,128,99.70438648425512,76.09235181331076,48.84731941962606,73.36976649202056,13.538084411805816,4.216881513125691,17.91123919400257,37.28532733987575,1007.32830437984,2.125985055177272,2026-06-07 00:15:26.999717,0.0,7.0,6.0,6.0,1.0,135.0,126.0,163.0,122.0,129.83333333333334,12.480651692387251,148.125,-7.0,122.0,
Lahore,113,87.65865602537463,75.79160903820517,53.62314075418371,32.61970924039349,24.995926343408783,1.8108626391731768,25.62216656146145,57.9754044670424,1001.7108819676772,1.7413058055035786,2026-06-07 01:15:26.999717,1.0,7.0,6.0,6.0,1.0,128.0,117.0,121.0,115.0,128.5,13.953494186046148,148.04166666666666,-15.0,171.0,
Lahore,146,120.96666955890154,91.26773906752932,20.78198813629246,8.416261697401438,1.7152469606423133,4.138637762430941,34.81628427779867,30.203039194438645,992.4425741920788,5.0530216120634375,2026-06-07 02:15:26.999717,2.0,7.0,6.0,6.0,1.0,113.0,135.0,152.0,153.0,127.5,12.012493496357228,147.75,33.0,121.0,
Lahore,106,79.27568603468741,63.64391827449073,14.190207954753038,27.51703336560398,20.584382277407816,4.641220389206924,39.8747331153629,54.10711470976554,1001.7160349645887,0.5966195098556293,2026-06-07 03:15:26.999717,3.0,7.0,6.0,6.0,1.0,146.0,128.0,126.0,75.0,124.16666666666669,14.932068398808486,149.04166666666666,-40.0,151.0,
Lahore,146,117.90270713506936,86.41158341519507,34.144721829929935,44.833206690811664,28.04238036089845,2.423722423974441,21.79534390422838,36.34411607558703,992.03635536836,7.8588423874216815,2026-06-07 04:15:26.999717,4.0,7.0,6.0,6.0,1.0,106.0,113.0,117.0,156.0,129.0,16.7332005306822,148.625,40.0,120.0,
Lahore,153,128.4897957615278,92.18304535225828,35.70403478096366,35.6166366941174,7.870907983824286,2.1427279434748887,24.59135896792357,31.45756220398681,1007.0531488876634,0.9299522599409062,2026-06-07 05:15:26.999717,5.0,7.0,6.0,6.0,1.0,146.0,146.0,135.0,166.0,132.0,19.421637418096854,148.08333333333334,7.0,141.0,
Lahore,143,111.83401817743302,83.24118221028849,51.45908899749588,25.53818893244444,21.1154103811018,4.109995935370858,19.156946840819508,79.46850277467013,1009.7592056216272,0.6963555251313687,2026-06-07 06:15:26.999717,6.0,7.0,6.0,6.0,1.0,153.0,106.0,128.0,108.0,134.5,19.76613265158405,149.54166666666666,-10.0,185.0,
Lahore,156,121.210405546262,83.07625247140493,32.189178964116785,14.849243732323806,29.27795513190581,2.882672970707273,33.64951814418215,84.97492819695809,1014.059508180676,5.822243234506191,2026-06-07 07:15:26.999717,7.0,7.0,6.0,6.0,1.0,143.0,146.0,113.0,143.0,141.66666666666666,18.140194780284908,150.08333333333334,13.0,137.0,
Lahore,133,105.24737687409876,90.01088955267365,38.54265127721564,66.43733750721722,28.906063744421434,3.580020718084387,40.92508761026798,42.4604789015464,993.7200526782116,11.493439633321218,2026-06-07 08:15:26.999717,8.0,7.0,6.0,6.0,1.0,156.0,153.0,146.0,150.0,139.5,18.294808006645265,149.375,-23.0,194.0,
Lahore,184,153.09862604180356,111.176624995997,36.35354692567292,79.7108931593144,7.812946597845155,3.302731566325308,32.30570993590074,62.35789583005568,1003.3105083883326,5.1215512327579145,2026-06-07 09:15:26.999717,9.0,7.0,6.0,6.0,1.0,133.0,143.0,106.0,137.0,152.5,17.42125139018425,151.33333333333334,51.0,179.0,
Lahore,168,135.3705381547668,102.79073632561268,11.910139187869554,29.71566001429116,3.909600543149992,1.1879998054015837,31.66106631016811,46.6774894278591,1004.1884341883856,4.277773903926613,2026-06-07 10:15:26.999717,10.0,7.0,6.0,6.0,1.0,184.0,156.0,146.0,156.0,156.16666666666666,18.08221962776304,151.83333333333334,-16.0,160.0,
Lahore,166,130.143928526962,99.31046125061545,40.7607448298457,33.621578313245294,5.300193598981562,4.301556621303027,29.94422812351172,59.61464632033093,1013.0619133445244,11.97548058602743,2026-06-07 11:15:26.999717,11.0,7.0,6.0,6.0,1.0,168.0,133.0,153.0,154.0,158.33333333333334,18.40289832245607,152.33333333333334,-2.0,189.0,
Lahore,200,162.4193832559402,116.32441599637706,51.40216428871261,51.35281435077178,21.359034385982124,1.380988001359113,17.388304998509486,56.19787925364962,1005.6819160149128,6.383627529350202,2026-06-07 12:15:26.999717,12.0,7.0,6.0,6.0,1.0,166.0,184.0,143.0,214.0,167.83333333333334,23.034032792080616,151.75,34.0,198.0,
Lahore,165,126.48853925081788,98.07037759525616,17.87502740379019,58.8831106051656,22.04700738814499,4.695269648318513,34.69660331359336,46.14306330482914,993.637741141133,4.502896882682983,2026-06-07 13:15:26.999717,13.0,7.0,6.0,6.0,1.0,200.0,168.0,156.0,198.0,169.33333333333334,22.39345142372304,150.375,-35.0,192.0,
Lahore,150,123.40679755221474,82.00302618902845,39.71658669632978,34.402215110269346,20.55286028721777,1.6275708113996652,31.25533767583247,72.02361477811786,1000.9087830990798,4.630329760099222,2026-06-07 14:15:26.999717,14.0,7.0,6.0,6.0,1.0,165.0,166.0,133.0,203.0,172.16666666666666,17.394443557258164,148.16666666666666,-15.0,146.0,
Lahore,143,116.44303653850884,97.18543249026652,39.68052722232072,72.86971377363614,10.746273244524904,3.80246437973184,32.85987275911975,37.589457559215255,1006.3690632126562,2.339513952402126,2026-06-07 15:15:26.999717,15.0,7.0,6.0,6.0,1.0,150.0,200.0,184.0,188.0,165.33333333333334,19.71463077682786,146.29166666666666,-7.0,159.0,
Lahore,181,143.2609576443056,102.427440007888,18.20924820281794,47.00029919216888,5.923531252985542,1.7809492707211645,39.26789951174038,33.184366930282025,1007.5071108017324,6.146676689370468,2026-06-07 16:15:26.999717,16.0,7.0,6.0,6.0,1.0,143.0,165.0,168.0,146.0,167.5,20.7533129885322,147.75,38.0,163.0,
Lahore,136,104.60707100776386,76.4401685807641,16.1731786865368,38.77925573044482,17.84207166661534,1.930034338640888,36.16694125064748,76.06052598223675,1011.5768499647644,5.266260338016069,2026-06-07 17:15:26.999717,17.0,7.0,6.0,6.0,1.0,181.0,150.0,166.0,151.0,162.5,24.468346899616755,147.125,-45.0,160.0,
Lahore,189,146.76659538858274,111.19870397806798,59.00259714882424,53.50045648699289,15.026732926978127,1.895008337520374,36.0847118081722,69.95580187324079,994.51267799611,3.2495435561689607,2026-06-07 18:15:26.999717,18.0,7.0,6.0,6.0,1.0,136.0,143.0,200.0,163.0,160.66666666666666,21.30414670120945,148.20833333333334,53.0,166.0,
Lahore,104,85.87408668172955,68.84037862426189,29.68595848265188,76.46028861868798,22.1361902665468,3.865515143117375,40.03396175974238,59.91156744878388,1013.7885536688876,1.926481039221117,2026-06-07 19:15:26.999717,19.0,7.0,6.0,6.0,1.0,189.0,181.0,165.0,121.0,150.5,31.117519181322905,147.5,-85.0,149.0,
Lahore,171,142.9449025124453,102.67254499631326,21.371086436176466,64.59142208162791,13.79944228188302,3.0056680308622687,41.728243689500985,58.06738622835249,991.4784853003898,3.734866424010644,2026-06-07 20:15:26.999717,20.0,7.0,6.0,6.0,1.0,104.0,136.0,150.0,152.0,154.0,32.211799080461105,148.29166666666666,67.0,111.0,
Lahore,135,104.81346126485604,74.81932101984769,18.566227222718748,8.000984790134325,10.820551145907585,4.473286051313737,30.69463376294861,59.84468276948557,1014.5940533642224,6.104199932252751,2026-06-07 21:15:26.999717,21.0,7.0,6.0,6.0,1.0,171.0,189.0,143.0,126.0,152.66666666666666,32.91605484663469,148.66666666666666,-36.0,138.0,
Lahore,123,100.69193351775743,80.07169180378669,43.38008567916175,29.92324330549697,9.510878743411418,1.8831772364182016,17.939803632841475,56.22144456592037,1011.4441773216602,0.6999992674176201,2026-06-07 22:15:26.999717,22.0,7.0,6.0,6.0,1.0,135.0,104.0,181.0,117.0,143.0,31.413372948475423,148.91666666666666,-12.0,137.0,
Lahore,110,77.56486490698965,69.65500313392741,40.47226486636394,40.2908513713417,7.13263928144265,3.6139663492553495,27.396507509936782,53.57353774987075,1006.5068195690544,1.844928343007472,2026-06-07 23:15:26.999717,23.0,7.0,6.0,6.0,1.0,123.0,171.0,136.0,135.0,138.66666666666666,34.23838002398301,147.875,-13.0,132.0,
Lahore,128,99.476911346714,79.49217478608226,42.17760614937088,28.58881791568289,8.706644909413182,3.888268698483998,36.2652309544644,59.98143617316722,1008.3748875066104,11.371887203629145,2026-06-08 00:15:26.999717,0.0,8.0,6.0,0.0,0.0,110.0,135.0,189.0,128.0,128.5,23.75499947379549,147.875,18.0,141.0,
Lahore,119,95.04470533564547,74.9786712058542,14.400301375572614,57.51406706228424,3.75008272647894,1.181669508634812,15.748583768569928,61.710910269585625,991.81730014797,6.514264212376068,2026-06-08 01:15:26.999717,1.0,8.0,6.0,0.0,0.0,128.0,123.0,104.0,113.0,131.0,21.32604042010661,148.125,-9.0,137.0,
Lahore,145,111.45158291509082,98.97180950291224,54.676729174921846,66.97018623969358,11.058853316937796,2.30265210793915,16.535960835616024,71.51413884501726,991.0369965723612,0.7613916439204544,2026-06-08 02:15:26.999717,2.0,8.0,6.0,0.0,0.0,119.0,110.0,171.0,146.0,126.66666666666669,12.307179476496332,148.08333333333334,26.0,132.0,
Lahore,130,99.31746812605202,88.92547447518056,29.463319840452414,59.850882138895365,2.060524558525788,2.67267872457685,16.813260124336175,72.67242964404136,992.5441449137842,8.317053105234876,2026-06-08 03:15:26.999717,3.0,8.0,6.0,0.0,0.0,145.0,128.0,135.0,106.0,125.83333333333331,11.788412389575342,149.08333333333334,-15.0,126.0,
Lahore,137,106.26110221765558,78.76642328498353,25.66847032151789,79.19999651212065,6.406001567823477,2.1005932545246844,34.7379654748644,52.65774480840868,992.1839953666034,0.7416344409484168,2026-06-08 04:15:26.999717,4.0,8.0,6.0,0.0,0.0,130.0,119.0,123.0,146.0,128.16666666666666,12.480651692387337,148.70833333333334,7.0,101.0,
Lahore,134,108.66096364163188,88.51942496405576,33.11807236238696,25.441073591977183,22.656342893963444,1.9495066818611213,28.531498971205647,54.81243136460933,1003.684530836736,8.866490724556476,2026-06-08 05:15:26.999717,5.0,8.0,6.0,0.0,0.0,137.0,145.0,110.0,153.0,132.16666666666666,8.795832346440367,147.91666666666666,-3.0,150.0,
Lahore,148,117.46335490796814,90.7158409487945,29.503303287381414,70.62421212683161,10.438600671622057,3.5888895229893887,24.960244475056022,52.42183018417338,995.3860996777948,8.999552660640322,2026-06-08 06:15:26.999717,6.0,8.0,6.0,0.0,0.0,134.0,130.0,128.0,143.0,135.5,10.521406750050888,148.125,14.0,154.0,
Lahore,156,113.60884383337516,96.09547908068876,53.178850156957296,62.49669988808646,20.37887349234297,1.4713987894676983,17.851660222066872,62.192146417542624,1011.5051409301682,7.812947708991032,2026-06-08 07:15:26.999717,7.0,8.0,6.0,0.0,0.0,148.0,137.0,119.0,156.0,141.66666666666666,9.72967967955144,148.125,8.0,155.0,
Lahore,123,87.79649923682467,65.33864584178335,56.463048759894605,32.16340681686096,21.789641092321045,3.69225835363008,34.770486755559006,57.20121227485172,1001.1437155767018,8.786454535432195,2026-06-08 08:15:26.999717,8.0,8.0,6.0,0.0,0.0,156.0,134.0,145.0,133.0,138.0,12.08304597359514,147.70833333333334,-33.0,132.0,
Lahore,138,107.36567411071412,81.94807117305902,25.17266082248031,60.05934077427265,17.854374939231292,4.707698883758288,23.667534884874293,83.3757877881716,1007.3877619114568,1.055589372156693,2026-06-08 09:15:26.999717,9.0,8.0,6.0,0.0,0.0,123.0,148.0,130.0,184.0,139.33333333333334,11.448435118682328,145.79166666666666,15.0,143.0,
Lahore,186,151.08843293026777,107.53588204831718,53.19679037299774,12.805696731368522,28.802234499596555,3.04338884529988,22.16374989174601,71.78167601498836,1006.321827324254,8.721366628263212,2026-06-08 10:15:26.999717,10.0,8.0,6.0,0.0,0.0,138.0,156.0,137.0,168.0,147.5,22.034064536530764,146.54166666666666,48.0,192.0,
Lahore,180,130.26247578637384,112.14029407446654,49.07615647665336,64.20001117554142,1.6217561320702845,3.2514540653276334,32.61261844194588,83.91938302526674,997.9963259732428,1.6402598366865957,2026-06-08 11:15:26.999717,11.0,8.0,6.0,0.0,0.0,186.0,123.0,134.0,166.0,155.16666666666666,24.285112037350384,147.125,-6.0,175.0,
Lahore,175,137.50134911924184,110.35540250201404,56.54038361723809,44.9247951940327,22.42092686705612,0.8101971595584009,30.09329410011473,72.54821949356554,996.0791893381432,4.074070887262126,2026-06-08 12:15:26.999717,12.0,8.0,6.0,0.0,0.0,180.0,138.0,148.0,200.0,159.66666666666666,25.17670881323958,146.08333333333334,-5.0,193.0,
Lahore,180,141.3687607174129,97.62756824491844,22.287515609294392,26.921762953193987,28.80481267427184,4.390146066280227,24.785087328959143,88.25952891142884,998.561407132416,11.312943042007594,2026-06-08 13:15:26.999717,13.0,8.0,6.0,0.0,0.0,175.0,186.0,156.0,165.0,163.66666666666666,26.356529867694093,146.70833333333334,5.0,180.0,
Lahore,185,154.94168889104225,110.88982567997864,38.84795750604896,54.18329763381351,26.00588015123524,1.784515042399395,32.32016171175088,68.14420669531614,1009.916459346246,6.034505731909681,2026-06-08 14:15:26.999717,14.0,8.0,6.0,0.0,0.0,180.0,180.0,123.0,150.0,174.0,18.077610461561903,148.16666666666666,5.0,178.0,
Lahore,163,128.4748909414357,103.40930752397124,23.727229237022232,53.12149990358068,5.868888062345386,3.2677302448785417,22.32298105037119,87.81300828978328,1004.6569212104904,11.609117184996164,2026-06-08 15:15:26.999717,15.0,8.0,6.0,0.0,0.0,185.0,175.0,138.0,143.0,178.16666666666666,8.424171571533554,149.0,-22.0,193.0,
Lahore,153,124.31494492370464,90.86660518843276,51.20472452421871,20.71146670396998,10.477788881300231,4.906004763851611,36.460417063316825,39.49019342456556,996.3384665629794,1.0670695066408509,2026-06-08 16:15:26.999717,16.0,8.0,6.0,0.0,0.0,163.0,180.0,186.0,181.0,172.66666666666666,12.209286083413735,147.83333333333334,-10.0,158.0,
Lahore,165,132.70628570043732,102.64531822501182,10.266209528553214,7.27980611086446,6.001103356417497,3.1797617025776352,21.19161165830665,33.148660849764234,1010.4461610765107,5.730679194758161,2026-06-08 17:15:26.999717,17.0,8.0,6.0,0.0,0.0,153.0,185.0,180.0,136.0,170.16666666666666,11.94012841918558,149.04166666666666,12.0,163.0,
Lahore,134,96.547167600964,82.15582733813541,38.240958144319805,37.52169401762554,18.437942550626417,3.761192693589699,19.28861777531442,64.74751111223156,991.3689846527576,0.7488278433224478,2026-06-08 18:15:26.999717,18.0,8.0,6.0,0.0,0.0,165.0,163.0,175.0,189.0,163.33333333333334,18.532853710819897,146.75,-31.0,144.0,
Lahore,154,127.04103608315867,94.10830115976312,26.9601715635959,47.71339020083159,21.65345147740528,2.5039382820068834,36.12586405646962,89.00959234798648,1007.4795843747572,7.562523148791417,2026-06-08 19:15:26.999717,19.0,8.0,6.0,0.0,0.0,134.0,153.0,180.0,104.0,159.0,16.816658407661997,148.83333333333334,20.0,137.0,
Lahore,103,83.47698252728145,60.44342510965851,26.134185353891013,70.74539587779488,10.195139311528688,0.7716462958177581,34.113084828844194,55.056314838143805,1000.9775201437328,0.9444840164221966,2026-06-08 20:15:26.999717,20.0,8.0,6.0,0.0,0.0,154.0,165.0,185.0,171.0,145.33333333333334,23.466287875730828,146.0,-51.0,131.0,
Lahore,151,123.34134319837295,84.51709597932145,42.24531619324585,74.61625967356959,16.64569064554457,4.089197072704048,19.93125234394856,42.722601731577576,1008.2822596516472,2.104413630484528,2026-06-08 21:15:26.999717,21.0,8.0,6.0,0.0,0.0,103.0,134.0,163.0,135.0,143.33333333333334,22.13293172326418,146.66666666666666,48.0,135.0,
Lahore,134,126.83118853218164,74.79234926287485,52.5742224656997,44.66039136175748,21.036696532064656,0.6574947856879355,18.138635322628325,61.29248695161084,1013.1865320060856,3.1059637208313657,2026-06-08 22:15:26.999717,22.0,8.0,6.0,0.0,0.0,151.0,154.0,153.0,123.0,140.16666666666666,21.8304069285636,147.125,-17.0,115.0,
Lahore,126,90.37943530250706,79.14676257227659,40.45976956966631,61.53526128264087,13.218854681720403,3.652960229995344,37.63677538914069,68.9279174747333,1008.7508524486726,8.984926219973799,2026-06-08 23:15:26.999717,23.0,8.0,6.0,0.0,0.0,134.0,103.0,165.0,110.0,133.66666666666666,18.511257835886937,147.79166666666666,-8.0,146.0,
Lahore,139,119.82348324880554,83.49729127759441,52.65864893233612,37.947745424599766,25.76645038320832,0.6031470791733662,35.968159019310576,48.91072173095334,1001.0491338827844,1.9675454258168967,2026-06-09 00:15:26.999717,0.0,9.0,6.0,1.0,0.0,126.0,151.0,134.0,128.0,134.5,18.641351882307728,148.25,13.0,102.0,
Lahore,153,120.96276240299822,91.10743877696387,23.2298555940515,60.95616174296698,23.37494812334669,4.3803735645950175,23.83594908989093,72.88616150995557,993.7743920378472,10.159584639516812,2026-06-09 01:15:26.999717,1.0,9.0,6.0,1.0,0.0,139.0,134.0,154.0,119.0,134.33333333333334,18.4354730524249,149.66666666666666,14.0,116.0,
Lahore,143,115.83664452201504,83.68054978838823,35.97509273824906,20.36011437043752,2.875300771666549,1.209362161248413,32.7713300217609,88.50687042274355,1010.158774395136,1.5828472659696105,2026-06-09 02:15:26.999717,2.0,9.0,6.0,1.0,0.0,153.0,126.0,103.0,145.0,141.0,10.256705123966965,149.58333333333334,-10.0,114.0,
Lahore,91,72.57243877349379,53.07405577259624,32.526826953353805,32.82985511026486,19.01263367363404,2.81422172949148,18.35232503679089,83.81778730263702,1001.5176381730342,0.422933388841876,2026-06-09 03:15:26.999717,3.0,9.0,6.0,1.0,0.0,143.0,139.0,151.0,130.0,131.0,21.56849554326916,147.95833333333334,-52.0,157.0,
Lahore,108,84.27881833300978,70.03455897244069,10.582244975154811,52.56709991102111,7.824440977832738,3.187178170174163,28.69028679428731,47.49512241073172,991.8828080864282,4.7405450276360135,2026-06-09 04:15:26.999717,4.0,9.0,6.0,1.0,0.0,91.0,153.0,134.0,137.0,126.66666666666669,23.38090388900081,146.75,17.0,138.0,
Lahore,129,100.3508353588062,75.72377959065986,37.840607157037006,6.361847420530912,17.168029675350983,2.5589543331803544,15.505717885631336,49.6034209886759,1007.9763849444216,11.75329970365554,2026-06-09 05:15:26.999717,5.0,9.0,6.0,1.0,0.0,108.0,143.0,126.0,134.0,127.16666666666669,23.39586858115536,146.54166666666666,21.0,162.0,
Lahore,150,121.64754367786504,83.29467643349216,43.07621620730875,59.18459827542155,28.74976483635602,2.033435702069992,25.573250784882,52.29247346697532,997.2962991479149,1.3241067334653267,2026-06-09 06:15:26.999717,6.0,9.0,6.0,1.0,0.0,129.0,91.0,139.0,148.0,129.0,24.891765706755795,146.625,21.0,120.0,
Lahore,160,120.4141315166416,99.71825887770086,39.5957202209535,67.6651625951125,26.492798132015253,2.6051643328143728,17.020756179727936,53.67316670361872,991.2222057376296,1.2206213284755485,2026-06-09 07:15:26.999717,7.0,9.0,6.0,1.0,0.0,150.0,108.0,153.0,156.0,130.16666666666666,26.362220442646503,146.79166666666666,10.0,155.0,
Lahore,143,118.15289583760884,84.7756166806764,46.813994939171074,34.93562458204636,12.73097569033882,1.9013708924652144,27.828973864235827,36.019169951596766,1012.568775374352,9.013998129547486,2026-06-09 08:15:26.999717,8.0,9.0,6.0,1.0,0.0,160.0,129.0,143.0,123.0,130.16666666666666,26.362220442646503,147.625,-17.0,175.0,
Lahore,169,133.11902797557374,101.55697932766388,38.56697642265385,38.59568128828733,9.453901891986249,2.471550561863884,26.385404465028145,75.71777033335735,1002.0775273023478,3.745940327922784,2026-06-09 09:15:26.999717,9.0,9.0,6.0,1.0,0.0,143.0,150.0,91.0,138.0,143.16666666666666,22.067321239032943,148.91666666666666,26.0,167.0,
Lahore,156,119.14965330479822,101.63789153199755,13.337512742537848,68.84616591623983,7.797766587839511,2.115108459491138,26.99839571922751,51.92035581664203,997.0240263293256,8.607379406708603,2026-06-09 10:15:26.999717,10.0,9.0,6.0,1.0,0.0,169.0,160.0,108.0,186.0,151.16666666666666,13.991664185030508,147.66666666666666,-13.0,193.0,
Lahore,164,128.94993571002095,98.29719721324746,15.822276204235571,63.174097649452506,16.44293122293908,3.0479217057821537,16.22394515529584,82.78919860232713,1007.9096639471228,2.4001270733203603,2026-06-09 11:15:26.999717,11.0,9.0,6.0,1.0,0.0,156.0,143.0,129.0,180.0,157.0,9.465727652958972,147.0,8.0,166.0,
Lahore,151,127.08574608431287,92.04591836559362,39.82372887719762,26.611211677503125,4.313205144483634,1.5706587301024255,24.763641214609475,85.61643738720653,1012.147559442064,5.5208639303779545,2026-06-09 12:15:26.999717,12.0,9.0,6.0,1.0,0.0,164.0,169.0,150.0,175.0,157.16666666666666,9.32559202767624,146.0,-13.0,207.0,
Lahore,161,126.1233245649189,90.70538254350836,23.74895959868201,29.298207992115422,16.928975235719207,4.948954497113056,35.42506392569774,31.465878558461288,990.007676875844,3.1834785329870146,2026-06-09 13:15:26.999717,13.0,9.0,6.0,1.0,0.0,151.0,156.0,160.0,180.0,157.33333333333334,9.395034149307731,145.20833333333334,10.0,225.0,
Lahore,151,122.59226809104813,89.5016527382452,13.98225645173829,55.91586742929475,1.0386755452329686,2.753914790219745,24.96068808054774,89.31018419569237,1007.1963046260538,5.418338578549043,2026-06-09 14:15:26.999717,14.0,9.0,6.0,1.0,0.0,161.0,164.0,143.0,185.0,158.66666666666666,7.284687135811469,143.79166666666666,-10.0,171.0,
Lahore,154,119.54521862142263,95.447630226043,31.480137172427337,47.23985693361209,10.3916392916295,1.3737293483652937,34.30964272045868,72.60136389001107,1009.1752923504604,9.229165111023644,2026-06-09 15:15:26.999717,15.0,9.0,6.0,1.0,0.0,151.0,151.0,169.0,163.0,156.16666666666666,5.3447793842833,143.41666666666666,3.0,165.0,
Lahore,190,155.7896092496181,106.2231313307938,37.716129904182765,17.16721783223727,7.378095101086856,2.6468003730527263,24.9759255381108,61.22353355957774,995.2481856819874,9.14411928573194,2026-06-09 16:15:26.999717,16.0,9.0,6.0,1.0,0.0,154.0,161.0,156.0,153.0,161.83333333333334,14.797522315126065,144.95833333333334,36.0,198.0,
Lahore,142,117.02753869395104,86.20422546557855,26.43729941748033,28.24474319218748,29.16534490886268,4.398868082861709,26.427464920235032,53.3716565023532,1002.2405957852544,6.189267452084684,2026-06-09 17:15:26.999717,17.0,9.0,6.0,1.0,0.0,190.0,151.0,164.0,165.0,158.16666666666666,16.750124377647396,144.0,-48.0,193.0,
Lahore,206,174.04304416648208,124.10395536322405,46.021685111288896,72.49874576589906,22.09002726752939,0.5981305690597802,30.225087046390183,61.11108795658278,992.2321474729484,11.140462124652611,2026-06-09 18:15:26.999717,18.0,9.0,6.0,1.0,0.0,142.0,154.0,151.0,134.0,167.33333333333334,25.04129922082016,147.0,64.0,143.0,
Lahore,155,123.12218027250393,93.2064372779372,42.18853040506223,56.61308275416975,11.139948033404892,3.5579935359828,40.66841229379123,49.47748343870667,1008.6687470628837,3.165409229379288,2026-06-09 19:15:26.999717,19.0,9.0,6.0,1.0,0.0,206.0,190.0,161.0,154.0,166.33333333333334,25.46108141196381,147.04166666666666,-51.0,137.0,
Lahore,141,116.14327402378954,89.7857944932912,26.6409180545836,78.94807382641396,3.692507509387995,2.9658550855726764,17.93923205945969,67.36126882179289,1011.1864004640838,2.883736213430797,2026-06-09 20:15:26.999717,20.0,9.0,6.0,1.0,0.0,155.0,142.0,151.0,103.0,164.66666666666666,26.94933518042052,148.625,-14.0,132.0,
Lahore,113,90.89033769769472,69.4721925742426,47.74362644542803,62.5259397485577,15.987217246028097,1.26301097466561,15.888671753851687,35.57881658668747,992.7046664331164,7.365676814105205,2026-06-09 21:15:26.999717,21.0,9.0,6.0,1.0,0.0,141.0,206.0,154.0,151.0,157.83333333333334,34.371014920520714,147.04166666666666,-28.0,104.0,
Lahore,139,117.67935890931508,90.7903594917822,42.43475212665177,75.64808241076926,7.1899885584552266,4.178643976872143,31.41484396287122,67.26735617470861,1010.4115063358208,7.455564410601468,2026-06-09 22:15:26.999717,22.0,9.0,6.0,1.0,0.0,113.0,155.0,190.0,134.0,149.33333333333334,30.96234271928831,147.25,26.0,107.0,
Lahore,110,84.40583806195635,61.03205242202982,41.87226893589511,21.214143040285656,16.556456831052376,2.1599808006830257,40.62562140106751,46.52069100830665,1009.2892542621132,0.5584804747796879,2026-06-09 23:15:26.999717,23.0,9.0,6.0,1.0,0.0,139.0,141.0,142.0,126.0,144.0,34.97427626127529,146.58333333333334,-29.0,101.0,
Lahore,122,101.32502656438642,73.87962283609174,37.6713850393534,62.86136561126943,25.22550827118788,1.822109129669784,41.7225245789773,31.058089743140783,998.6728330092724,7.293332548642772,2026-06-10 00:15:26.999717,0.0,10.0,6.0,2.0,0.0,110.0,113.0,206.0,139.0,130.0,17.776388834631675,145.875,12.0,104.0,
Lahore,171,135.8265135194166,103.02233393194972,10.56948340442764,6.516314011084807,18.85798401094017,4.226563363356055,28.07243467958405,63.16234596977266,1007.2572382483396,4.493233888188172,2026-06-10 01:15:26.999717,1.0,10.0,6.0,2.0,0.0,122.0,139.0,155.0,153.0,132.66666666666666,22.77425447005196,146.625,49.0,119.0,
Lahore,121,96.47905911445751,67.2537275312246,44.82535917384445,55.30700162836504,19.379864166805064,3.3733627078624906,27.638203769297657,64.70686535116178,990.0012030973578,8.96931030384671,2026-06-10 02:15:26.999717,2.0,10.0,6.0,2.0,0.0,171.0,110.0,141.0,143.0,129.33333333333334,22.77425447005204,145.70833333333334,-50.0,128.0,
Lahore,151,121.25876242224189,95.38147501045673,28.802089555457822,40.1961708590181,16.689878382821533,4.54216587653671,32.414021810120296,55.594140282692166,1013.29494136165,9.697267974543276,2026-06-10 03:15:26.999717,3.0,10.0,6.0,2.0,0.0,121.0,122.0,113.0,91.0,135.66666666666666,22.606783642674124,148.20833333333334,30.0,159.0,
Lahore,120,97.2612019821334,83.62336652926409,57.13048550793278,31.007005394005148,27.890703346310865,3.334476666520397,30.002138444534182,34.33717395301901,1003.7595808827092,6.625845834564439,2026-06-10 04:15:26.999717,4.0,10.0,6.0,2.0,0.0,151.0,171.0,139.0,108.0,132.5,23.364502990648337,148.70833333333334,-31.0,114.0,
Lahore,141,112.21885478439022,84.51496962758084,50.899238553860265,69.68032642198168,28.025177848197497,3.833679460694519,32.120377555581186,83.60057716825149,1005.50847160155,0.020460378027181,2026-06-10 05:15:26.999717,5.0,10.0,6.0,2.0,0.0,120.0,121.0,110.0,129.0,137.66666666666666,20.66559136987558,149.20833333333334,21.0,161.0,
Lahore,185,149.07356591585264,113.52510544136884,39.38472347656561,69.0700769493148,15.868972831133012,4.264006533168258,38.59798448952314,66.68584843367333,1006.6164853384774,7.636389721999705,2026-06-10 06:15:26.999717,6.0,10.0,6.0,2.0,0.0,141.0,151.0,122.0,150.0,148.16666666666666,26.339450766230208,150.66666666666666,44.0,145.0,
Lahore,137,117.49059028781092,82.62259237907664,22.609099090963472,6.672627867398269,9.867025127161629,0.746328361594716,35.15026657616545,36.94279797413817,1004.0342254304592,8.986575355991212,2026-06-10 07:15:26.999717,7.0,10.0,6.0,2.0,0.0,185.0,120.0,171.0,160.0,142.5,23.997916576236456,149.70833333333334,-48.0,149.0,
Lahore,194,160.12724842807611,112.83207665046412,20.18586966388333,50.71288418370733,14.328023170503872,3.992220314912212,28.41568957554348,60.655834595648855,1011.4190971884866,2.987799194778171,2026-06-10 08:15:26.999717,8.0,10.0,6.0,2.0,0.0,137.0,141.0,121.0,143.0,154.66666666666666,28.91827565168189,151.83333333333334,57.0,171.0,
Lahore,179,147.5457729624845,98.2961986109899,27.019241883877456,32.58741682407173,6.410179453672855,3.2616791683230955,27.470340393004577,59.83525895690829,1005.2425458037886,5.575752013689465,2026-06-10 09:15:26.999717,9.0,10.0,6.0,2.0,0.0,194.0,185.0,151.0,169.0,159.33333333333334,30.42805722793771,152.25,-15.0,143.0,
Lahore,160,125.72230236988064,92.47113258452318,33.82839717900093,36.17457511253369,19.45398514422459,0.8127850843183695,32.26924720985413,33.62411212757562,1012.6939997810118,11.58871948094146,2026-06-10 10:15:26.999717,10.0,10.0,6.0,2.0,0.0,179.0,137.0,120.0,156.0,166.0,23.731835158705653,152.41666666666666,-19.0,179.0,
Lahore,189,146.75379585885838,106.44020809524132,24.80327550194736,67.4030554414082,15.502677737684763,2.788600648409218,27.304069679348032,66.41158221617685,1004.5582905558502,3.5773866407292414,2026-06-10 11:15:26.999717,11.0,10.0,6.0,2.0,0.0,160.0,194.0,141.0,164.0,174.0,21.614809737769345,153.45833333333334,29.0,179.0,
Lahore,198,163.17650279118877,127.32051039029558,35.74647476962414,28.23798286457587,3.995713856585117,0.8710613509277925,27.36004248417228,78.49958393529386,994.2780605495142,2.6778390125008893,2026-06-10 12:15:26.999717,12.0,10.0,6.0,2.0,0.0,189.0,179.0,185.0,151.0,176.16666666666666,23.50673662307537,155.41666666666666,9.0,189.0,
Lahore,192,157.98023396264898,114.6244515303838,18.268521275659296,75.7286607978215,6.731785652468845,3.8117624077545007,15.44025934823563,74.94048325490868,1012.8390638959826,2.5302574857361217,2026-06-10 13:15:26.999717,13.0,10.0,6.0,2.0,0.0,198.0,160.0,137.0,161.0,185.3333333333333,13.966626889361024,156.70833333333334,-6.0,185.0,
Lahore,146,124.16335337875492,85.87040335476414,58.885640641275,18.47253697791056,14.909326729786278,2.9592577125404738,19.699731709997327,42.178164849851,1007.0406874589944,6.705610012247956,2026-06-10 14:15:26.999717,14.0,10.0,6.0,2.0,0.0,192.0,189.0,194.0,151.0,177.33333333333334,20.314198646922584,156.5,-46.0,227.0,
Lahore,159,124.18009687015386,99.84576912393902,15.396227748249691,54.70418175261333,26.74008073084689,4.791080918355338,28.18986827988533,81.73755177325268,1007.4809748608888,11.397445215696075,2026-06-10 15:15:26.999717,15.0,10.0,6.0,2.0,0.0,146.0,198.0,179.0,154.0,174.0,21.587033144922174,156.70833333333334,13.0,161.0,
Lahore,163,129.25225672319826,92.19124448572056,56.5972069827186,55.40788002603235,17.425330898301826,1.3241091720729643,37.21164339435997,50.552529939561055,1014.63704376429,7.304281550404257,2026-06-10 16:15:26.999717,16.0,10.0,6.0,2.0,0.0,159.0,192.0,160.0,190.0,174.5,21.229696182469684,155.58333333333334,4.0,158.0,
Lahore,160,119.80257918737284,92.16567980997723,55.67890057013474,23.914637107093863,20.76451500604565,3.227150536341703,22.52562918163236,86.79050269751647,991.8799138552396,3.63987744285192,2026-06-10 17:15:26.999717,17.0,10.0,6.0,2.0,0.0,163.0,146.0,189.0,142.0,169.66666666666666,20.55885859347839,156.33333333333334,-3.0,149.0,
Lahore,166,130.83764446969565,99.9403613462431,36.268024090974905,29.35629567254015,10.831827942573382,1.4521196055672112,29.111372694541025,34.30487785354282,1000.7148151773793,7.662837336809449,2026-06-10 18:15:26.999717,18.0,10.0,6.0,2.0,0.0,160.0,159.0,198.0,206.0,164.33333333333334,15.187714333192034,154.66666666666666,6.0,142.0,
Lahore,149,124.18285255289724,94.5438449571174,46.24551359180422,67.60988694349552,17.570930398282794,3.2632924312732925,24.31397628849927,59.172521311190565,995.9773848246654,7.498107571173449,2026-06-10 19:15:26.999717,19.0,10.0,6.0,2.0,0.0,166.0,163.0,192.0,155.0,157.16666666666666,7.93515385274004,154.41666666666666,-17.0,133.0,
Lahore,111,86.46752310385902,69.10842522584393,31.80241489862939,62.13539412162143,13.974014856503954,3.751923660623854,17.829707717568905,65.82746263065295,1005.7606616178414,7.16310162875585,2026-06-10 20:15:26.999717,20.0,10.0,6.0,2.0,0.0,149.0,160.0,146.0,141.0,151.33333333333334,20.57830572876839,153.16666666666666,-38.0,161.0,
Lahore,138,113.60239897600412,84.0416257125794,41.50172887712191,29.68219102360697,20.11476746607165,3.750369481982924,40.87405904292511,44.85900590847629,1010.1702920937018,1.913114482659624,2026-06-10 21:15:26.999717,21.0,10.0,6.0,2.0,0.0,111.0,166.0,159.0,113.0,147.83333333333334,20.798237104780444,154.20833333333334,27.0,159.0,
Lahore,137,108.64748447001097,82.59058867618009,27.02879687105593,45.04674102012004,2.466691416291301,4.167832958071744,38.07619449675815,76.28281132321366,1014.1577677223104,7.61480159213993,2026-06-10 22:15:26.999717,22.0,10.0,6.0,2.0,0.0,138.0,149.0,163.0,139.0,143.5,19.68501968502964,154.125,-1.0,114.0,
Lahore,132,107.2202851411078,81.20117927763388,25.057950989272268,9.62602221898216,15.305706270929814,4.3409760258124255,17.119295460606473,67.61374078864301,1001.364902673868,5.161973430173996,2026-06-10 23:15:26.999717,23.0,10.0,6.0,2.0,0.0,137.0,111.0,160.0,110.0,138.83333333333334,18.25833143161435,155.04166666666666,-5.0,105.0,
Lahore,141,107.06154305092168,85.60826452564626,38.91148930847568,20.65594117989719,9.583786129175042,0.8477227682022968,34.434256086643686,31.08656623727733,1009.6554557660652,0.2231047034764004,2026-06-11 00:15:26.999717,0.0,11.0,6.0,3.0,0.0,132.0,138.0,166.0,122.0,134.66666666666666,12.878923350446712,155.83333333333334,9.0,129.0,
Lahore,137,110.02604724816952,77.05013862611533,34.90648370919902,41.43654191452993,10.459366777059367,2.0447022068258183,24.384657417652505,66.50211544177415,1012.9262898010096,6.477173845769942,2026-06-11 01:15:26.999717,1.0,11.0,6.0,3.0,0.0,141.0,137.0,149.0,171.0,132.66666666666666,11.003029885748925,154.41666666666666,-4.0,109.0,
Lahore,132,90.6443201454964,79.43039610816577,38.97681845749905,11.44803014594087,28.86660551518378,3.592051341619125,41.8609447906684,59.48869406510679,1007.0831358133972,11.871200942621012,2026-06-11 02:15:26.999717,2.0,11.0,6.0,3.0,0.0,137.0,132.0,111.0,121.0,136.16666666666666,3.544949458973962,154.875,-5.0,136.0,
Lahore,126,99.86551920919008,70.23155670541124,24.33302906435115,68.24992661689531,6.2981495686301,2.743638293260455,23.1647600353824,41.76175210221047,996.0683138112444,4.1968750901278025,2026-06-11 03:15:26.999717,3.0,11.0,6.0,3.0,0.0,132.0,141.0,138.0,151.0,134.16666666666666,5.269408568965042,153.83333333333334,-6.0,132.0,
Lahore,101,72.6476337814243,61.00541271450411,28.347891590849763,58.85046575807359,10.02611232477931,1.3580417603965618,21.4459380247902,89.74489362357178,1005.1963537776948,11.5867106198239,2026-06-11 04:15:26.999717,4.0,11.0,6.0,3.0,0.0,126.0,137.0,137.0,120.0,128.16666666666666,14.24663703007448,153.04166666666666,-25.0,104.0,
Lahore,150,126.02997258273408,87.5967602925588,14.194898031445463,75.7725252986371,15.786884696195282,2.987193065750141,30.33304480424594,83.8297316896569,1014.2488011954296,1.1544688999511346,2026-06-11 05:15:26.999717,5.0,11.0,6.0,3.0,0.0,101.0,132.0,132.0,141.0,131.16666666666666,16.869103908230745,153.41666666666666,49.0,172.0,
Lahore,154,127.08703676382255,105.0969081139143,12.613818613610286,57.01001794730204,26.027781496339085,2.333460437447647,37.54840641026651,47.55046170174381,1014.6888457215392,8.789401390407676,2026-06-11 06:15:26.999717,6.0,11.0,6.0,3.0,0.0,150.0,126.0,141.0,185.0,133.33333333333334,19.075289425502383,152.125,4.0,185.0,
Lahore,155,126.3333549098304,92.80052808124144,22.67285648365081,75.53010291966392,13.083432412984743,2.2551722494443727,20.198009539134546,62.46425524791698,1006.0589955929196,1.371959935954024,2026-06-11 07:15:26.999717,7.0,11.0,6.0,3.0,0.0,154.0,101.0,137.0,137.0,136.33333333333334,21.077634275854567,152.875,1.0,137.0,
Lahore,132,113.20503113579692,72.17880216869206,13.712342966527288,46.58844167682238,22.57209314575696,4.143891728460487,34.153874782421944,48.99012839461744,1012.1746939467996,3.28285888266329,2026-06-11 08:15:26.999717,8.0,11.0,6.0,3.0,0.0,155.0,150.0,132.0,194.0,136.33333333333334,21.077634275854567,150.29166666666666,-23.0,150.0,
Lahore,143,109.65541739587582,85.12909894661537,15.188735431737037,50.016395829647706,25.834848848229267,2.334192502244816,16.657977744810285,76.52974509816468,995.0087340962152,6.8500900238654925,2026-06-11 09:15:26.999717,9.0,11.0,6.0,3.0,0.0,132.0,154.0,126.0,179.0,139.16666666666666,20.546694786915868,148.79166666666666,11.0,171.0,
Lahore,192,162.3368159895778,117.79679372818944,50.64642026969685,78.27282909696956,9.99047431883362,0.6190452746619087,39.811238063983424,85.8198859917873,996.1519651238054,7.113356327720987,2026-06-11 10:15:26.999717,10.0,11.0,6.0,3.0,0.0,143.0,155.0,101.0,160.0,154.33333333333334,20.32404159281949,150.125,49.0,178.0,
Lahore,175,144.6609578213019,113.3668197307626,11.943684850834464,53.15968601481953,12.389755322622587,0.7612850250099108,17.18902273597707,51.52971641486302,1013.8221903221216,9.302535806810056,2026-06-11 11:15:26.999717,11.0,11.0,6.0,3.0,0.0,192.0,132.0,150.0,189.0,158.5,21.76924435987581,149.54166666666666,-17.0,189.0,
Lahore,193,153.21722356390526,112.8527380003064,42.94713969673714,7.308992664555995,11.340130486962332,4.353098187612291,39.68424716129239,78.33505494861765,993.3808843873702,7.383736886729271,2026-06-11 12:15:26.999717,12.0,11.0,6.0,3.0,0.0,175.0,143.0,154.0,198.0,165.0,25.63591231066249,149.33333333333334,18.0,219.0,
Lahore,180,149.6781007359147,100.0878601298818,23.627887440770024,59.28520824728925,25.15281844991971,4.822703645056346,28.251795735222977,59.90445256279229,994.777660952337,7.123376452566729,2026-06-11 13:15:26.999717,13.0,11.0,6.0,3.0,0.0,193.0,192.0,155.0,192.0,169.16666666666666,25.71705011595689,148.83333333333334,-13.0,176.0,
Lahore,178,136.86853243794184,110.88418505715492,53.57728403540632,72.91015191030617,2.2860589966544334,3.597842014050684,27.09846004548984,53.79471367869464,1000.5137149780012,10.94823704386966,2026-06-11 14:15:26.999717,14.0,11.0,6.0,3.0,0.0,180.0,175.0,132.0,146.0,176.83333333333334,18.170488894540743,150.16666666666666,-2.0,162.0,
Lahore,193,150.27742919236164,108.89700647050174,34.249614228874975,64.66851873457449,9.94421157603172,2.139657323450361,41.27929114651017,86.30531112592618,1004.7396071938338,5.425929026509886,2026-06-11 15:15:26.999717,15.0,11.0,6.0,3.0,0.0,178.0,193.0,143.0,159.0,185.16666666666663,8.376554582083118,151.58333333333334,15.0,146.0,
Lahore,158,123.3570513838015,92.61922279246257,25.27882296639129,48.787495446906696,20.702848170258765,4.7237014210762736,41.74037279785192,60.624281323141886,1005.0954304742068,2.7031893443406605,2026-06-11 16:15:26.999717,16.0,11.0,6.0,3.0,0.0,193.0,180.0,192.0,163.0,179.5,13.034569421348689,151.375,-35.0,154.0,
Lahore,163,127.75511145967992,96.51189757244502,35.88194678447172,55.347763482013725,17.397861487394938,3.482613888690812,32.55480940094732,58.04463001544789,997.2994002166392,1.941463020283563,2026-06-11 17:15:26.999717,17.0,11.0,6.0,3.0,0.0,158.0,178.0,175.0,160.0,177.5,14.679918255901867,151.5,5.0,161.0,
Lahore,144,109.91721178619872,86.05183273349945,29.09790095226344,79.26438419387539,13.652391419517134,4.29950097139702,18.43222088014031,70.34606411774058,1013.0153474487588,4.799935161713997,2026-06-11 18:15:26.999717,18.0,11.0,6.0,3.0,0.0,163.0,193.0,193.0,166.0,169.33333333333334,17.659747072555664,150.58333333333334,-19.0,189.0,
Lahore,137,115.71541533547664,85.64582228537168,38.21505323349151,11.799656638200377,16.658498589420148,3.946335368166542,28.66659231269047,45.674052061097065,1012.8774976901966,8.55303306232435,2026-06-11 19:15:26.999717,19.0,11.0,6.0,3.0,0.0,144.0,158.0,180.0,149.0,162.16666666666666,20.894177817436315,150.08333333333334,-7.0,135.0,
Lahore,131,103.50572799815086,75.18182858856805,15.726643416317412,55.04336214749296,6.72995298902123,2.206126920976666,29.28740372580289,49.48757224729894,999.8017013263092,0.5105218191588108,2026-06-11 20:15:26.999717,20.0,11.0,6.0,3.0,0.0,137.0,163.0,178.0,111.0,154.33333333333334,22.51814083503917,150.91666666666666,-6.0,142.0,
Lahore,135,109.7625248417844,79.6313537391662,59.84952514062756,26.25482709279453,13.4907820266323,2.6541599038285346,28.89005355965336,85.92275017431737,1000.8572942357574,1.5486406381128734,2026-06-11 21:15:26.999717,21.0,11.0,6.0,3.0,0.0,131.0,144.0,193.0,138.0,144.66666666666666,13.063945294843826,150.79166666666666,4.0,130.0,
Lahore,115,89.1482431679316,68.92864823525306,31.27779388483588,53.00677974396275,15.549386541114124,1.3375946946564476,30.376279640040263,70.71179072621655,1007.5624279205978,1.273361521243673,2026-06-11 22:15:26.999717,22.0,11.0,6.0,3.0,0.0,135.0,137.0,158.0,137.0,137.5,15.79556899893181,149.875,-20.0,149.0,
Lahore,146,107.69698349725742,88.34798978759393,27.41153198536844,50.57176819129541,27.13448453668345,1.8140634519833032,15.505567272448548,79.59822886626034,1006.5748974099726,7.023001836617505,2026-06-11 23:15:26.999717,23.0,11.0,6.0,3.0,0.0,115.0,131.0,163.0,132.0,134.66666666666666,11.147495981909408,150.45833333333334,31.0,172.0,
Lahore,102,82.95028679195713,61.68913587353961,45.510492415813246,16.509262408112157,8.564219721315315,4.001565475789348,34.20313659970357,46.26670571612578,999.557425374024,2.914375806375195,2026-06-12 00:15:26.999717,0.0,12.0,6.0,4.0,0.0,146.0,135.0,144.0,141.0,127.66666666666669,16.169930941927245,148.83333333333334,-44.0,109.0,
Lahore,116,83.23872512290113,71.7800288761129,28.194970324766626,20.50599843051793,26.167026562783043,4.522902763473987,34.23464615273068,62.62741139579232,1000.3561062880252,1.995113139616758,2026-06-12 01:15:26.999717,1.0,12.0,6.0,4.0,0.0,102.0,115.0,137.0,137.0,124.16666666666669,16.017698544631838,147.95833333333334,14.0,110.0,
Lahore,114,90.85682976957266,72.61919754820867,51.663715251437885,51.62221835324101,19.683000623953475,3.760071904631353,18.11768392980297,88.2837760193699,998.7009735855383,7.113248636916268,2026-06-12 02:15:26.999717,2.0,12.0,6.0,4.0,0.0,116.0,146.0,131.0,132.0,121.33333333333331,16.070677231115834,147.20833333333334,-2.0,144.0,
Lahore,157,118.75842480583596,96.16317057825484,32.71353621802126,14.61724604778306,1.5898841009604283,2.5932816349548724,30.39646494603662,49.122233941693054,995.8846251738328,9.13571898542855,2026-06-12 03:15:26.999717,3.0,12.0,6.0,4.0,0.0,114.0,102.0,135.0,126.0,125.0,21.42895237756697,148.5,43.0,141.0,
Lahore,138,120.33637999615404,85.06792761754609,45.97792066327175,24.888565634774213,22.01430877008241,0.8892917102288639,30.34575192576592,39.62858857902251,1001.4534590731035,3.985858997431973,2026-06-12 04:15:26.999717,4.0,12.0,6.0,4.0,0.0,157.0,116.0,115.0,101.0,128.83333333333334,21.339322076080453,150.04166666666666,-19.0,171.0,
Lahore,162,134.1568136108736,89.28888416626762,15.372660822094328,67.64341608035018,2.0310044489225976,0.756265769143017,33.426161345140805,60.653160493479845,1007.1608532975636,6.938455268119154,2026-06-12 05:15:26.999717,5.0,12.0,6.0,4.0,0.0,138.0,114.0,146.0,150.0,131.5,24.6556281607268,150.54166666666666,24.0,153.0,
Lahore,120,96.5287689563574,72.2511384958284,52.30595927775559,29.531862950122896,29.92405267760057,2.1844650407578423,17.305737687647188,53.269265323492576,1008.5491676328572,1.1774929583935223,2026-06-12 06:15:26.999717,6.0,12.0,6.0,4.0,0.0,162.0,157.0,102.0,154.0,134.5,21.20141504711467,149.125,-42.0,142.0,
Lahore,155,130.31853338827335,95.39753774000803,46.78589933890549,41.60451172022472,26.306463943044736,2.587197734454484,31.915589296184603,39.574633967202814,1009.4718412063992,11.22229236549084,2026-06-12 07:15:26.999717,7.0,12.0,6.0,4.0,0.0,120.0,138.0,116.0,155.0,141.0,20.35681703999944,149.125,35.0,161.0,
Lahore,175,135.76842011267132,108.64470597285224,20.585838923098287,75.58552513593803,9.622968678661325,3.241042799959836,22.58030267015121,83.31308296220209,999.368300336328,4.042754223777274,2026-06-12 08:15:26.999717,8.0,12.0,6.0,4.0,0.0,155.0,162.0,114.0,132.0,151.16666666666666,19.384701872008865,150.91666666666666,20.0,180.0,
Lahore,167,136.31739689335046,96.73824612883104,17.264300487289333,22.03618166277097,8.464925675704457,0.5292028462414875,28.689080743396644,89.44343463322667,1009.1158998571244,11.970068318082015,2026-06-12 09:15:26.999717,9.0,12.0,6.0,4.0,0.0,175.0,120.0,157.0,143.0,152.83333333333334,20.390357198113563,151.91666666666666,-8.0,181.0,
Lahore,193,155.39905216859358,112.50480362555678,25.814617436281218,34.22195130185078,12.061791381062658,4.953753007098379,35.879735923010074,64.11493084139987,990.1629078922967,11.743053070197384,2026-06-12 10:15:26.999717,10.0,12.0,6.0,4.0,0.0,167.0,155.0,138.0,192.0,162.0,24.36390773254532,151.95833333333334,26.0,182.0,
Lahore,166,134.12010040666837,96.729496623582,58.80352930159522,50.484333165765925,11.328841994118848,2.137724975318193,34.05244028180136,76.48060610240725,1001.926248442922,9.34588139202974,2026-06-12 11:15:26.999717,11.0,12.0,6.0,4.0,0.0,193.0,175.0,162.0,175.0,162.66666666666666,24.41857216682924,151.58333333333334,-27.0,197.0,
Lahore,207,171.96176750053385,126.8820694994567,22.84157872835293,61.65041971279791,11.79779673317605,4.316425987105046,18.210381477305823,81.54230217277797,1009.8476100033172,0.2408051448836006,2026-06-12 12:15:26.999717,12.0,12.0,6.0,4.0,0.0,166.0,167.0,120.0,193.0,177.16666666666666,19.312344929257737,152.16666666666666,41.0,202.0,
Lahore,225,183.66246051389905,140.16940527462106,32.80636044733166,72.62400400345288,10.230019837464932,2.90735017549432,30.96198925213398,72.05892036130962,1005.7511180160338,6.52169904461236,2026-06-12 13:15:26.999717,13.0,12.0,6.0,4.0,0.0,207.0,193.0,155.0,180.0,188.8333333333333,23.85302217050516,154.04166666666666,18.0,207.0,
Lahore,171,138.24361831412511,100.562699463542,11.501011285866817,73.66047406801364,19.01286879860161,1.0869775454000592,41.16614633539994,32.649362946703874,1001.8515781038628,1.042037045280138,2026-06-12 14:15:26.999717,14.0,12.0,6.0,4.0,0.0,225.0,166.0,175.0,178.0,188.16666666666663,24.367327852405392,153.75,-54.0,191.0,
Lahore,165,123.72556281885852,103.53981156813524,29.861376478311627,63.24800557794672,5.763646247898095,4.089044986405348,19.23277480804506,39.458053903009066,1006.1160501651588,10.741656311538192,2026-06-12 15:15:26.999717,15.0,12.0,6.0,4.0,0.0,171.0,207.0,167.0,193.0,187.8333333333333,24.725829948994885,152.58333333333334,-6.0,171.0,
Lahore,198,153.59976852360268,119.41739904582298,38.56600077165514,22.12481274449828,25.53345748093438,3.6942218371394415,38.0284913685862,34.259351469083185,1012.6736500787166,9.475635031768835,2026-06-12 16:15:26.999717,16.0,12.0,6.0,4.0,0.0,165.0,225.0,193.0,158.0,188.66666666666663,25.01732732860589,154.25,33.0,171.0,
Lahore,193,153.78645533202138,115.17857111418782,57.65623062539825,6.860699753192435,24.559672036908143,2.873462382181526,33.96879817495198,30.592776398523394,1004.1595450152552,11.668084519148197,2026-06-12 17:15:26.999717,17.0,12.0,6.0,4.0,0.0,198.0,171.0,166.0,163.0,193.16666666666663,22.41799872126424,155.5,-5.0,186.0,
Lahore,143,114.86686187138326,84.74307885091015,35.83680224700322,33.78304477667179,14.818013027802843,2.81548891100201,35.89808944856351,48.35978452543419,1009.9946547865028,7.300595437797545,2026-06-12 18:15:26.999717,18.0,12.0,6.0,4.0,0.0,193.0,165.0,207.0,144.0,182.5,28.82880503940379,155.45833333333334,-50.0,137.0,
Lahore,137,103.9489813766304,85.93305682301079,50.95536630888439,15.61616382408675,25.72916899307788,0.8936582258791763,22.61287483285143,53.54135762889359,1014.51856813063,6.266073653812056,2026-06-12 19:15:26.999717,19.0,12.0,6.0,4.0,0.0,143.0,198.0,225.0,137.0,167.83333333333334,25.01532863399242,155.45833333333334,-6.0,153.0,
Lahore,132,117.65838337789212,80.82788908393535,37.35638212844503,58.27907355787236,8.167207030878505,3.4513202685824336,22.773001093255747,44.46178394015554,1007.6392050518892,6.227686271332651,2026-06-12 20:15:26.999717,20.0,12.0,6.0,4.0,0.0,137.0,193.0,171.0,131.0,161.33333333333334,28.807406455053368,155.5,-5.0,130.0,
Lahore,104,90.78197027626788,73.77912713823818,12.039250671775903,54.58479401192876,1.5093982154150414,4.600603200894349,39.46252530596518,33.876278885179254,1004.3331440972266,4.637380493452138,2026-06-12 21:15:26.999717,21.0,12.0,6.0,4.0,0.0,132.0,143.0,165.0,135.0,151.16666666666666,36.88585998274495,154.20833333333334,-28.0,131.0,
Lahore,107,88.61059160196243,59.938876785013385,25.7504137594887,8.297873121609113,18.95702982586487,0.9196021364961128,24.715464866499083,61.791785450200656,990.9371486781336,5.624280806749692,2026-06-12 22:15:26.999717,22.0,12.0,6.0,4.0,0.0,104.0,137.0,198.0,115.0,136.0,32.1869538788625,153.875,3.0,151.0,
Lahore,101,81.16018430641874,63.19050851014988,38.77747539155517,67.74453343482134,14.279372801976749,1.6858015279200722,16.70141554870588,46.3991591974285,999.3619474563646,7.624950997624204,2026-06-12 23:15:26.999717,23.0,12.0,6.0,4.0,0.0,107.0,132.0,193.0,146.0,120.66666666666669,18.683325899494204,152.0,-6.0,125.0,
Lahore,104,82.13895515049424,59.75399495094244,57.52969829655622,23.65574497183867,17.44777184258025,4.560385880489444,31.21611099664516,77.76222929181374,1004.136068337878,11.195371290675324,2026-06-13 00:15:26.999717,0.0,13.0,6.0,5.0,1.0,101.0,104.0,143.0,102.0,114.16666666666669,15.942605391425849,152.08333333333334,3.0,120.0,
Lahore,119,90.44040769988882,67.05356506505677,52.95651798756167,37.41703066182816,27.08084286153369,1.77954759418907,18.370077064129752,30.483157297516872,1009.9301642926508,7.1506120590723725,2026-06-13 01:15:26.999717,1.0,13.0,6.0,5.0,1.0,104.0,107.0,137.0,116.0,111.16666666666669,11.990273836185931,152.20833333333334,15.0,93.0,
Lahore,128,102.78740259259432,76.74566431482513,21.41778070894238,55.09503015918068,29.12784163341236,3.4427465248096683,36.508098518013526,80.55162307725661,1000.9526197411894,10.285391307808409,2026-06-13 02:15:26.999717,2.0,13.0,6.0,5.0,1.0,119.0,101.0,132.0,114.0,110.5,10.634848376919118,152.79166666666666,9.0,138.0,
Lahore,159,128.48876270071375,96.08676239703516,21.005491500958176,37.206409013919,19.399141052912487,2.9066817422441487,32.32715394752855,87.28522073675742,1014.0014568941192,10.353358935630007,2026-06-13 03:15:26.999717,3.0,13.0,6.0,5.0,1.0,128.0,104.0,104.0,157.0,119.66666666666669,21.777664398798883,152.875,31.0,140.0,
Lahore,114,84.99119712259188,82.99086777530046,20.05864835569504,38.09658520999575,23.157612105720712,3.183474222517379,38.61761564097262,72.96810378921418,996.794843815592,6.22599211017911,2026-06-13 04:15:26.999717,4.0,13.0,6.0,5.0,1.0,159.0,119.0,107.0,138.0,120.83333333333331,21.14158619088716,151.875,-45.0,177.0,
Lahore,161,130.4708820862245,95.67927092158398,56.124944815125154,9.922099650180527,3.430444571127764,2.371050057097639,36.19060574413115,74.01864391575398,1008.614179880258,4.16963569797146,2026-06-13 05:15:26.999717,5.0,13.0,6.0,5.0,1.0,114.0,128.0,101.0,162.0,130.83333333333334,23.89490880222596,151.83333333333334,47.0,135.0,
Lahore,145,115.22370475587626,81.34910635257658,52.63330765508604,35.10826619450029,5.660751961853663,1.8499616174917,18.027068505131297,86.01373869616398,1000.4757854271032,7.6748864799849725,2026-06-13 06:15:26.999717,6.0,13.0,6.0,5.0,1.0,161.0,159.0,104.0,120.0,137.66666666666666,20.27477907812278,152.875,-16.0,154.0,
Lahore,149,109.66096221061304,90.76505358747193,48.74417161264744,62.36359199149876,22.26293934363632,0.7184005282835104,25.288908263729404,42.54427711802094,1002.1497123641476,5.350528102978113,2026-06-13 07:15:26.999717,7.0,13.0,6.0,5.0,1.0,145.0,114.0,119.0,155.0,142.66666666666666,18.3593754432627,152.625,4.0,154.0,
Lahore,171,132.4980749461025,92.22679981226815,29.63675571121138,73.63822528899483,13.509598235252056,3.849264226823738,35.91312674769385,89.6739340925146,1010.062550846636,0.9772904078631948,2026-06-13 08:15:26.999717,8.0,13.0,6.0,5.0,1.0,149.0,161.0,128.0,175.0,149.83333333333334,19.823386861650725,152.45833333333334,22.0,189.0,
Lahore,143,112.33197233289178,85.34021608697867,35.219035214938344,36.01228527975288,13.932992841727764,3.8574205798740206,26.2682197781908,76.40887220271252,997.4053815412926,4.533709205189204,2026-06-13 09:15:26.999717,9.0,13.0,6.0,5.0,1.0,171.0,145.0,159.0,167.0,147.16666666666666,19.41562944296864,151.45833333333334,-28.0,163.0,
Lahore,179,152.63843828670096,107.4801264114758,33.216587239757644,36.76893701593092,9.949622767427662,3.518265830354254,41.25386808905941,73.59424249966762,992.4203014148786,11.9288656565919,2026-06-13 10:15:26.999717,10.0,13.0,6.0,5.0,1.0,143.0,149.0,114.0,193.0,158.0,14.79188966968004,150.875,36.0,177.0,
Lahore,179,145.9827656226688,111.37300191472605,22.669905377968632,57.69703297427391,18.61333512085457,3.3963520465382926,34.86499214712313,51.66543473971757,1003.0063896153356,0.5821424403154465,2026-06-13 11:15:26.999717,11.0,13.0,6.0,5.0,1.0,179.0,171.0,161.0,166.0,161.0,17.158088471621262,151.41666666666666,0.0,188.0,
Lahore,189,144.52259215450056,118.26811124713925,35.25140230743835,75.70790008289575,6.369786317069876,1.596727094753868,15.418497750638668,62.74664912433664,1003.2198652950938,8.36000294281112,2026-06-13 12:15:26.999717,12.0,13.0,6.0,5.0,1.0,179.0,143.0,145.0,207.0,168.33333333333334,18.31574914292717,150.66666666666666,10.0,183.0,
Lahore,185,150.4301814470882,108.4821519054614,11.524827392637723,25.029570517952017,19.18057210010297,0.6005522019483105,38.75961367214258,69.23506729640081,1009.9291943056344,10.094264460854966,2026-06-13 13:15:26.999717,13.0,13.0,6.0,5.0,1.0,189.0,179.0,149.0,225.0,174.33333333333334,16.524728943817145,149.0,-4.0,171.0,
Lahore,227,173.8634800553082,135.44692992685032,16.59051867487296,38.01081549034527,6.04016685692195,4.139219285984479,17.721729191451054,67.22057167903296,1014.2079801558024,7.784710841704545,2026-06-13 14:15:26.999717,14.0,13.0,6.0,5.0,1.0,185.0,179.0,171.0,171.0,183.66666666666663,26.85268453370376,151.33333333333334,42.0,182.0,
Lahore,161,134.21345526943537,92.76939584694664,54.32947980844732,64.69799326642259,2.850955006581694,2.710123410631221,18.79414055286232,72.29907830865484,991.3825171582088,6.83697877395948,2026-06-13 15:15:26.999717,15.0,13.0,6.0,5.0,1.0,227.0,189.0,143.0,165.0,186.66666666666663,21.960570727251337,151.16666666666666,-66.0,195.0,
Lahore,158,124.0443767409106,89.15968722596153,47.583988351571165,50.72701770305289,10.58037297227277,1.8807715881617824,34.83129481649837,34.94290434470464,1004.7922368435776,8.490653003745091,2026-06-13 16:15:26.999717,16.0,13.0,6.0,5.0,1.0,161.0,185.0,179.0,198.0,183.16666666666663,24.903145718294585,149.5,-3.0,148.0,
Lahore,149,118.73181905630416,90.94947389690316,31.143420452954352,13.293975797296604,7.703069918285583,0.9586935805125654,38.35415110462297,51.3389059699018,1007.03196325787,5.152112847595868,2026-06-13 17:15:26.999717,17.0,13.0,6.0,5.0,1.0,158.0,227.0,179.0,193.0,178.16666666666666,28.63855210492705,147.66666666666666,-9.0,164.0,
Lahore,142,120.22898323771096,78.832072257017,35.857518114193866,52.07995516716993,26.78075751813364,0.7822471590562479,29.48143995328801,56.04000099572863,1014.645033768713,1.096340847706521,2026-06-13 18:15:26.999717,18.0,13.0,6.0,5.0,1.0,149.0,161.0,189.0,143.0,170.33333333333334,31.379398762032302,147.625,-7.0,140.0,
Lahore,133,99.96418215707877,77.72686549714068,28.49994429799888,19.00597134479952,2.593650162190172,2.069900248078298,22.80434278953604,45.63775787249799,1013.5647553569228,11.54846105164058,2026-06-13 19:15:26.999717,19.0,13.0,6.0,5.0,1.0,142.0,158.0,185.0,137.0,161.66666666666666,33.61943882141177,147.45833333333334,-9.0,169.0,
Lahore,161,121.81440907443503,91.6241302005038,47.03899335803362,43.26619505588031,6.121797084649563,4.121316791451232,24.48551972183574,40.35763621615342,1007.8112691177994,5.187609239810353,2026-06-13 20:15:26.999717,20.0,13.0,6.0,5.0,1.0,133.0,149.0,227.0,132.0,150.66666666666666,11.465891446663296,148.66666666666666,28.0,107.0,
Lahore,159,124.28200336826998,98.1484159314513,49.20935896160398,44.68274507453288,16.912868561908432,4.634256872002237,24.25801189909351,38.33564879477177,1003.0447352811116,7.984670846016211,2026-06-13 21:15:26.999717,21.0,13.0,6.0,5.0,1.0,161.0,142.0,161.0,104.0,150.33333333333334,11.12954027202683,150.95833333333334,-2.0,119.0,
Lahore,114,96.3918942550966,77.40715049633243,48.164259510157954,70.71525216687387,14.950948534576735,4.535381140758791,23.82030880285683,51.98300353539511,994.0380980574816,6.375725242671543,2026-06-13 22:15:26.999717,22.0,13.0,6.0,5.0,1.0,159.0,133.0,158.0,107.0,143.0,17.65219533089334,151.25,-45.0,133.0,
Lahore,105,76.4032696226158,56.49206008598334,46.13058624172248,39.68707055093286,2.329708532866345,4.640003756373447,21.558561139184544,59.60650203375396,999.6044138801104,0.6560768637306547,2026-06-13 23:15:26.999717,23.0,13.0,6.0,5.0,1.0,114.0,161.0,149.0,101.0,135.66666666666666,22.99275248130791,151.41666666666666,-9.0,153.0,
Lahore,129,89.03922200944716,68.13490758551214,20.22521693463979,25.958181667692067,1.2103204124391898,4.584764044082042,31.43941155498929,33.77858640879964,1004.6280581264288,11.43295921191046,2026-06-14 00:15:26.999717,0.0,14.0,6.0,6.0,1.0,105.0,159.0,142.0,104.0,133.5,22.88886192015732,152.45833333333334,24.0,118.0,
Lahore,109,84.944205707955,64.77556557324965,26.89849896202394,22.322476116202367,29.653970316873348,2.872511382201781,39.31094360125682,86.78748567543298,1008.130009914894,9.51044671337188,2026-06-14 01:15:26.999717,1.0,14.0,6.0,6.0,1.0,129.0,114.0,133.0,119.0,129.5,24.99399927982784,152.04166666666666,-20.0,109.0,
Lahore,136,111.5587039995546,81.67848897978878,33.49227174918374,70.56889075132521,20.106206310406307,1.4873703735060673,23.29122515325021,75.9145993716455,1005.8849889369778,1.789174733632739,2026-06-14 02:15:26.999717,2.0,14.0,6.0,6.0,1.0,109.0,105.0,161.0,128.0,125.33333333333331,20.343713197612374,152.375,27.0,160.0,
Lahore,132,111.60130874869417,80.29329653378649,26.539649571382785,17.825814081367128,11.596777796145147,4.091209622765692,20.040746031458127,73.85110639112798,1007.8530700456936,11.779786515459202,2026-06-14 03:15:26.999717,3.0,14.0,6.0,6.0,1.0,136.0,129.0,159.0,159.0,120.83333333333331,13.1059782796522,151.25,-4.0,99.0,
Lahore,104,80.88419318957301,60.168397423828274,47.74701000791645,36.94014206623578,14.642535182234,1.4617083868366056,37.64159699202847,40.37163149932361,1000.7288126137976,8.842816466060494,2026-06-14 04:15:26.999717,4.0,14.0,6.0,6.0,1.0,132.0,109.0,114.0,114.0,119.16666666666669,14.68899815054512,150.83333333333334,-28.0,90.0,
Lahore,172,135.54286696441997,102.19680350587284,26.46767621249773,19.037983619521025,8.729953493174321,1.702432745404561,35.02814993402199,66.22804608073133,1008.1906822642752,5.667859805139706,2026-06-14 05:15:26.999717,5.0,14.0,6.0,6.0,1.0,104.0,136.0,105.0,161.0,130.33333333333334,24.171608690087226,151.29166666666666,68.0,150.0,
Lahore,185,153.76950367127873,112.83755205270302,16.91160433926686,62.99780300857815,11.001339727103083,1.5496444482014682,40.13259985211758,61.78349680852004,993.593531400493,7.336440678714879,2026-06-14 06:15:26.999717,6.0,14.0,6.0,6.0,1.0,172.0,132.0,129.0,145.0,139.66666666666666,32.81869385985197,152.95833333333334,13.0,139.0,
Lahore,137,100.2512915015229,87.40215446322419,29.952022602415205,40.57794799809643,19.822289550778205,2.817420816631126,19.46903286133256,88.94813074720163,994.0646577940778,1.2808401841751702,2026-06-14 07:15:26.999717,7.0,14.0,6.0,6.0,1.0,185.0,104.0,109.0,149.0,144.33333333333334,29.39841265556149,152.45833333333334,-48.0,129.0,
Lahore,150,118.05739612408496,80.22475614840859,58.99572163911902,31.335776791760903,26.601542167153752,1.94822378676086,18.89478548114797,74.86030620480948,994.0708036457364,6.724938120187332,2026-06-14 08:15:26.999717,8.0,14.0,6.0,6.0,1.0,137.0,172.0,136.0,171.0,146.66666666666666,29.15933241119684,151.58333333333334,13.0,172.0,
Lahore,171,137.7521194496253,100.75530280484269,21.2940706466788,32.082473046985015,6.339770669354361,1.1937022233140366,29.61859364623492,64.54571302297387,1012.2716239258943,0.8839328642047128,2026-06-14 09:15:26.999717,9.0,14.0,6.0,6.0,1.0,150.0,185.0,132.0,143.0,153.16666666666666,29.57983547396205,152.75,21.0,170.0,
Lahore,178,144.64609360642518,107.86904396970532,40.60793294716146,68.91606550422345,25.370483656174244,2.5392803535224706,31.589708680547574,81.04875998820734,991.900851582716,6.538263085431623,2026-06-14 10:15:26.999717,10.0,14.0,6.0,6.0,1.0,171.0,137.0,104.0,179.0,165.5,18.229097618916228,152.70833333333334,7.0,160.0,
Lahore,189,148.6509665340456,108.81011947694633,31.64865249198532,46.53304657208286,4.5251422560298025,4.432582574533251,27.96468293020892,39.30565625164257,1010.0377093183369,6.632348265153425,2026-06-14 11:15:26.999717,11.0,14.0,6.0,6.0,1.0,178.0,150.0,172.0,179.0,168.33333333333334,20.607442021430984,153.125,11.0,151.0,
Lahore,219,175.37220505852923,140.0558481588365,13.55122838246633,58.84008883484477,7.234774484063345,3.067487847274875,31.17209918074464,30.91299178145864,995.8392724511684,10.493265421928928,2026-06-14 12:15:26.999717,12.0,14.0,6.0,6.0,1.0,189.0,171.0,185.0,189.0,174.0,29.05167809266728,154.375,30.0,196.0,
Lahore,176,128.35836323293506,102.4229505988563,34.39383029990297,72.27788871880134,2.0780833534397334,4.452510226494142,19.870253759626927,71.41400000487138,1001.7107485123812,8.700690003267528,2026-06-14 13:15:26.999717,13.0,14.0,6.0,6.0,1.0,219.0,178.0,137.0,185.0,180.5,22.81008548865948,154.0,-43.0,192.0,
Lahore,162,126.30875793833076,96.9935365649636,45.10821643241562,72.63062570304815,5.083544000696984,1.3814248328561185,27.949571362430248,35.89868761423425,1012.898914886642,2.9946287065814405,2026-06-14 14:15:26.999717,14.0,14.0,6.0,6.0,1.0,176.0,189.0,150.0,227.0,182.5,19.94743091227416,151.29166666666666,-14.0,176.0,
Lahore,146,119.06754356277234,90.38011048421144,35.66099879139094,29.63817907533973,27.601791218457468,1.251382431526493,32.76849914537103,36.92601839901055,1004.6484307421877,10.661113706254282,2026-06-14 15:15:26.999717,15.0,14.0,6.0,6.0,1.0,162.0,219.0,171.0,161.0,178.33333333333334,24.840826609970613,150.66666666666666,-16.0,211.0,
Lahore,154,118.2885298287266,89.44357605599052,53.605303187329056,76.4338447359789,14.323723651932978,3.090097065642891,26.683074129715003,74.68084358547183,995.2529421558088,6.8789119781760695,2026-06-14 16:15:26.999717,16.0,14.0,6.0,6.0,1.0,146.0,176.0,178.0,158.0,174.33333333333334,26.76315875726613,150.5,8.0,147.0,
Lahore,161,129.094921107948,87.3671347609779,24.44685083287913,6.865691151095408,3.252309991572253,2.5849800569582286,33.34507806704814,46.23209064803935,997.1022515079702,7.276553742888405,2026-06-14 17:15:26.999717,17.0,14.0,6.0,6.0,1.0,154.0,162.0,189.0,149.0,169.66666666666666,26.12789058968668,151.0,7.0,131.0,
Lahore,189,153.4343625040135,111.25672736541732,14.312458565198243,33.26266707621242,28.83207830312988,3.470776887411306,27.182164574953667,67.71787293413357,1013.0111655973948,2.02777643066614,2026-06-14 18:15:26.999717,18.0,14.0,6.0,6.0,1.0,161.0,146.0,219.0,142.0,164.66666666666666,15.513435037626133,152.95833333333334,28.0,140.0,
Lahore,135,106.28725399571115,86.14720277963521,56.82828058290031,72.18491431316312,26.49077692500085,4.075820559620517,24.00718868274149,85.0444155655649,1000.6785981277494,10.293283151629367,2026-06-14 19:15:26.999717,19.0,14.0,6.0,6.0,1.0,189.0,154.0,176.0,133.0,157.83333333333334,18.30209459779555,153.04166666666666,-54.0,145.0,
Lahore,142,114.45231885498286,83.51552436607432,28.90981747641095,25.59776598627372,22.88579310517609,3.880882830434794,23.197336271351496,48.9884718982715,1004.6746370751696,11.171581380198528,2026-06-14 20:15:26.999717,20.0,14.0,6.0,6.0,1.0,135.0,161.0,162.0,161.0,154.5,19.191143790821734,152.25,7.0,142.0,
Lahore,130,99.18633717357694,73.7678284927051,38.82027757268167,25.48110877409888,28.070710966479176,4.740175281463525,26.09435559269188,43.02864947039513,1001.4983049156348,9.299887793938897,2026-06-14 21:15:26.999717,21.0,14.0,6.0,6.0,1.0,142.0,189.0,146.0,159.0,151.83333333333334,21.57235885726609,151.04166666666666,-12.0,126.0,
Lahore,149,118.16694360151978,94.0283610475136,49.6001563065098,27.69667138114165,7.38375320423716,2.292153841206552,15.623419812419424,36.3937730244631,999.4609522012112,11.289029431740074,2026-06-14 22:15:26.999717,22.0,14.0,6.0,6.0,1.0,130.0,135.0,154.0,114.0,151.0,21.56849554326869,152.5,19.0,132.0,
Lahore,172,140.6510808479461,101.54612551988474,26.21568319377903,50.923503863519166,25.254709497292502,1.4287403401168135,33.05017873804507,37.82774168518357,995.58197817331,3.6275988494681504,2026-06-14 23:15:26.999717,23.0,14.0,6.0,6.0,1.0,149.0,142.0,161.0,105.0,152.83333333333334,23.0079696337305,155.29166666666666,23.0,96.0,
Lahore,109,87.98486480484218,62.8491959317489,45.80822690888056,37.874958171076536,21.00974469427488,2.979106879765486,37.817852306467074,33.733361722730564,1007.154787512115,10.333430020353251,2026-06-15 00:15:26.999717,0.0,15.0,6.0,0.0,0.0,172.0,130.0,189.0,129.0,139.5,20.94516650685833,154.45833333333334,-63.0,148.0,
Lahore,110,85.06734365218033,66.74728044831654,16.7709424908914,59.50511272650069,26.223018237462963,0.9983440408603352,24.5749315499642,35.25854272978441,1007.956050656803,5.86671771436491,2026-06-15 01:15:26.999717,1.0,15.0,6.0,0.0,0.0,109.0,149.0,135.0,109.0,135.33333333333334,24.24596186309576,154.5,1.0,118.0,
Lahore,144,116.32108202145396,90.25375104809392,24.564687360275265,72.11829819234994,24.110435406536265,1.7998300549923414,16.242894675826403,55.92027532854924,996.872127290185,1.967006435323019,2026-06-15 02:15:26.999717,2.0,15.0,6.0,0.0,0.0,110.0,172.0,142.0,136.0,135.66666666666666,24.369379693925183,154.83333333333334,34.0,145.0,
Lahore,141,116.3730489531831,96.50856765866271,17.235531806825996,55.56495312071455,11.048356832127924,1.43549624868415,41.642941129410055,49.25190270143818,1009.7252710763707,8.025607188400814,2026-06-15 03:15:26.999717,3.0,15.0,6.0,0.0,0.0,144.0,109.0,130.0,132.0,137.5,24.27138232569426,155.20833333333334,-3.0,134.0,
Lahore,171,126.55029360711262,106.73618053828712,50.56152792006789,20.33500401481816,23.457557573500413,2.284536725586864,22.11985289717881,72.39364885937988,1011.363380007542,8.209443248470546,2026-06-15 04:15:26.999717,4.0,15.0,6.0,0.0,0.0,141.0,110.0,149.0,104.0,141.16666666666666,27.7662865120038,158.0,30.0,143.0,
Lahore,153,128.1953703247795,97.59919983194172,21.13246176133927,74.95114267703767,8.61123278656182,1.0004745875099692,18.418770285650872,82.2144994948201,1013.0168774059908,3.4430941650802818,2026-06-15 05:15:26.999717,5.0,15.0,6.0,0.0,0.0,171.0,144.0,172.0,172.0,138.0,24.42949037536442,157.20833333333334,-18.0,153.0,
Lahore,142,111.91872630659464,82.67016900506073,45.87017777026051,24.836965501060888,10.52917272781359,0.6432878504664403,24.983317715271752,77.08639218854306,994.0303103479592,0.3299199795308407,2026-06-15 06:15:26.999717,6.0,15.0,6.0,0.0,0.0,153.0,141.0,109.0,185.0,143.5,19.88718180135169,155.41666666666666,-11.0,158.0,
Lahore,161,130.92744966620117,91.4706594701526,57.16491986228263,16.242072149611857,4.1292657994663085,3.455573020835143,34.941040097106026,61.83823539993914,997.5980920903316,2.39816710902676,2026-06-15 07:15:26.999717,7.0,15.0,6.0,0.0,0.0,142.0,171.0,110.0,137.0,152.0,12.06648250319872,156.41666666666666,19.0,162.0,
Lahore,180,149.98623461822615,108.3116567480956,36.388610453443846,11.747545914572068,28.1172218634336,3.246120402304122,22.935748116045275,36.146526973959205,1011.5088336875924,4.797330572086641,2026-06-15 08:15:26.999717,8.0,15.0,6.0,0.0,0.0,161.0,153.0,144.0,150.0,158.0,15.697133496278594,157.66666666666666,19.0,184.0,
Lahore,181,137.94163151384768,109.13584957629796,37.00145961303439,47.25378054996242,9.439097538608165,3.687615212173976,30.51698650582617,72.58603703649321,994.9635050706974,2.0107549327184224,2026-06-15 09:15:26.999717,9.0,15.0,6.0,0.0,0.0,180.0,142.0,141.0,171.0,164.66666666666666,15.526321736543006,158.08333333333334,1.0,169.0,
Lahore,182,142.05279498786226,103.80743629317702,33.0516784048906,13.532184686048886,16.098051489972104,3.471738981221048,26.22011984980284,51.76972348361241,990.0867114810874,2.32835937887525,2026-06-15 10:15:26.999717,10.0,15.0,6.0,0.0,0.0,181.0,161.0,171.0,178.0,166.5,17.00294092208693,158.25,1.0,186.0,
Lahore,197,156.1572565206215,117.32352735047992,26.29450716968213,15.408191308447307,12.348652257519587,1.0143260651407258,18.1796277914687,35.13902363492461,1011.7706827562909,4.696687972587235,2026-06-15 11:15:26.999717,11.0,15.0,6.0,0.0,0.0,182.0,180.0,153.0,189.0,173.83333333333334,19.34338818993801,158.58333333333334,15.0,174.0,
Lahore,202,157.68123239437787,123.19658800859564,33.782751546245855,27.50228604466225,28.837915496921543,1.8098549661904084,23.917749337286978,80.54798443275754,998.1612360437842,11.541439371702724,2026-06-15 12:15:26.999717,12.0,15.0,6.0,0.0,0.0,197.0,181.0,142.0,219.0,183.8333333333333,14.49712615198673,157.875,5.0,208.0,
Lahore,207,174.27468287918407,126.00196697509038,40.14037661333797,26.123975726334788,10.71642595721599,1.0828697445515856,34.571503654279795,50.29299103095033,1000.3624381284736,9.17092218489178,2026-06-15 13:15:26.999717,13.0,15.0,6.0,0.0,0.0,202.0,182.0,161.0,176.0,191.5,11.94571052721179,159.16666666666666,5.0,166.0,
Lahore,191,148.51613953086604,117.12143926692136,59.29957860853297,50.317963274910674,23.57782882125798,4.293375809218534,31.52410522794904,43.09492995069428,1001.158350643016,3.8369808147187694,2026-06-15 14:15:26.999717,14.0,15.0,6.0,0.0,0.0,207.0,197.0,180.0,162.0,193.3333333333333,10.595596569641668,160.375,-16.0,214.0,
Lahore,171,134.02226610256568,104.0548236506872,56.88822796591121,66.25589596045111,25.80706848430422,3.861066449099855,18.234016256856147,82.2871238771306,1011.2068650166808,11.419248827022578,2026-06-15 15:15:26.999717,15.0,15.0,6.0,0.0,0.0,191.0,202.0,181.0,146.0,191.66666666666663,13.35165407979869,161.41666666666666,-20.0,173.0,
Lahore,171,137.8219451580149,100.06495670364971,53.10764791465609,62.10122421521693,13.632588426948011,1.406871513132091,19.40970506228633,84.1280321068203,998.4473036148364,7.747761507104792,2026-06-15 16:15:26.999717,16.0,15.0,6.0,0.0,0.0,171.0,207.0,182.0,154.0,189.8333333333333,15.52310106475533,162.125,0.0,140.0,
Lahore,186,142.78925236961956,109.03049686675578,54.456526785242914,24.68633410373576,11.966982619135006,2.0358915822045205,32.299800701301024,50.33825023149359,1012.306997146412,5.465395735681682,2026-06-15 17:15:26.999717,17.0,15.0,6.0,0.0,0.0,171.0,191.0,197.0,161.0,188.0,15.152557539898815,163.16666666666666,15.0,164.0,
Lahore,137,107.62159644121868,76.20524301003063,33.392459164602144,23.398287348948493,22.684628807046213,4.849767465188964,36.962216186663454,51.2880851568824,1005.4234784512012,5.619602387461764,2026-06-15 18:15:26.999717,18.0,15.0,6.0,0.0,0.0,186.0,171.0,202.0,189.0,177.16666666666666,23.86978564349979,161.0,-49.0,140.0,
Lahore,153,123.98726630625087,100.72387519592549,42.87221635887324,77.43436475802257,27.47398342888079,3.173717110458432,24.43581139087057,64.77771165498865,1003.182168100842,4.928933614024702,2026-06-15 19:15:26.999717,19.0,15.0,6.0,0.0,0.0,137.0,171.0,207.0,135.0,168.16666666666666,20.282176083118973,161.75,16.0,162.0,
Lahore,130,102.33569797808744,78.06725182309647,54.75333614681071,5.61771811939701,22.89302025909491,4.105200187855208,31.073390299773155,74.00648962863949,998.1403626781864,2.795904630551276,2026-06-15 20:15:26.999717,20.0,15.0,6.0,0.0,0.0,153.0,186.0,191.0,142.0,158.0,21.78072542409901,161.25,-23.0,124.0,
Lahore,131,104.33306570550027,77.47573472102573,29.647538249567653,70.97903997951619,7.586664602164102,1.690659656459281,19.60737689630684,33.788952114411806,996.0927924070296,4.6395863065644685,2026-06-15 21:15:26.999717,21.0,15.0,6.0,0.0,0.0,130.0,137.0,171.0,130.0,151.33333333333334,23.08823654302491,161.29166666666666,1.0,122.0,
Lahore,151,118.15333943775816,85.9560395927377,58.08812391727344,19.97963893418037,26.760924675693456,1.4452381408068735,23.407161096443744,65.6006194313083,1005.6014610694338,6.334756608520711,2026-06-15 22:15:26.999717,22.0,15.0,6.0,0.0,0.0,131.0,153.0,171.0,149.0,148.0,21.033306920216084,161.375,20.0,87.0,
Lahore,125,92.42764845409616,89.6782895116389,30.78930310345915,76.04632423173258,12.23986835566816,4.027626179809468,15.54729555317242,87.1692037070149,1001.1723540014144,6.336328208762652,2026-06-15 23:15:26.999717,23.0,15.0,6.0,0.0,0.0,151.0,130.0,186.0,172.0,137.83333333333334,11.634718160174453,159.41666666666666,-26.0,112.0,
Lahore,120,97.6079660566962,66.63335983888553,40.05413326966078,30.67304636206397,17.710652941560095,3.5864260485414805,35.74345059058711,45.72563383079722,1012.7629002483002,9.140842826550216,2026-06-16 00:15:26.999717,0.0,16.0,6.0,1.0,0.0,125.0,131.0,137.0,109.0,135.0,13.75499909124065,159.875,-5.0,71.0,
Lahore,93,83.17466535823621,53.65576037196963,45.4902356636186,38.02638304199392,25.11163295948862,3.5644006814529368,25.827265133870103,84.52963284581602,1002.2909679028512,4.30557428588823,2026-06-16 01:15:26.999717,1.0,16.0,6.0,1.0,0.0,120.0,151.0,153.0,110.0,125.0,18.899735447885185,159.16666666666666,-27.0,88.0,
Lahore,138,110.4920081539172,84.8791841814303,57.52960065379692,58.034046045828575,6.463448254614274,2.986855618231373,37.03539048865676,87.01010044578561,1002.7948729175298,8.601576351647429,2026-06-16 02:15:26.999717,2.0,16.0,6.0,1.0,0.0,93.0,125.0,130.0,144.0,126.33333333333331,19.59251557780961,158.91666666666666,45.0,138.0,
Lahore,140,113.12632058623775,87.00106482872138,22.230813702613304,49.075178860494525,23.75079393464904,3.03610254249447,34.12607089261361,46.14921845826538,1000.4180820284,6.937102065224216,2026-06-16 03:15:26.999717,3.0,16.0,6.0,1.0,0.0,138.0,120.0,131.0,141.0,127.83333333333331,20.351085147153945,158.875,2.0,143.0,
Lahore,177,145.0636137755843,110.98966027607842,47.30654891193211,28.84544972801171,18.28872113940965,3.810638773878142,37.37609517466888,75.25211195312103,1009.731574924782,11.542144854322013,2026-06-16 04:15:26.999717,4.0,16.0,6.0,1.0,0.0,140.0,93.0,151.0,171.0,132.16666666666666,27.70860275558301,159.125,37.0,142.0,
Lahore,135,101.65334751726652,90.03804253884631,36.0407793072041,46.53731869008677,26.90690761300064,1.7150111650453788,22.71278407873784,44.3265004991736,1000.6209799527318,4.623419112407792,2026-06-16 05:15:26.999717,5.0,16.0,6.0,1.0,0.0,177.0,138.0,125.0,153.0,133.83333333333334,27.49121071663996,158.375,-42.0,122.0,
Lahore,154,131.71257329064804,94.93078827730356,23.42785703103205,59.80301632721647,5.9871416534627455,2.087458096356301,19.997935721551823,74.25666970392797,996.7335499937438,10.814597571129482,2026-06-16 06:15:26.999717,6.0,16.0,6.0,1.0,0.0,135.0,140.0,120.0,142.0,139.5,27.57353803921476,158.875,19.0,149.0,
Lahore,154,124.211643982114,87.11984600016666,48.83034198981953,8.175120942686906,13.199784874186925,4.422365467340248,41.241453431595104,77.84519827732956,1011.5507718573376,9.847710567579472,2026-06-16 07:15:26.999717,7.0,16.0,6.0,1.0,0.0,154.0,177.0,93.0,161.0,149.66666666666666,15.680136053831664,158.58333333333334,0.0,149.0,
Lahore,189,159.35928449544556,112.11527437439108,37.611114008692326,5.839947894177809,25.152449693138287,1.88989340455471,34.36785025010347,44.83234222263896,1004.920705534131,7.651971415073483,2026-06-16 08:15:26.999717,8.0,16.0,6.0,1.0,0.0,154.0,135.0,138.0,180.0,158.16666666666666,21.008728344825062,158.95833333333334,35.0,134.0,
Lahore,163,126.73483502238004,99.33916186256944,43.04869103248379,39.35502043046685,1.557719400246045,2.958393071206846,37.5191412340201,72.9521726149941,1004.787755494225,7.854173600905407,2026-06-16 09:15:26.999717,9.0,16.0,6.0,1.0,0.0,189.0,154.0,140.0,181.0,162.0,19.03680645486481,158.20833333333334,-26.0,195.0,
Lahore,177,150.69030961278912,116.54113020752912,26.14505342889505,14.887746335263564,4.253839636203643,3.6618775880300793,15.354601090168211,78.7262723318454,1005.2705551790982,1.0157992152769282,2026-06-16 10:15:26.999717,10.0,16.0,6.0,1.0,0.0,163.0,154.0,177.0,182.0,162.0,19.03680645486481,158.0,14.0,189.0,
Lahore,188,154.27577747017392,105.81097260787853,34.06369759138025,54.82582185985358,29.726391169945305,4.999661720749295,24.57046374798894,51.5147323264147,1007.9709937051416,11.402695267121189,2026-06-16 11:15:26.999717,11.0,16.0,6.0,1.0,0.0,177.0,189.0,135.0,197.0,170.83333333333334,16.067565673325657,157.625,11.0,172.0,
Lahore,183,149.1652004292618,115.81288252612612,40.86771254940335,21.053934217057563,9.131431179120163,2.4588109917289938,35.05605064558796,40.06216655938361,997.8266997328142,1.283232761948927,2026-06-16 12:15:26.999717,12.0,16.0,6.0,1.0,0.0,188.0,163.0,154.0,202.0,175.66666666666666,14.25014619807895,156.83333333333334,-5.0,179.0,
Lahore,171,137.97012227176575,103.49957184773208,30.2455407134922,37.46383300967532,29.29075261799465,2.426417944812247,17.10553649072955,35.51787403905082,990.8461092708252,6.758799704922085,2026-06-16 13:15:26.999717,13.0,16.0,6.0,1.0,0.0,183.0,177.0,154.0,207.0,178.5,10.193134944655258,155.33333333333334,-12.0,184.0,
Lahore,182,144.35735690962775,113.3891526761474,19.918626992385065,19.82532026557017,6.293414979251543,4.291647707451504,30.318178098361265,64.52290221659652,1010.2648290219252,3.960849605389854,2026-06-16 14:15:26.999717,14.0,16.0,6.0,1.0,0.0,171.0,188.0,189.0,191.0,177.33333333333334,9.09212113132139,154.95833333333334,11.0,137.0,
Lahore,195,162.00265829236938,116.49002641682034,58.0820246157652,46.13626893118433,11.471738847212732,4.124764000669385,26.58496472128509,88.68588715894279,993.2226263470408,5.158223739478221,2026-06-16 15:15:26.999717,15.0,16.0,6.0,1.0,0.0,182.0,183.0,163.0,171.0,182.66666666666663,8.358628276613999,155.95833333333334,13.0,169.0,
Lahore,148,119.10179934924024,84.58783684936836,35.57337700213087,13.704009453842668,22.83321389060355,3.789841467805468,15.475645692809897,79.37701920133297,1008.0454934302636,7.322196130041805,2026-06-16 16:15:26.999717,16.0,16.0,6.0,1.0,0.0,195.0,171.0,177.0,171.0,177.83333333333334,16.606223732884608,155.0,-47.0,155.0,
Lahore,164,121.36465148206426,102.15436389700665,46.696018514385024,6.73301395906102,20.075573809907176,2.58453336834063,21.371340582225187,56.15037833607317,992.0578824571832,10.90621653458786,2026-06-16 17:15:26.999717,17.0,16.0,6.0,1.0,0.0,148.0,182.0,188.0,186.0,173.83333333333334,16.55797894269187,154.08333333333334,16.0,141.0,
Lahore,140,106.414067691465,87.27215513552811,30.552359677802905,8.834872858002289,17.852549597942613,1.957726040723221,22.689383704801283,62.19725417129752,999.3826960507124,5.490805482867618,2026-06-16 18:15:26.999717,18.0,16.0,6.0,1.0,0.0,164.0,195.0,183.0,137.0,166.66666666666666,20.60744202143102,154.20833333333334,-24.0,148.0,
Lahore,169,134.2707712390363,106.2602848286986,27.75658820128581,76.56938311364824,16.36707609834522,3.239287171631819,18.020218551350705,46.77167312470914,991.5756517457884,11.852754663677294,2026-06-16 19:15:26.999717,19.0,16.0,6.0,1.0,0.0,140.0,148.0,171.0,153.0,166.33333333333334,20.53939304523485,154.875,29.0,181.0,
Lahore,107,87.14999491582779,64.13347682310683,30.35821492335625,15.671466395820186,25.45977286627747,4.443004819092384,32.05149656305183,39.78395204160381,1003.0553419906933,7.113744784217998,2026-06-16 20:15:26.999717,20.0,16.0,6.0,1.0,0.0,169.0,164.0,182.0,130.0,153.83333333333334,29.822251200515776,153.91666666666666,-62.0,150.0,
Lahore,119,94.91705755550052,68.40088988340075,30.45983218928249,58.13586898526264,7.813508322168388,4.47699856193864,21.544742658801,58.9248694939364,1006.3283943195394,1.9266473117060936,2026-06-16 21:15:26.999717,21.0,16.0,6.0,1.0,0.0,107.0,140.0,195.0,131.0,141.16666666666666,24.506461732912168,153.41666666666666,12.0,119.0,
Lahore,133,112.49485394896833,72.00606502488078,37.20900579709768,10.094465316711968,13.831656882812034,0.9882425528169728,22.495726489723488,57.81009397003111,994.2858285294548,2.2801115379750274,2026-06-16 22:15:26.999717,22.0,16.0,6.0,1.0,0.0,119.0,169.0,148.0,151.0,138.66666666666666,24.43494765017296,152.66666666666666,14.0,136.0,
Lahore,153,112.64449067980688,95.89686634069704,37.17349349906816,13.112026417638663,5.508116472537261,2.427576277159178,39.25244215140398,61.315797168225615,999.29069046096,8.593332427071012,2026-06-16 23:15:26.999717,23.0,16.0,6.0,1.0,0.0,133.0,107.0,164.0,125.0,136.83333333333334,22.48925669440181,153.83333333333334,20.0,149.0,
Lahore,118,95.1179396825258,72.91944741221992,34.85769079414358,43.1657188557001,18.282306276190425,2.5912488028943725,27.61232350271477,87.16827513383645,1013.2559872760764,0.6047735309205811,2026-06-17 00:15:26.999717,0.0,17.0,6.0,2.0,0.0,153.0,119.0,140.0,120.0,133.16666666666666,23.63401503483281,153.75,-35.0,138.0,
Lahore,109,78.11010387306423,60.5710868356802,16.739289245871905,39.865319761575776,8.265788303868284,4.899269153856889,25.58745996817036,66.23371800868634,1001.0597279276864,5.764098914666722,2026-06-17 01:15:26.999717,1.0,17.0,6.0,2.0,0.0,118.0,133.0,169.0,93.0,123.16666666666669,17.279081765728222,154.41666666666666,-9.0,121.0,
Lahore,160,131.79856147742083,93.30713163351687,34.80377392502656,76.36852320799022,10.681419865958189,3.5509910685916304,34.544518034497365,66.34631019734243,1010.063589224414,1.7786293176421992,2026-06-17 02:15:26.999717,2.0,17.0,6.0,2.0,0.0,109.0,153.0,107.0,138.0,132.0,20.591260281974943,155.33333333333334,51.0,110.0,
Lahore,99,78.72770642778998,57.0662059402428,18.455195021032573,75.8626589765553,14.666270782082316,2.332608877679317,39.559572515838624,37.681485771664605,1013.1796186265052,5.198623622134139,2026-06-17 03:15:26.999717,3.0,17.0,6.0,2.0,0.0,160.0,118.0,119.0,140.0,128.66666666666666,24.385788210896767,153.625,-61.0,142.0,
Lahore,90,74.0980498601206,46.58507784008791,16.306789314788258,63.47064819068488,1.7763469853907077,0.6172604869351686,15.675981078410985,89.78933197060923,1014.358645624432,8.999009064860633,2026-06-17 04:15:26.999717,4.0,17.0,6.0,2.0,0.0,99.0,109.0,133.0,177.0,121.5,28.780201528134903,150.0,-9.0,142.0,
Lahore,150,115.68058519705116,85.91158801697433,56.63228586705839,50.15763725955123,3.666200141704292,3.044233220446382,27.102448856995707,76.37069665408012,1012.4580504922842,5.50575513889721,2026-06-17 05:15:26.999717,5.0,17.0,6.0,2.0,0.0,90.0,160.0,153.0,135.0,121.0,28.14249455894164,150.625,60.0,159.0,
Lahore,139,117.59732465828876,77.73084821596822,40.24750065738522,39.12202380447582,20.891947400538367,0.9323418903726026,31.491096614104578,82.6322006456403,997.9351332289742,1.9614133077711235,2026-06-17 06:15:26.999717,6.0,17.0,6.0,2.0,0.0,150.0,99.0,118.0,154.0,124.5,28.987928522059885,150.0,-11.0,162.0,
Lahore,129,108.40862332029424,75.33760494056031,42.97450290622921,31.71339007463158,13.440129440807713,4.255024808064934,23.60120364940172,54.85802470985965,1014.0643221540298,3.023104444279709,2026-06-17 07:15:26.999717,7.0,17.0,6.0,2.0,0.0,139.0,90.0,109.0,154.0,127.83333333333331,27.98154153485317,148.95833333333334,-10.0,170.0,
Lahore,172,140.51772151505943,99.5065125083522,30.089683516668188,76.03156602316666,26.078916437996966,3.8863339725666295,35.855008497327525,60.12768574713749,1010.3098810436512,4.410475063826189,2026-06-17 08:15:26.999717,8.0,17.0,6.0,2.0,0.0,129.0,150.0,160.0,189.0,129.83333333333334,31.005913414487715,148.25,43.0,147.0,
Lahore,170,135.3524137656828,93.86497539566624,55.44904459574321,50.21816085685142,21.145488105681785,2.5722912195868046,41.22988089729739,61.32502854973659,1010.9293895909872,0.8347342018369766,2026-06-17 09:15:26.999717,9.0,17.0,6.0,2.0,0.0,172.0,139.0,99.0,163.0,141.66666666666666,30.42805722793827,148.54166666666666,-2.0,191.0,
Lahore,160,130.89928642647567,106.1129511528474,41.89652447898328,48.43043957644959,1.234927307772351,2.431448507937649,40.47253888875765,41.64567235737631,990.379324604296,7.012051632973463,2026-06-17 10:15:26.999717,10.0,17.0,6.0,2.0,0.0,170.0,129.0,90.0,177.0,153.33333333333334,17.20077517633039,147.83333333333334,-10.0,175.0,
Lahore,151,117.26553716006326,96.86270365514616,48.45849347617937,22.392584132668613,18.88465759224691,4.538025345059459,22.181528563258432,71.36934937961743,1013.8559715829572,7.290405495336602,2026-06-17 11:15:26.999717,11.0,17.0,6.0,2.0,0.0,160.0,172.0,150.0,188.0,153.5,17.166828478201694,146.29166666666666,-9.0,218.0,
Lahore,196,161.07777829510357,113.70490289240009,28.42812345138569,8.50233634138348,3.718021115731776,1.798062576881578,21.11113351781212,84.1786034170474,1009.4522555962184,0.7458231255908094,2026-06-17 12:15:26.999717,12.0,17.0,6.0,2.0,0.0,151.0,170.0,139.0,183.0,163.0,22.48555091608784,146.83333333333334,45.0,165.0,
Lahore,192,161.84740447161963,116.56210698326804,58.00059404095627,75.88914348196583,23.64706221392433,1.6205898294804686,40.85224433757297,39.82234908830514,1009.1991874126976,4.827735854089944,2026-06-17 13:15:26.999717,13.0,17.0,6.0,2.0,0.0,196.0,160.0,129.0,171.0,173.5,17.615334229016455,147.70833333333334,-4.0,214.0,
Lahore,176,146.15305279989593,107.68732544910648,51.02306450791575,28.53014441334905,29.75372296007656,4.726388447715929,27.38296916064958,35.17909640916987,992.0381182732146,4.968008194616699,2026-06-17 14:15:26.999717,14.0,17.0,6.0,2.0,0.0,192.0,151.0,172.0,182.0,174.16666666666666,17.622901766355735,147.45833333333334,-16.0,182.0,
Lahore,211,165.15198765096295,132.5554292738674,52.69742315072718,38.1941767493344,16.404765033003834,4.141606265390672,20.62403852328668,74.29313433242052,995.8142135268332,4.005834822631215,2026-06-17 15:15:26.999717,15.0,17.0,6.0,2.0,0.0,176.0,196.0,170.0,195.0,181.0,22.85607140345743,148.125,35.0,161.0,
Lahore,147,119.40708658636552,84.10697486669962,18.609713371287715,13.597995768928012,20.80060550562978,4.192815168802376,34.08891801802129,46.39210990037893,1014.0565416284476,6.692876883973343,2026-06-17 16:15:26.999717,16.0,17.0,6.0,2.0,0.0,211.0,192.0,160.0,148.0,178.83333333333334,25.68592351204479,148.08333333333334,-64.0,159.0,
Lahore,131,98.33429228120676,84.06053391991213,23.548160393560977,67.7693247431969,7.882110665947795,1.3783721642416649,22.67934874540237,67.43175249703975,1002.5169268701368,4.151489880721341,2026-06-17 17:15:26.999717,17.0,17.0,6.0,2.0,0.0,147.0,176.0,151.0,164.0,175.5,30.80746662742581,146.70833333333334,-16.0,155.0,
Lahore,140,114.86195155587838,81.26047347896532,24.281329984178853,7.072387464194797,13.690334568860012,1.1448319614392048,22.21566832691841,71.74550027953083,999.9464504559314,4.9969113537336725,2026-06-17 18:15:26.999717,18.0,17.0,6.0,2.0,0.0,131.0,211.0,196.0,140.0,166.16666666666666,31.82085270175266,146.70833333333334,9.0,162.0,
Lahore,145,118.2530170643127,80.32068797915693,23.54546116234356,67.54930715743224,25.826764634855127,0.617132974177107,38.73972416310019,49.31464581490931,1010.9985204286728,9.570282569299266,2026-06-17 19:15:26.999717,19.0,17.0,6.0,2.0,0.0,140.0,147.0,192.0,169.0,158.33333333333334,29.917664793005724,145.70833333333334,5.0,156.0,
Lahore,142,104.2509183023392,88.82068279657248,52.7704081052144,15.52137595909751,5.8552654846412855,1.5666867901340602,19.3869371411764,78.90867584554707,992.1835103528488,1.9453122651624173,2026-06-17 20:15:26.999717,20.0,17.0,6.0,2.0,0.0,145.0,131.0,176.0,107.0,152.66666666666666,29.111280745900974,147.16666666666666,-3.0,126.0,
Lahore,126,94.9910807804382,82.05379212061213,11.594239760429604,71.49230844733641,8.7005325627991,3.9838572127144616,16.738609554588383,62.99933892685301,1000.4235504067764,7.429376343641051,2026-06-17 21:15:26.999717,21.0,17.0,6.0,2.0,0.0,142.0,140.0,211.0,119.0,138.5,8.264381404559192,147.45833333333334,-16.0,130.0,
Lahore,132,104.18430551628116,92.13954486765344,13.804999449038714,59.73294780021181,13.917576583294874,1.580172884438674,22.26803388463556,82.13996447710817,999.392519360552,6.067132820290147,2026-06-17 22:15:26.999717,22.0,17.0,6.0,2.0,0.0,126.0,145.0,147.0,133.0,136.0,7.402702209330615,147.41666666666666,6.0,168.0,
Lahore,96,75.29570126429589,51.60137367454893,23.695743531495182,17.35026968804788,21.655217863476405,3.780964776176943,31.3875261466315,75.79761315353684,998.74628467576,3.660859649752189,2026-06-17 23:15:26.999717,23.0,17.0,6.0,2.0,0.0,132.0,142.0,131.0,153.0,130.16666666666666,18.13743826086544,145.04166666666666,-36.0,156.0,
Lahore,148,112.35261532290598,92.29459842540396,19.99364873247218,47.43634946446011,11.900634689074542,1.6335871941533968,18.323372041888305,82.11453792224722,997.6923060913268,8.730415877884928,2026-06-18 00:15:26.999717,0.0,18.0,6.0,3.0,0.0,96.0,126.0,140.0,118.0,131.5,19.2639559800171,146.29166666666666,52.0,128.0,
Lahore,118,96.34489364676092,68.75099378103234,21.59298069414242,28.44922357664145,27.90423611370712,2.2788162407780224,27.73305615147343,31.209682927073644,995.251873919752,6.614260314493776,2026-06-18 01:15:26.999717,1.0,18.0,6.0,3.0,0.0,148.0,132.0,145.0,109.0,127.0,18.622566955176847,146.66666666666666,-30.0,121.0,
Lahore,145,117.25736804470256,90.91679355262016,49.897159462665,18.36748241836876,3.739254486792856,4.924230304601338,31.93810198148364,44.61037564431568,994.3227700747632,5.7283383235283445,2026-06-18 02:15:26.999717,2.0,18.0,6.0,3.0,0.0,118.0,96.0,142.0,160.0,127.5,19.13896548928504,146.04166666666666,27.0,125.0,
Lahore,134,106.2286543401074,73.04755224384374,38.15632969460235,69.43866495583313,11.753321728800575,1.6016527907786102,37.9158988000157,35.40047642675632,1006.010152922992,8.0120317772544,2026-06-18 03:15:26.999717,3.0,18.0,6.0,3.0,0.0,145.0,148.0,126.0,99.0,128.83333333333334,19.291621670214976,147.5,-11.0,140.0,
Lahore,143,110.6210424992082,79.48615112150718,10.2885330646484,35.2642074880422,21.559669579424234,2.1936678228422046,21.206478962460867,56.52498103136095,1012.9848710302168,9.62748369577633,2026-06-18 04:15:26.999717,4.0,18.0,6.0,3.0,0.0,134.0,118.0,132.0,90.0,130.66666666666666,20.1560578156222,149.70833333333334,9.0,113.0,
Lahore,153,127.64353563208284,87.92062588416758,31.46613828520976,34.89077857740369,7.553616204183281,1.8548923120934613,37.06835073133532,83.39760729691909,1002.7212911312472,11.672025480402915,2026-06-18 05:15:26.999717,5.0,18.0,6.0,3.0,0.0,143.0,145.0,96.0,150.0,140.16666666666666,12.54458714612352,149.83333333333334,10.0,136.0,
Lahore,158,134.67703556544149,95.19482022834042,30.394246342517945,17.7415006104965,20.035980892660515,0.9933124384850104,21.342469050543443,58.05241573601215,997.449363808666,7.552204420516482,2026-06-18 06:15:26.999717,6.0,18.0,6.0,3.0,0.0,153.0,134.0,148.0,139.0,141.83333333333334,14.330619898199954,150.625,5.0,116.0,
Lahore,162,127.1821925807673,93.99459366730822,15.697263472227176,33.729925706433406,5.762291788593032,2.704523639588712,33.272696613470295,80.98278267482365,993.9790049430557,10.493279824804596,2026-06-18 07:15:26.999717,7.0,18.0,6.0,3.0,0.0,158.0,143.0,118.0,129.0,149.16666666666666,10.419532938988734,152.0,4.0,157.0,
Lahore,184,144.13916541422591,113.69527171956707,43.80708943007286,70.37126347466376,2.623428260988905,2.2041079849985104,26.62818643002629,49.63069428115907,1010.7535841263148,0.0130984922754833,2026-06-18 08:15:26.999717,8.0,18.0,6.0,3.0,0.0,162.0,153.0,145.0,172.0,155.66666666666666,17.23562202726259,152.5,22.0,171.0,
Lahore,169,137.65603832706,106.53447309128956,45.10485941897456,32.23465328672269,4.509455785710816,3.62699188613276,18.096393544224096,50.37420436831515,1014.2873014118304,6.362828312710695,2026-06-18 09:15:26.999717,9.0,18.0,6.0,3.0,0.0,184.0,158.0,134.0,170.0,161.5,14.06769348542902,152.45833333333334,-15.0,155.0,
Lahore,186,147.0098531012651,114.59788770622676,46.044660952604886,76.3702671874841,27.969558710889903,4.179175461281957,34.285113496189915,83.73370381961266,998.7288850366964,2.575770585242377,2026-06-18 10:15:26.999717,10.0,18.0,6.0,3.0,0.0,169.0,162.0,143.0,160.0,168.66666666666666,13.706446172025611,153.54166666666666,17.0,203.0,
Lahore,174,138.50301399668385,112.49393819830432,46.4235472779296,75.97316744062906,17.00077560524699,2.9491237152303733,20.87959070082348,55.549028790702096,997.2737606388032,1.130309484997646,2026-06-18 11:15:26.999717,11.0,18.0,6.0,3.0,0.0,186.0,184.0,153.0,151.0,172.16666666666666,11.39151731186979,154.5,-12.0,152.0,
Lahore,208,170.09826575862337,126.87913314727672,10.00264134661484,15.867399448050952,24.094027488909823,0.6448838993930159,19.76883250266397,77.38592926767998,1005.0373238243736,6.383652204772705,2026-06-18 12:15:26.999717,12.0,18.0,6.0,3.0,0.0,174.0,169.0,158.0,196.0,180.5,16.220357579287434,155.0,34.0,150.0,
Lahore,166,123.25321956246354,93.51551644829917,57.696040192336106,18.298344014198364,10.646980526246486,3.285150603056247,24.674719071913344,44.19861287291408,1009.3832245238356,8.961918073789128,2026-06-18 13:15:26.999717,13.0,18.0,6.0,3.0,0.0,208.0,186.0,162.0,192.0,181.16666666666663,15.367715076308928,153.91666666666666,-42.0,184.0,
Lahore,214,177.79151162426336,135.2168825676917,50.71043835273315,69.70055527489168,18.187100788677952,0.7492582850942264,32.638836608506054,86.92804978065813,1001.3850700887416,4.947270269692557,2026-06-18 14:15:26.999717,14.0,18.0,6.0,3.0,0.0,166.0,174.0,184.0,176.0,186.16666666666663,20.49796737890378,155.5,48.0,199.0,
Lahore,173,138.76340262164672,100.77421882197,55.19908482946426,34.457068919353944,15.353611877444756,3.273603456195612,21.31790492734695,64.47469479183427,1005.7518287465238,8.04128939213322,2026-06-18 15:15:26.999717,15.0,18.0,6.0,3.0,0.0,214.0,208.0,169.0,211.0,186.8333333333333,19.883829275735657,153.91666666666666,-41.0,208.0,
Lahore,140,109.9425342771891,88.55209249842785,10.782164765371707,5.3280486712257,28.42640082266653,3.5826347717113483,19.95886154711092,75.55941411470411,1007.9137267005824,5.876631046091399,2026-06-18 16:15:26.999717,16.0,18.0,6.0,3.0,0.0,173.0,166.0,186.0,147.0,179.16666666666666,27.62909094897289,153.625,-33.0,159.0,
Lahore,164,130.75382922889278,106.26867108277553,56.69293978928697,25.540386477902825,22.6796644455692,1.389954324278833,15.268747894260835,35.37094198769313,1014.0148071964044,5.245030391513112,2026-06-18 17:15:26.999717,17.0,18.0,6.0,3.0,0.0,140.0,214.0,174.0,131.0,177.5,28.296642910422296,155.0,24.0,183.0,
Lahore,140,111.8121467751026,86.283440053652,50.48942643440523,49.822174489667,22.185736313400792,4.18705766924797,27.73436362174654,59.55985354983172,994.125933263002,3.483079685230328,2026-06-18 18:15:26.999717,18.0,18.0,6.0,3.0,0.0,164.0,173.0,208.0,140.0,166.16666666666666,27.23539363891477,155.0,-24.0,153.0,
Lahore,162,120.94399348277535,89.71920593417676,51.86095714793493,64.9449474469976,2.3442448135941065,4.5998830920832185,26.573430371509936,84.0623098640414,1014.9345623456344,4.591122174012055,2026-06-18 19:15:26.999717,19.0,18.0,6.0,3.0,0.0,140.0,140.0,166.0,145.0,165.5,27.28919199976382,155.70833333333334,22.0,142.0,
Lahore,124,106.67469113726618,69.80893916745103,14.664369236098429,15.004146281994467,16.94042040110704,4.158891338512189,21.31442907820916,82.62231774259827,999.8039163810308,4.197547569533135,2026-06-18 20:15:26.999717,20.0,18.0,6.0,3.0,0.0,162.0,164.0,214.0,142.0,150.5,18.673510650116125,154.95833333333334,-38.0,155.0,
Lahore,122,97.8066281613531,79.81372233442568,46.938901445929886,13.290602331255151,14.542752163152633,1.8729913559543696,16.44860842826165,32.80883743405365,1008.080003568164,7.754246208178579,2026-06-18 21:15:26.999717,21.0,18.0,6.0,3.0,0.0,124.0,140.0,173.0,126.0,142.0,17.977764043395812,154.79166666666666,-2.0,144.0,
Lahore,87,71.81501065223688,51.35438657178592,57.99583448210455,74.15694901792487,27.90742573157964,3.139893556005355,26.5899086140876,48.2219081477368,1004.3103594493248,1.3922221353496744,2026-06-18 22:15:26.999717,22.0,18.0,6.0,3.0,0.0,122.0,162.0,140.0,132.0,133.16666666666666,28.875018037512937,152.91666666666666,-35.0,93.0,
Lahore,112,94.35774885287022,67.59786767471083,43.92736707090803,61.3361275866937,8.462917657496435,4.616668171360525,36.28153799893404,56.599200388744805,1002.166715425221,1.111636424253672,2026-06-18 23:15:26.999717,23.0,18.0,6.0,3.0,0.0,87.0,124.0,164.0,96.0,124.5,25.359416397071247,153.58333333333334,25.0,151.0,
Lahore,71,51.694187712198506,46.39412208081805,38.52807023123032,49.23347005835589,8.825170145441735,1.9429912680028243,34.312617545833774,40.33588886134729,1007.4518842182896,7.920155930501524,2026-06-19 00:15:26.999717,0.0,19.0,6.0,4.0,0.0,112.0,122.0,140.0,148.0,113.0,31.76161204976956,150.375,-41.0,147.0,
Lahore,88,72.76735949517615,56.281614310401615,57.28148388744985,62.68900924969461,12.929041217563512,4.190125200194412,38.2414620262246,73.79989865939822,999.89384625559,6.555576838546569,2026-06-19 01:15:26.999717,1.0,19.0,6.0,4.0,0.0,71.0,87.0,162.0,118.0,100.66666666666669,21.70407027879229,149.125,17.0,108.0,
Lahore,138,109.06179454550605,84.1939990619273,32.1468560867218,37.16407709799788,8.057721688784905,0.5426380906776344,15.2587325682552,41.07071973592269,993.1527495334202,5.162401160911891,2026-06-19 02:15:26.999717,2.0,19.0,6.0,4.0,0.0,88.0,112.0,124.0,145.0,103.0,25.187298386291538,148.83333333333334,50.0,131.0,
Lahore,143,118.63385387608248,84.75665814389767,39.96467831552393,61.884181048184495,4.746333616453735,0.5164101625310432,41.09332155372416,50.79838166219317,1002.222334578031,1.8293146128948423,2026-06-19 03:15:26.999717,3.0,19.0,6.0,4.0,0.0,138.0,71.0,122.0,134.0,106.5,29.45335295004761,149.20833333333334,5.0,137.0,
Lahore,142,102.96386289824252,83.63665777133822,33.816914674718305,32.88522434559018,25.865030552873225,3.9187024715253536,24.218130820941106,69.7968382114691,1003.047896767058,4.932325342431739,2026-06-19 04:15:26.999717,4.0,19.0,6.0,4.0,0.0,143.0,88.0,87.0,143.0,115.66666666666669,30.702877172452887,149.16666666666666,-1.0,139.0,
Lahore,122,97.10452849879368,77.48949412645672,56.64231106801496,23.30709293694518,17.190019207713558,3.926514119572045,41.74074049448305,58.9253606714688,995.0475538349984,9.47678115984014,2026-06-19 05:15:26.999717,5.0,19.0,6.0,4.0,0.0,142.0,138.0,112.0,153.0,117.33333333333331,30.735430152622325,147.875,-20.0,130.0,
Lahore,149,116.1858967210802,92.16784765533896,13.804236338275365,59.67600659697265,25.97951884974044,4.0503973453353215,21.820725436247915,74.31426231809363,1013.3904839082164,10.675454829471084,2026-06-19 06:15:26.999717,6.0,19.0,6.0,4.0,0.0,122.0,143.0,71.0,158.0,130.33333333333334,22.650974960621514,147.5,27.0,136.0,
Lahore,149,121.36131475317076,88.11349999691105,35.055985041267405,36.47542191179512,25.10290819670718,4.685120770496731,27.73148246461261,87.67247407337157,995.6868911661572,8.43091883957064,2026-06-19 07:15:26.999717,7.0,19.0,6.0,4.0,0.0,149.0,142.0,88.0,162.0,140.5,10.014988766844352,146.95833333333334,0.0,149.0,
Lahore,134,109.550220936841,85.8105615649657,44.34762206927192,78.60328282446461,9.17922828890046,1.030578403191279,24.5560472675332,36.99280126291185,1000.2306898521024,0.7189461105705699,2026-06-19 08:15:26.999717,8.0,19.0,6.0,4.0,0.0,149.0,122.0,138.0,184.0,139.83333333333334,10.342469079803257,144.875,-15.0,181.0,
Lahore,195,152.46187052588988,116.35482942435108,49.59532692111185,31.21138867310757,16.884385885403944,1.5439324324265975,24.605539304846168,72.57406298388366,993.873242171118,8.044917319213422,2026-06-19 09:15:26.999717,9.0,19.0,6.0,4.0,0.0,134.0,149.0,143.0,169.0,148.5,24.96998197836764,145.95833333333334,61.0,176.0,
Lahore,189,147.6391306791198,109.14168912832804,39.15093237220682,74.12955653982995,3.413313379462043,4.566762141682134,37.74161666620183,43.82064933792688,1003.3949161546736,2.891827074555535,2026-06-19 10:15:26.999717,10.0,19.0,6.0,4.0,0.0,195.0,149.0,142.0,186.0,156.33333333333334,29.48672017479491,146.08333333333334,-6.0,164.0,
Lahore,172,137.04667315721335,99.40514650548327,55.4458872060727,74.97219114253096,27.542304636891995,1.2975628899755904,35.15331137290815,54.86860364445416,997.6909402025022,3.7830149163168607,2026-06-19 11:15:26.999717,11.0,19.0,6.0,4.0,0.0,189.0,134.0,122.0,174.0,164.66666666666666,24.4840083864273,146.0,-17.0,192.0,
Lahore,179,138.71678886342397,102.50629581845116,57.09957234419358,23.13897102985596,12.72361873688944,3.570031704094628,41.7880887512113,31.971763547708388,1002.231812999402,2.3504784955198144,2026-06-19 12:15:26.999717,12.0,19.0,6.0,4.0,0.0,172.0,195.0,149.0,208.0,169.66666666666666,23.69528785785548,144.79166666666666,7.0,122.0,
Lahore,184,151.40991847726065,109.03794991698156,13.215961159679177,64.86658861910101,12.41660933278162,2.887083500183669,31.56489643337284,38.15444293756194,995.6154229114552,9.309069487442455,2026-06-19 13:15:26.999717,13.0,19.0,6.0,4.0,0.0,179.0,189.0,149.0,166.0,175.5,21.82429838505595,145.54166666666666,5.0,202.0,
Lahore,137,107.75396399776278,88.36862139168096,30.11852697706872,37.48058788584238,9.779905747920644,0.8743715458317827,27.50792831865157,49.18663734293398,991.344378198718,7.783225471647349,2026-06-19 14:15:26.999717,14.0,19.0,6.0,4.0,0.0,184.0,172.0,134.0,214.0,176.0,20.68816086557611,142.33333333333334,-47.0,143.0,
Lahore,169,120.6650589033918,97.37452409484744,11.172951086057722,73.8143545422761,14.35924859661041,1.7836864787368978,17.43199429956606,50.5191483172791,1009.4806662770563,7.34202065519017,2026-06-19 15:15:26.999717,15.0,19.0,6.0,4.0,0.0,137.0,179.0,195.0,173.0,171.66666666666666,18.522058920828147,142.16666666666666,32.0,167.0,
Lahore,155,122.12588971689097,93.94237880509051,26.470832868722145,38.75932044764291,8.301022209817994,2.841674973984356,41.90715832687413,83.97511298772574,1006.0271570989914,8.015671316031312,2026-06-19 16:15:26.999717,16.0,19.0,6.0,4.0,0.0,169.0,184.0,189.0,140.0,166.0,17.320508075687997,142.79166666666666,-14.0,146.0,
Lahore,141,107.60728089578016,81.31655327186293,36.84341089853011,60.82277880030246,11.870715911107332,4.335575525077253,29.89132762917164,74.5087745559909,998.5184838927752,2.8412671368468407,2026-06-19 17:15:26.999717,17.0,19.0,6.0,4.0,0.0,155.0,137.0,172.0,164.0,160.83333333333334,19.64094362974063,141.83333333333334,-14.0,136.0,
Lahore,148,110.24362092269529,87.49845479364281,55.53974652549744,40.02255568728484,24.198464408961573,3.683923203266032,33.91289168163382,88.33097809122246,991.187355617058,5.335732971904339,2026-06-19 18:15:26.999717,18.0,19.0,6.0,4.0,0.0,141.0,169.0,179.0,140.0,155.66666666666666,17.907168024750824,142.16666666666666,7.0,177.0,
Lahore,181,138.61286680888716,101.04979394007373,52.32771612327014,22.085056678464213,25.193409603969982,3.298474226547199,25.982044454165408,65.94429062011443,1011.639376567428,7.59904465858787,2026-06-19 19:15:26.999717,19.0,19.0,6.0,4.0,0.0,148.0,155.0,184.0,162.0,155.16666666666666,16.975472502014757,142.95833333333334,33.0,136.0,
Lahore,150,120.54704235916483,88.89730885421731,16.37498633359929,19.95125967085147,9.821291851226968,2.7321480047363664,29.78832412083937,44.50282392547908,994.244875123392,7.639128331419605,2026-06-19 20:15:26.999717,20.0,19.0,6.0,4.0,0.0,181.0,141.0,137.0,124.0,157.33333333333334,14.89518938001982,144.04166666666666,-31.0,144.0,
Lahore,119,101.84320414124116,70.43147310097518,14.651518737044784,36.90733956922592,14.60141848603085,1.8440779271636043,40.44959876110795,49.659301795298575,1013.2685554570356,9.502222353061564,2026-06-19 21:15:26.999717,21.0,19.0,6.0,4.0,0.0,150.0,148.0,169.0,122.0,149.0,20.129580224137914,143.91666666666666,-31.0,130.0,
Lahore,136,110.3659223693249,84.30143972017846,39.46336693783336,61.66209927606612,26.340773512121515,1.0366021009366753,19.49332482415328,49.190155397518026,1001.964884464899,3.4452476002573267,2026-06-19 22:15:26.999717,22.0,19.0,6.0,4.0,0.0,119.0,181.0,155.0,87.0,145.83333333333334,20.488207990614427,145.95833333333334,17.0,135.0,
Lahore,149,116.1674830589213,90.51640456627683,36.60589862293914,50.38036138855751,2.527526623061217,2.34084215554743,22.89405977691688,49.589659659795096,998.509667747712,9.24403346036187,2026-06-19 23:15:26.999717,23.0,19.0,6.0,4.0,0.0,136.0,150.0,141.0,112.0,147.16666666666666,20.37073063654504,147.5,13.0,123.0,
Lahore,138,112.67952097585352,76.80803937523977,23.3188820715012,56.64719674254074,26.78520389787778,0.6283332226008166,19.105612650006872,70.37785038670894,1008.543986922274,5.282213767403229,2026-06-20 00:15:26.999717,0.0,20.0,6.0,5.0,1.0,149.0,119.0,148.0,71.0,145.5,20.6954101191547,150.29166666666666,-11.0,94.0,
Lahore,121,94.50454844890506,78.02099122021771,54.97265422769176,26.174476304895684,7.356346023917619,1.4497515017008276,36.38982940272892,61.84847568542497,1011.9209851518796,8.042072304707219,2026-06-20 01:15:26.999717,1.0,20.0,6.0,5.0,1.0,138.0,136.0,181.0,88.0,135.5,13.277801022760851,151.66666666666666,-17.0,140.0,
Lahore,110,84.52699815418427,67.05151520110998,56.36832047307768,41.107650946820414,20.67763808221689,2.446175191426969,16.6752220313894,53.12545068519866,999.2678390911428,5.468632560783441,2026-06-20 02:15:26.999717,2.0,20.0,6.0,5.0,1.0,121.0,149.0,150.0,138.0,128.83333333333334,14.52469162036524,150.5,-11.0,113.0,
Lahore,142,107.82818665883508,86.19196758588744,30.130571917008133,8.329644872699525,17.893999195153405,2.3837233355236176,17.204054545986136,38.945386123723,1000.1835938042548,11.383322037491318,2026-06-20 03:15:26.999717,3.0,20.0,6.0,5.0,1.0,110.0,138.0,119.0,143.0,132.66666666666666,14.445299120014829,150.45833333333334,32.0,96.0,
Lahore,142,104.8408559662414,85.1540882330743,54.51512785567601,66.31493119685905,17.035281697488312,0.6993294394864658,23.05934104525896,31.32834977652876,1000.82895548368,2.151627176899733,2026-06-20 04:15:26.999717,4.0,20.0,6.0,5.0,1.0,142.0,121.0,136.0,142.0,133.66666666666666,14.922019523734022,150.45833333333334,0.0,125.0,
Lahore,159,125.25038146720276,92.81121276388888,29.19744471314863,79.24191216799059,25.92144651783181,3.1507706908638107,28.883080884867304,43.13008065526155,1013.0580765369668,8.100061062988285,2026-06-20 05:15:26.999717,5.0,20.0,6.0,5.0,1.0,142.0,110.0,149.0,122.0,135.33333333333334,17.339742404854128,152.0,17.0,171.0,
Lahore,162,130.39026744960066,98.28901169874364,46.84084159148501,35.51592969685032,3.945592165695177,2.973579151339563,25.96941961510884,36.44828423812088,1007.3140997878584,6.918420009217907,2026-06-20 06:15:26.999717,6.0,20.0,6.0,5.0,1.0,159.0,142.0,138.0,149.0,139.33333333333334,20.54912812424628,152.54166666666666,3.0,167.0,
Lahore,170,135.51688164992555,104.37794217964291,33.7971108773862,5.822273984865751,11.063812734443443,0.8514693680941078,16.210040388111796,77.12670185113436,996.1911529261414,2.072772491372936,2026-06-20 07:15:26.999717,7.0,20.0,6.0,5.0,1.0,162.0,142.0,121.0,149.0,147.5,21.51975836295584,153.41666666666666,8.0,143.0,
Lahore,147,115.52016536026322,79.46552154327223,16.12915782535915,17.734447966321053,16.6093296439982,4.744233736071977,40.852272062515695,36.74987746883312,994.6249924375496,0.7920760297400151,2026-06-20 08:15:26.999717,8.0,20.0,6.0,5.0,1.0,170.0,159.0,110.0,134.0,153.66666666666666,11.673331429658932,153.95833333333334,-23.0,151.0,
Lahore,191,148.0712696965161,111.90619581326952,56.396710061851074,53.93951583128141,24.52737676443516,0.9472225052788704,40.72747704966826,73.45369423841018,995.7591915856204,9.589732667659964,2026-06-20 09:15:26.999717,9.0,20.0,6.0,5.0,1.0,147.0,162.0,142.0,195.0,161.83333333333334,17.543279814978963,153.79166666666666,44.0,159.0,
Lahore,175,143.04123095842485,103.72526514798206,32.704829668876826,50.90594886528944,7.276849418938474,4.346753680568012,22.54262072750052,53.13952138656496,996.589097229638,1.889416003755182,2026-06-20 10:15:26.999717,10.0,20.0,6.0,5.0,1.0,191.0,170.0,142.0,189.0,167.33333333333334,15.08199809927844,153.20833333333334,-16.0,213.0,
Lahore,218,167.81434040026707,132.08085302847138,46.72435201612018,64.0898539689158,24.284965399854013,0.5013937936175268,34.7511916122517,34.40270338462656,995.75458728335,2.238080193429312,2026-06-20 11:15:26.999717,11.0,20.0,6.0,5.0,1.0,175.0,147.0,159.0,172.0,177.16666666666666,24.717739918257504,155.125,43.0,184.0,
Lahore,165,135.88013956921736,104.96655502963564,28.358690721564606,24.04130082208012,12.589515992324136,4.470264927704224,30.62153610734704,78.76380296589514,1006.46266117981,11.741210687868472,2026-06-20 12:15:26.999717,12.0,20.0,6.0,5.0,1.0,218.0,191.0,162.0,179.0,177.66666666666666,24.377585332977908,154.54166666666666,-53.0,187.0,
Lahore,214,166.1889149053664,124.5412959270161,10.944043928811734,62.27239366603506,6.478501836577166,0.5887387949194065,21.41187076515185,64.7778342141968,992.8983377664376,8.607130217719568,2026-06-20 13:15:26.999717,13.0,20.0,6.0,5.0,1.0,165.0,175.0,170.0,184.0,185.0,27.96426290821805,155.79166666666666,49.0,200.0,
Lahore,182,141.83782381323482,106.7101907659108,15.026517934591794,56.59880161427523,23.010606772861,3.910154143514522,22.078631897023616,44.14569077181439,999.6839622426992,3.0058420992146697,2026-06-20 14:15:26.999717,14.0,20.0,6.0,5.0,1.0,214.0,218.0,147.0,137.0,190.8333333333333,21.31118642090572,157.66666666666666,-32.0,183.0,
Lahore,161,121.46607404692162,94.03732944676725,34.81097397449622,29.211087328538248,3.636068142761887,2.1276086508511383,28.261135706382163,83.68087045996008,1005.6263393242592,7.091387521819215,2026-06-20 15:15:26.999717,15.0,20.0,6.0,5.0,1.0,182.0,165.0,191.0,169.0,185.8333333333333,24.53908447083152,157.33333333333334,-21.0,169.0,
Lahore,159,124.69298926557182,91.39236204947728,44.49821785631812,45.91161110427215,15.928253848187843,3.821975600613439,26.31939742042872,32.71549883223309,997.2714993485732,6.409342060830159,2026-06-20 16:15:26.999717,16.0,20.0,6.0,5.0,1.0,161.0,214.0,175.0,155.0,183.16666666666663,26.72389692141865,157.5,-2.0,165.0,
Lahore,155,128.8765622923899,91.26406752443869,26.736766328963952,16.045535637374506,2.852397731994764,2.307853424412403,22.863191862244136,42.109176491865774,991.6318596175414,10.133679210166171,2026-06-20 17:15:26.999717,17.0,20.0,6.0,5.0,1.0,159.0,182.0,218.0,141.0,172.66666666666666,22.312925999667254,158.08333333333334,-4.0,160.0,
Lahore,162,132.1781404422198,101.05401109993986,44.77442295888252,38.942337757668696,11.33611779957584,0.8190856504932877,36.80281310023902,75.12281566835166,992.0455980711492,8.751848973991493,2026-06-20 18:15:26.999717,18.0,20.0,6.0,5.0,1.0,155.0,161.0,165.0,148.0,172.16666666666666,22.55142271934584,158.66666666666666,7.0,153.0,
Lahore,156,129.69211056014018,88.33082252317827,44.9317794715978,71.08980046667307,18.431227171185387,3.9537801292791386,27.9994987762094,72.56267581859335,993.1491694076173,9.98065350591823,2026-06-20 19:15:26.999717,19.0,20.0,6.0,5.0,1.0,162.0,159.0,214.0,181.0,162.5,9.934787365614689,157.625,-6.0,160.0,
Lahore,126,103.4107127296697,77.73907197576452,45.19679536639154,36.58935348690431,17.12735070312918,0.8206370839461423,32.68089768450645,47.35630162346868,1010.896075621704,2.538079055728349,2026-06-20 20:15:26.999717,20.0,20.0,6.0,5.0,1.0,156.0,155.0,182.0,150.0,153.16666666666666,13.585531519475383,156.625,-30.0,139.0,
Lahore,130,98.48165085734816,69.49048884990832,34.62609270102542,67.96750298565665,12.735007119235329,4.649541961825481,20.11038450453264,33.72149252116699,1006.4465876401242,7.682630452404062,2026-06-20 21:15:26.999717,21.0,20.0,6.0,5.0,1.0,126.0,162.0,161.0,119.0,148.0,15.735310610216784,157.08333333333334,4.0,145.0,
Lahore,168,132.74605387836223,97.99331001778896,55.7443075060752,49.26900239447708,13.442391825191354,0.7293831610624761,29.404706887945142,81.48468433349663,991.6130602774411,0.4828903010205638,2026-06-20 22:15:26.999717,22.0,20.0,6.0,5.0,1.0,130.0,156.0,159.0,136.0,149.5,17.34070356127451,158.41666666666666,38.0,123.0,
Lahore,156,120.8990043544127,91.95255349891006,34.459825899030776,19.39075348267676,7.57631704717223,2.6569637499718195,23.58535333505878,48.82185828419416,999.7767219787856,0.8272873473506412,2026-06-20 23:15:26.999717,23.0,20.0,6.0,5.0,1.0,168.0,126.0,155.0,149.0,149.66666666666666,17.408810030173367,158.70833333333334,-12.0,123.0,
Lahore,128,109.0528745201952,85.17429836457032,32.51325967483191,48.58296835234223,14.220595064298983,3.75365493882858,29.21316748066171,41.74280489569591,996.9646293211766,8.562324392455167,2026-06-21 00:15:26.999717,0.0,21.0,6.0,6.0,1.0,156.0,130.0,162.0,138.0,144.0,18.110770276275048,158.29166666666666,-28.0,80.0,
Lahore,121,90.81605676786846,71.22598847623655,19.96904095053135,42.94874968677976,28.644390815904192,2.2696090915641696,36.08229750209506,60.96370934165863,1004.45100279072,0.2930412317271762,2026-06-21 01:15:26.999717,1.0,21.0,6.0,6.0,1.0,128.0,168.0,156.0,121.0,138.16666666666666,19.08315138195692,158.29166666666666,-7.0,138.0,
Lahore,125,104.46848844694556,63.99378263274541,25.382754367816823,34.8981001397288,25.66313461572992,1.4775506356659562,35.760656672464066,84.61363195694685,1003.070148741808,6.95718010680611,2026-06-21 02:15:26.999717,2.0,21.0,6.0,6.0,1.0,121.0,156.0,126.0,110.0,138.0,19.214577799161184,158.91666666666666,4.0,130.0,
Lahore,140,116.46476935054385,74.00555546569375,12.116724625915168,13.972282963705275,5.21175320321397,3.915909326282122,24.56395830692545,32.61279467060252,1002.0281005842428,10.08486118133436,2026-06-21 03:15:26.999717,3.0,21.0,6.0,6.0,1.0,125.0,128.0,130.0,142.0,139.66666666666666,18.811344095164536,158.83333333333334,15.0,148.0,
Lahore,113,99.54810100858045,67.97014793173341,41.67676468080851,36.25314978854224,1.8636428323067071,4.029326171549268,33.74548216115026,75.94824528185326,997.8628092593152,4.559301701016343,2026-06-21 04:15:26.999717,4.0,21.0,6.0,6.0,1.0,140.0,121.0,168.0,142.0,130.5,15.319921670819031,157.625,-27.0,76.0,
Lahore,136,106.75156703685252,84.66885427894954,22.426787196354645,10.457178217972032,28.07220506878229,4.652127427794652,40.41482866064548,64.34839367632253,993.4449943010998,0.5380852420789535,2026-06-21 05:15:26.999717,5.0,21.0,6.0,6.0,1.0,113.0,125.0,156.0,159.0,127.16666666666669,9.867454923469523,156.66666666666666,23.0,183.0,
Lahore,116,96.36161079790082,71.47727928813626,25.20776272427325,12.407678854906344,16.27574274654168,2.1927429969398498,31.89307190797248,55.52694699310902,1008.559409571816,8.566169395544723,2026-06-21 06:15:26.999717,6.0,21.0,6.0,6.0,1.0,136.0,140.0,128.0,162.0,125.16666666666669,10.833589740557208,154.75,-20.0,147.0,
Lahore,157,137.00825918269422,95.03785052900496,48.54072608321606,36.1937399699537,16.597296871329924,2.778132805237971,19.007073331331203,74.6448266463036,1011.9964192210664,11.15623742956981,2026-06-21 07:15:26.999717,7.0,21.0,6.0,6.0,1.0,116.0,113.0,121.0,170.0,131.16666666666666,16.53380375674927,154.20833333333334,41.0,172.0,
Lahore,171,133.71179161533152,108.41129798752831,26.36105915807269,27.903611147634777,23.64082187548915,2.134077992807324,33.352132990535566,87.94946546649794,1013.6037727308204,8.606056704699213,2026-06-21 08:15:26.999717,8.0,21.0,6.0,6.0,1.0,157.0,136.0,125.0,147.0,138.83333333333334,22.639935217811104,155.20833333333334,14.0,137.0,
Lahore,155,116.3247987623382,90.30204389631434,22.10979460065711,74.41582443966676,10.12598024226847,1.6568681983311568,17.832418431431407,43.75237266976146,991.4654742653396,6.941366916033303,2026-06-21 09:15:26.999717,9.0,21.0,6.0,6.0,1.0,171.0,116.0,140.0,191.0,141.33333333333334,23.60225977881524,153.70833333333334,-16.0,177.0,
Lahore,203,152.9999498304612,126.27455278013412,18.45288745668529,33.177935403520294,14.975319496244063,3.879648326919239,38.54698103741173,38.61884190432718,1008.497717789722,2.7603459585487204,2026-06-21 10:15:26.999717,10.0,21.0,6.0,6.0,1.0,155.0,157.0,113.0,175.0,156.33333333333334,29.783664426437767,154.875,48.0,150.0,
Lahore,152,125.16356014430669,83.03992557486791,48.7429201090978,61.83935915540751,29.09122448125539,2.0284333025763,28.949833386652383,84.77290471336183,1008.162586485174,0.1845074885339639,2026-06-21 11:15:26.999717,11.0,21.0,6.0,6.0,1.0,203.0,171.0,136.0,218.0,159.0,28.277199295545227,152.125,-51.0,164.0,
Lahore,150,110.58424895970708,85.47526083530967,16.485312899501345,44.7685644774682,20.492311921039807,2.4266724889655844,25.398799880412646,70.13718464743823,1013.6777403536396,8.33606530174864,2026-06-21 12:15:26.999717,12.0,21.0,6.0,6.0,1.0,152.0,155.0,116.0,165.0,164.66666666666666,20.185803592293297,151.5,-2.0,217.0,
Lahore,184,145.3384047353104,101.36479302534092,32.687688012517675,57.80642514817516,5.458605927877792,2.316531459308125,16.539178055541694,56.27916129371796,996.322864862444,2.772314110131516,2026-06-21 13:15:26.999717,13.0,21.0,6.0,6.0,1.0,150.0,203.0,157.0,214.0,169.16666666666666,21.12265766106703,150.25,34.0,176.0,
Lahore,199,161.38656593519482,118.02577349665104,35.34650580385972,24.50869872615494,4.863575691546245,3.706975515410356,25.28116083398696,64.39557421585698,1008.5544759573788,10.29795212618829,2026-06-21 14:15:26.999717,14.0,21.0,6.0,6.0,1.0,184.0,152.0,171.0,182.0,173.83333333333334,24.441085627824023,150.95833333333334,15.0,182.0,
Lahore,208,167.3258776841496,124.56869391366828,44.36949563428573,75.64287296287468,6.923677991657156,4.630080317498059,39.38658003372632,74.73683431057464,991.365657219162,5.596369425991336,2026-06-21 15:15:26.999717,15.0,21.0,6.0,6.0,1.0,199.0,150.0,155.0,161.0,182.66666666666663,25.81214184577894,152.91666666666666,9.0,191.0,
Lahore,159,129.32722432092086,95.97050746113258,41.664174116649775,44.7566372685818,23.234638558200807,3.500402275883198,15.566540899730184,76.38191392234303,1005.7811430190404,6.367626988469475,2026-06-21 16:15:26.999717,16.0,21.0,6.0,6.0,1.0,208.0,184.0,203.0,159.0,175.33333333333334,25.121040318160063,152.91666666666666,-49.0,178.0,
Lahore,183,147.51144927900427,110.10941676443568,50.53603364725874,67.34930534639372,9.565933111377866,2.6221216824240465,27.81550026010873,85.19365084913787,998.7711956013044,9.0472385311964,2026-06-21 17:15:26.999717,17.0,21.0,6.0,6.0,1.0,159.0,199.0,152.0,155.0,180.5,22.403124782046564,154.08333333333334,24.0,164.0,
Lahore,153,128.79432906656697,87.16223334594136,12.237571696311909,32.378427010708506,1.6202765535773138,4.006423016324975,40.1412684599868,55.61056733373736,1009.2227359886868,9.353167293640118,2026-06-21 18:15:26.999717,18.0,21.0,6.0,6.0,1.0,183.0,208.0,150.0,162.0,181.0,21.60555484128904,153.70833333333334,-30.0,161.0,
Lahore,142,108.83841809630604,84.24879577793392,24.82203623896985,12.51585117878934,28.3810565416642,3.384370958549619,25.66070699365557,47.6046546011637,1011.5826071608848,7.711809996966817,2026-06-21 19:15:26.999717,19.0,21.0,6.0,6.0,1.0,153.0,159.0,184.0,156.0,174.0,26.653329998331515,153.125,-11.0,193.0,
Lahore,155,120.61502430770734,85.51276665697125,24.006705938768988,55.52837357906366,5.921689075452409,0.7727466070301607,26.560743561478063,68.37985600739052,999.120526055438,11.261181784952916,2026-06-21 20:15:26.999717,20.0,21.0,6.0,6.0,1.0,142.0,183.0,199.0,126.0,166.66666666666666,24.35296012123857,154.33333333333334,13.0,136.0,
Lahore,144,111.33670277364588,93.21614487566124,17.30084527960541,5.581973625306836,1.277187398293989,0.9304861388847874,30.62112149037624,54.94367395677182,1003.1396523174824,11.787581235845032,2026-06-21 21:15:26.999717,21.0,21.0,6.0,6.0,1.0,155.0,153.0,208.0,130.0,156.0,14.751271131668126,154.91666666666666,-11.0,135.0,
Lahore,93,78.55095905931306,54.28186963550999,24.45891269282216,40.64697324241312,7.876816469116367,0.67062624833135,27.499308006583952,65.67590723693868,992.93510155909,11.3626253324954,2026-06-21 22:15:26.999717,22.0,21.0,6.0,6.0,1.0,144.0,142.0,159.0,168.0,145.0,29.40068026423882,151.79166666666666,-51.0,146.0,
Lahore,151,125.30199294197531,88.15556940478155,25.48826570714517,19.460142699984445,7.815834826425877,2.555673467928439,19.55224566341392,55.199147907357016,1000.4226741305868,9.89015022412732,2026-06-21 23:15:26.999717,23.0,21.0,6.0,6.0,1.0,93.0,155.0,183.0,156.0,139.66666666666666,23.42363478768137,151.58333333333334,58.0,143.0,
Lahore,147,119.85612659659256,96.1447016422204,36.09422309637391,52.05316283265216,13.238152274525968,4.216340454525343,15.500999554886231,39.17974720069047,999.0200098314792,8.467502642931017,2026-06-22 00:15:26.999717,0.0,22.0,6.0,0.0,0.0,151.0,144.0,153.0,128.0,138.66666666666666,22.86190426597658,152.375,-4.0,143.0,
Lahore,108,92.31746833444964,58.58876733225385,43.1852239463128,78.45649048533892,27.69130511350107,1.9088742620810843,31.464914765424943,58.1656050995375,994.578086494613,7.959910294580011,2026-06-22 01:15:26.999717,1.0,22.0,6.0,0.0,0.0,147.0,93.0,142.0,121.0,133.0,25.88435821108996,151.83333333333334,-39.0,133.0,
Lahore,131,98.9097956631181,72.97206442984015,29.055025680590703,39.830217974048445,26.49636261559384,2.228720823916168,39.86177784921093,71.45506931646196,1012.3619656191694,1.2450021230464068,2026-06-22 02:15:26.999717,2.0,22.0,6.0,0.0,0.0,108.0,151.0,155.0,125.0,129.0,23.554192832700213,152.08333333333334,23.0,100.0,
Lahore,137,117.93612055775569,76.71889837565718,45.97351156566906,66.312369239425,14.24994209449041,4.592646987655508,17.87183159173347,77.95702846005899,993.702195951004,3.25781216182935,2026-06-22 03:15:26.999717,3.0,22.0,6.0,0.0,0.0,131.0,147.0,144.0,140.0,127.83333333333331,22.82469422942385,151.95833333333334,6.0,160.0,
Lahore,139,118.8161931085613,83.06064309150258,26.808266928979,43.08381402133408,12.916097244762389,4.266065503924947,20.69572341982434,59.59957660779281,1005.8934839382548,0.0682586823525244,2026-06-22 04:15:26.999717,4.0,22.0,6.0,0.0,0.0,137.0,108.0,93.0,113.0,135.5,15.254507530563426,153.04166666666666,2.0,111.0,
Lahore,130,107.67810998622872,80.158158148188,24.51418386573802,42.18800233280181,17.095263507770685,3.49271650572152,24.996196117274284,39.914273412624055,1012.2535660869972,1.6489184428079025,2026-06-22 05:15:26.999717,5.0,22.0,6.0,0.0,0.0,139.0,131.0,151.0,136.0,132.0,13.266499161422413,152.79166666666666,-9.0,147.0,
Lahore,136,117.70899454385533,85.29837734058916,37.059402792851216,74.78176198840833,8.060166347181207,1.7006170194151309,36.83604018357023,54.881262578965895,1012.7992144965806,5.270753726030261,2026-06-22 06:15:26.999717,6.0,22.0,6.0,0.0,0.0,130.0,137.0,147.0,116.0,130.16666666666666,11.409060726750951,153.625,6.0,134.0,
Lahore,149,110.91688396161112,102.25997658747484,11.18581801528953,71.7474401560011,2.5133647670245223,1.0266866720979957,22.2700285447164,77.17763573050189,1009.8309924960142,1.7584386094688802,2026-06-22 07:15:26.999717,7.0,22.0,6.0,0.0,0.0,136.0,139.0,108.0,157.0,137.0,6.841052550595866,153.29166666666666,13.0,148.0,
Lahore,181,142.17775931868675,97.35283772899618,13.989456181700016,63.93503488909808,28.237499948964995,0.5722647020605117,38.81546891552675,54.77155623702437,994.4035283468544,10.819960976121097,2026-06-22 08:15:26.999717,8.0,22.0,6.0,0.0,0.0,149.0,130.0,131.0,171.0,145.33333333333334,18.532853710820365,153.70833333333334,32.0,164.0,
Lahore,176,137.12348269659026,108.64367794562207,30.89847717932636,27.219181498758807,6.414270561438009,0.981548026719894,16.483862615551793,71.79184761625334,1010.4357852303468,9.668390224023383,2026-06-22 09:15:26.999717,9.0,22.0,6.0,0.0,0.0,181.0,136.0,137.0,155.0,151.83333333333334,21.60941152985565,154.58333333333334,-5.0,172.0,
Lahore,164,134.80739661878673,95.61434713713884,57.145635569587824,45.87563117929554,6.753621148125776,1.8166839963077424,40.405828773991246,60.432820900685385,996.9141203103908,0.8593429450742187,2026-06-22 10:15:26.999717,10.0,22.0,6.0,0.0,0.0,176.0,149.0,139.0,203.0,156.0,21.042813500099864,152.95833333333334,-12.0,180.0,
Lahore,192,148.34929630198928,112.26792425555612,46.075588992171184,21.79229249792637,14.70134953676448,2.98305528610773,30.14017110259165,44.4733875065638,1013.0599506858129,2.9869645856071925,2026-06-22 11:15:26.999717,11.0,22.0,6.0,0.0,0.0,164.0,181.0,130.0,152.0,166.33333333333334,20.94437076320593,154.625,28.0,208.0,
Lahore,122,101.38747574668744,70.10113935873062,14.406328475027887,38.29375235349048,15.25678700036959,0.7880003723857409,32.78699731916802,77.76903048138445,1007.7271670355964,9.828862615338108,2026-06-22 12:15:26.999717,12.0,22.0,6.0,0.0,0.0,192.0,176.0,136.0,150.0,164.0,25.32192725682571,153.45833333333334,-70.0,188.0,
Lahore,202,168.4526807199836,116.65615164596012,52.31590063904368,41.315979931984295,1.5345920813215164,1.1130250024330206,24.92761710848153,35.05280724424122,1009.6316890252222,9.636553518718484,2026-06-22 13:15:26.999717,13.0,22.0,6.0,0.0,0.0,122.0,164.0,149.0,184.0,172.83333333333334,28.13124004850524,154.20833333333334,80.0,175.0,
Lahore,143,117.87601450042,94.22262417301724,46.61503853040905,67.37300301269983,5.29068742444515,1.3148631603857348,36.11384570879863,61.49341696530904,992.1258113375484,11.345406601413464,2026-06-22 14:15:26.999717,14.0,22.0,6.0,0.0,0.0,202.0,192.0,181.0,199.0,166.5,30.131378992670896,151.875,-59.0,197.0,
Lahore,167,135.0187551183075,104.41148663506952,40.547326285132655,72.20212739937448,11.96648973826151,3.343919418424878,19.49728875227896,42.5334620546043,1004.5691278360886,11.970573139408325,2026-06-22 15:15:26.999717,15.0,22.0,6.0,0.0,0.0,143.0,122.0,176.0,208.0,165.0,29.785902705809868,150.16666666666666,24.0,198.0,
Lahore,146,111.86063329549629,87.71597989278686,51.01464803045887,36.09650467973584,20.82819011180564,3.27105409541056,16.32061928251915,34.023937712482535,1010.528553172467,11.715240758893462,2026-06-22 16:15:26.999717,16.0,22.0,6.0,0.0,0.0,167.0,202.0,164.0,159.0,162.0,30.796103649649847,149.625,-21.0,144.0,
Lahore,136,104.5657451693732,88.355078762435,30.205492387147856,6.327833380492791,7.624135248126139,2.978445768674688,25.67895746390404,60.17603622499493,1011.5397588193124,4.921655828657297,2026-06-22 17:15:26.999717,17.0,22.0,6.0,0.0,0.0,146.0,143.0,192.0,183.0,152.66666666666666,28.267767274170403,147.66666666666666,-10.0,173.0,
Lahore,177,147.84809452648332,98.63735517350564,21.07505254269264,69.6330379842016,13.267418941011115,1.6272564111317285,38.04978427748807,59.97372935609542,990.7157926183412,3.0039413256243868,2026-06-22 18:15:26.999717,18.0,22.0,6.0,0.0,0.0,136.0,167.0,122.0,153.0,161.83333333333334,25.07123185379298,148.66666666666666,41.0,168.0,
Lahore,136,112.69674501952667,74.94647434334536,35.60116945543797,18.07090088760205,17.163006876777537,2.170038610484294,35.383024589217754,72.41405410054325,1013.478980813878,9.10092228512475,2026-06-22 19:15:26.999717,19.0,22.0,6.0,0.0,0.0,177.0,146.0,202.0,142.0,150.83333333333334,17.151287609583783,148.41666666666666,-41.0,139.0,
Lahore,144,115.00490240311228,75.51016133902655,37.44208777967369,51.64114729177951,26.769182344075467,0.9351037235198436,28.963211203201865,74.6850415831143,991.083468332562,3.591274712928369,2026-06-22 20:15:26.999717,20.0,22.0,6.0,0.0,0.0,136.0,136.0,143.0,155.0,151.0,17.064583206161092,147.95833333333334,8.0,165.0,
Lahore,130,101.91045227117054,74.50292729938356,36.9163186004956,6.872817532559839,10.456044567486575,1.519072716911247,30.44771917346454,73.66748932157381,1005.3629669918712,9.676804321575958,2026-06-22 21:15:26.999717,21.0,22.0,6.0,0.0,0.0,144.0,177.0,167.0,144.0,144.83333333333334,16.809719410706172,147.375,-14.0,128.0,
Lahore,135,97.87096063444312,81.80849263352377,38.253689574005264,34.96298564454232,4.8731897100410215,4.539673519126612,18.5071063100664,54.5735239750053,1007.3346881903828,6.407456764775093,2026-06-22 22:15:26.999717,22.0,22.0,6.0,0.0,0.0,130.0,136.0,146.0,93.0,143.0,17.251086922278493,149.125,5.0,128.0,
Lahore,123,93.0457379065778,74.31429288966167,57.43524591195904,78.94702265865124,15.188894551030636,4.908612858961228,37.69840073267472,67.90138723359375,992.6836322791976,9.527127302819446,2026-06-22 23:15:26.999717,23.0,22.0,6.0,0.0,0.0,135.0,144.0,136.0,151.0,140.83333333333334,19.030676989184546,147.95833333333334,-12.0,118.0,
Lahore,94,84.75709543569862,57.1467095552994,55.11228115481157,12.552020082785234,22.6549264488378,3.414468135381326,36.24791144003332,64.61671455863763,991.2002966402298,3.3105585566041253,2026-06-23 00:15:26.999717,0.0,23.0,6.0,1.0,0.0,123.0,130.0,177.0,147.0,127.0,17.595453958339142,145.75,-29.0,120.0,
Lahore,140,105.59772214498769,76.94471584466959,53.78585182794697,36.77698639997317,4.185932954529269,4.625704814105391,32.72470063494745,55.29370536701518,1009.6228038612684,6.09632778664585,2026-06-23 01:15:26.999717,1.0,23.0,6.0,1.0,0.0,94.0,135.0,136.0,108.0,127.66666666666669,18.07392228230215,147.08333333333334,46.0,98.0,
Lahore,113,91.3473991061054,71.8157737130701,50.07084054543136,28.03624626424641,13.315821259211852,3.392338551806413,27.587157980881337,65.83276165115959,999.616765619936,6.768285523226185,2026-06-23 02:15:26.999717,2.0,23.0,6.0,1.0,0.0,140.0,123.0,144.0,131.0,122.5,16.86119805945116,146.33333333333334,-27.0,94.0,
Lahore,96,81.83721986597601,58.79813759119499,57.17140536326427,72.88160925411982,1.5157690966120194,0.6493841874746145,41.04040024354684,86.83487260237575,992.677812882878,11.317296812641583,2026-06-23 03:15:26.999717,3.0,23.0,6.0,1.0,0.0,113.0,94.0,130.0,137.0,116.83333333333331,19.36405604894581,144.625,-17.0,159.0,
Lahore,125,93.72538665998854,78.66527140733,14.924732083970165,70.20050809305164,1.973216267770283,4.985431632438841,38.73386324066472,41.57362462088264,1009.0666954096912,3.1991709219650075,2026-06-23 04:15:26.999717,4.0,23.0,6.0,1.0,0.0,96.0,140.0,135.0,139.0,115.16666666666669,17.859637920929902,144.04166666666666,29.0,117.0,
Lahore,171,137.72355237390542,93.13618911204972,23.256163072286974,22.82740702296716,15.005647533283302,0.9452853575894072,32.399623324894705,84.34632574713157,1011.2290767535906,11.240258871418735,2026-06-23 05:15:26.999717,5.0,23.0,6.0,1.0,0.0,125.0,113.0,123.0,130.0,123.16666666666669,29.21244027236864,145.75,46.0,122.0,
Lahore,167,138.28957768755328,101.75745429398896,34.75279728272925,11.089084028782338,9.647721646376954,3.571888106502773,25.03862693836677,33.2073308389919,1004.6846547689702,9.65830698558859,2026-06-23 06:15:26.999717,6.0,23.0,6.0,1.0,0.0,171.0,96.0,94.0,136.0,135.33333333333334,29.830633024907247,147.04166666666666,-4.0,106.0,
Lahore,143,114.46249660953626,79.86117380041236,52.32672465617026,52.03537955458381,25.50811167115696,1.6377629138365553,31.686601524400835,48.50335277409964,994.0309202108662,8.770728649040343,2026-06-23 07:15:26.999717,7.0,23.0,6.0,1.0,0.0,167.0,125.0,140.0,149.0,135.83333333333334,29.94940177477149,146.79166666666666,-24.0,137.0,
Lahore,151,135.14201527833384,88.61338373724318,35.25828557613663,30.22765339127823,18.462474877667173,2.2639150080813204,30.536905016327964,47.288714916691696,990.3805617872872,9.4424432302215,2026-06-23 08:15:26.999717,8.0,23.0,6.0,1.0,0.0,143.0,171.0,113.0,181.0,142.16666666666666,28.1170173856808,145.54166666666666,8.0,131.0,
Lahore,159,118.85700370560905,98.07182449318192,47.40173696707944,55.40632929545473,14.16405589054672,3.406703831604222,25.644533671542742,67.58190647285434,1007.5200620325486,7.265100550560684,2026-06-23 09:15:26.999717,9.0,23.0,6.0,1.0,0.0,151.0,167.0,96.0,176.0,152.66666666666666,16.990193249832682,144.83333333333334,8.0,198.0,
Lahore,213,175.6936426494194,128.25546803127958,16.94799526244581,7.408981705086086,12.830125760574594,2.4641930718846816,23.28019723557805,37.873497106637416,1003.753491870633,2.92896012554983,2026-06-23 10:15:26.999717,10.0,23.0,6.0,1.0,0.0,159.0,143.0,125.0,164.0,167.33333333333334,24.606232272874223,146.875,54.0,192.0,
Lahore,184,146.3359913130177,106.1423001011034,22.62069064882801,15.004942638311704,15.420118925497334,1.6274572651900772,25.989291390407704,82.94085671038522,1006.269928543002,2.2739396260782327,2026-06-23 11:15:26.999717,11.0,23.0,6.0,1.0,0.0,213.0,151.0,171.0,192.0,169.5,25.547994050413568,146.54166666666666,-29.0,162.0,
Lahore,187,153.45960077418337,112.23136578092208,46.58880475188362,56.47791745794825,2.172726105167179,2.005007840952461,30.495607962901744,79.71308450790248,1010.3296167549898,10.396097230204685,2026-06-23 12:15:26.999717,12.0,23.0,6.0,1.0,0.0,184.0,159.0,167.0,122.0,172.83333333333334,26.445541527195623,149.25,3.0,224.0,
Lahore,200,162.20653575849622,112.34232342378178,18.2367004443862,20.92779914768733,26.89100733619913,2.036966526154293,26.55964080719955,69.12394918111667,1000.8556944248244,8.701672831149999,2026-06-23 13:15:26.999717,13.0,23.0,6.0,1.0,0.0,187.0,213.0,143.0,202.0,182.3333333333333,23.678400846902925,149.16666666666666,13.0,199.0,
Lahore,183,142.73421901445002,115.55133697949148,27.56779673274633,69.31907568218011,29.95079151628479,4.816957570286962,22.116511181437364,57.50482990753186,993.1128867208404,2.5584513931313886,2026-06-23 14:15:26.999717,14.0,23.0,6.0,1.0,0.0,200.0,184.0,151.0,143.0,187.66666666666663,18.17324040083674,150.83333333333334,-17.0,171.0,
Lahore,169,136.3449819622967,100.37357990251874,23.24331289067857,9.394316578260156,6.263126620902261,4.093758571655529,35.54600957954183,85.97736252852471,1013.4995821347708,7.381120390492819,2026-06-23 15:15:26.999717,15.0,23.0,6.0,1.0,0.0,183.0,187.0,159.0,167.0,189.3333333333333,15.24029745991206,150.91666666666666,-14.0,124.0,
Lahore,165,122.71049274300856,104.59274972127665,27.493084711123924,21.1611487089181,4.491105978463972,2.5634694716573003,29.34962239085015,79.84479328323336,1003.6315531811714,5.370557776970686,2026-06-23 16:15:26.999717,16.0,23.0,6.0,1.0,0.0,169.0,200.0,213.0,146.0,181.3333333333333,12.722683155160873,151.70833333333334,-4.0,214.0,
Lahore,160,131.01623750285697,93.3673415645198,45.416202453898514,79.89201863638014,5.163746440009262,1.3991941415361384,16.8272294070912,59.95890888487469,1005.3823529772136,1.903862039557127,2026-06-23 17:15:26.999717,17.0,23.0,6.0,1.0,0.0,165.0,183.0,184.0,136.0,177.33333333333334,15.24029745991266,152.70833333333334,-5.0,134.0,
Lahore,153,123.89079232995265,89.18212005796708,28.39235905714005,37.480707694009446,20.169784688796646,4.149572496181952,24.944545651905383,72.11240126725868,1013.3352857387938,6.382285312285973,2026-06-23 18:15:26.999717,18.0,23.0,6.0,1.0,0.0,160.0,169.0,187.0,177.0,171.66666666666666,17.13086882404477,151.70833333333334,-7.0,121.0,
Lahore,160,131.19330084321552,92.17906606681076,37.76316613039701,57.72242476584827,20.181784315072463,1.2073211222376807,38.89266334472383,64.01579713078107,1013.2895914077566,3.378229109597007,2026-06-23 19:15:26.999717,19.0,23.0,6.0,1.0,0.0,153.0,165.0,200.0,136.0,165.0,10.334408546209726,152.70833333333334,7.0,166.0,
Lahore,139,116.49059162543575,87.78086965846536,14.996593852720483,18.699728664276027,25.58980070607392,1.4470799771390157,35.391386342398704,65.27653430329588,1004.3023651682043,1.1549294898908586,2026-06-23 20:15:26.999717,20.0,23.0,6.0,1.0,0.0,160.0,160.0,183.0,144.0,157.66666666666666,10.614455552059663,152.5,-21.0,186.0,
Lahore,145,117.83809920104856,83.45284421335762,50.25088466173139,50.74015512391533,22.802965264361344,2.14706026328068,23.727663166488192,49.85856416624827,997.4402856180355,5.60349958254493,2026-06-23 21:15:26.999717,21.0,23.0,6.0,1.0,0.0,139.0,153.0,169.0,130.0,153.66666666666666,9.993331109627867,153.125,6.0,158.0,
Lahore,123,99.1404470989914,77.02297716207588,28.494431282406243,59.457955127706384,14.041000527710851,4.461566881333956,40.33094510520175,57.725076277493805,1014.9278408503184,7.081302625122742,2026-06-23 22:15:26.999717,22.0,23.0,6.0,1.0,0.0,145.0,160.0,165.0,135.0,146.66666666666666,14.264174237111188,152.625,-22.0,136.0,
Lahore,123,93.99465831669356,71.88773801165354,42.42670795166712,28.58574768998829,18.772805485394247,1.0930400088534962,17.068278525671673,34.68728584738465,1007.0204272488384,0.5628769245738061,2026-06-23 23:15:26.999717,23.0,23.0,6.0,1.0,0.0,123.0,139.0,160.0,123.0,140.5,15.306861206661836,152.625,0.0,133.0,
Lahore,80,60.43889618175474,38.1201835005419,46.26948008309163,67.16728339819083,20.960255440672228,1.0500538678453673,40.9533370050891,51.44092149987555,1000.2109169223014,4.825112992931961,2026-06-24 00:15:26.999717,0.0,24.0,6.0,2.0,0.0,123.0,145.0,153.0,94.0,128.33333333333334,27.52211232203469,152.04166666666666,-43.0,137.0,
Lahore,138,116.33367310088666,79.94842966106766,20.48304610558501,50.256318385421245,15.86935763827153,2.722887447373697,21.634037497086243,71.74971092172912,1003.9959200713396,3.0919430380402235,2026-06-24 01:15:26.999717,1.0,24.0,6.0,2.0,0.0,80.0,123.0,160.0,140.0,124.66666666666669,23.653047724695,151.95833333333334,58.0,135.0,
Lahore,130,111.18167702852988,72.10445892818576,54.2337492476675,34.18422572112726,14.793878549097464,1.743847434921536,15.24554286816532,87.19296183037117,1000.3958512567008,0.367807088486789,2026-06-24 02:15:26.999717,2.0,24.0,6.0,2.0,0.0,138.0,123.0,139.0,113.0,123.16666666666669,22.83345498751122,152.66666666666666,-8.0,128.0,
Lahore,148,117.20944781843974,88.96951361841168,40.81121258034764,46.82317950073689,19.707825923636943,3.059275737416719,26.712816985994824,87.78384676578122,1012.2076288074162,1.5079505953380696,2026-06-24 03:15:26.999717,3.0,24.0,6.0,2.0,0.0,130.0,80.0,145.0,96.0,123.66666666666669,23.43217161653397,154.83333333333334,18.0,130.0,
Lahore,76,61.030013736266376,39.64796132162755,31.43625708757408,48.25706355769432,17.166761920293958,2.5323650810745058,24.69220160154924,63.3433721474935,1002.0624843716436,1.6684099058205306,2026-06-24 04:15:26.999717,4.0,24.0,6.0,2.0,0.0,148.0,138.0,123.0,125.0,115.83333333333331,30.49207547325553,152.79166666666666,-72.0,133.0,
Lahore,183,141.87692812503118,114.42987550357309,19.11675917891097,17.41514695203995,19.6743268547414,2.457315978580476,29.55540314058344,66.39733510857492,1010.5882093995313,2.194490977415654,2026-06-24 05:15:26.999717,5.0,24.0,6.0,2.0,0.0,76.0,130.0,123.0,171.0,125.83333333333331,41.25247467324472,153.29166666666666,107.0,126.0,
Lahore,147,123.46378422633724,87.74462069823487,57.11504689506034,35.20492774002246,18.77278844493755,1.0038783671914695,36.51286723538583,41.14327113005805,1011.0044074455752,9.640530857255056,2026-06-24 06:15:26.999717,6.0,24.0,6.0,2.0,0.0,183.0,148.0,80.0,167.0,137.0,34.95139482195258,152.45833333333334,-36.0,144.0,
Lahore,172,140.92708411845888,102.31202002620633,47.75341020658126,30.757294101461984,21.856700254895983,1.1347236061242807,37.74563165806207,71.71848648561183,1010.6083084433812,5.27390239773767,2026-06-24 07:15:26.999717,7.0,24.0,6.0,2.0,0.0,147.0,76.0,138.0,143.0,142.66666666666666,37.7871230271196,153.66666666666666,25.0,116.0,
Lahore,137,119.30608718231876,85.47946068893792,20.401228136662443,35.06770419343445,19.64130175470341,4.194853598510825,25.83320998951568,34.23952756046317,1008.054715311892,1.7650319072446423,2026-06-24 08:15:26.999717,8.0,24.0,6.0,2.0,0.0,172.0,183.0,130.0,151.0,143.83333333333334,37.42414550349374,153.08333333333334,-35.0,156.0,
Lahore,177,137.2083846141013,111.01953467037931,26.885538736211224,62.08329413639434,16.07253210668075,4.48647231907285,26.60583508007145,47.08114114796668,1011.3719429201896,1.203563603134671,2026-06-24 09:15:26.999717,9.0,24.0,6.0,2.0,0.0,137.0,147.0,148.0,159.0,148.66666666666666,39.8630990599911,153.83333333333334,40.0,145.0,
Lahore,150,118.10996050490893,89.89950624115174,50.48371290440366,41.19038056000045,20.772107527247208,1.556075897983626,19.00079871889579,70.10180083712653,999.6807394905742,3.575285504748469,2026-06-24 10:15:26.999717,10.0,24.0,6.0,2.0,0.0,177.0,172.0,76.0,213.0,161.0,18.729655629508468,151.20833333333334,-27.0,149.0,
Lahore,164,132.3572296126279,94.54399850225354,44.78388316076695,75.52371149294483,14.034976990377412,1.0105722568614608,16.283785439791416,48.61860789260936,992.866580153549,9.576186224453428,2026-06-24 11:15:26.999717,11.0,24.0,6.0,2.0,0.0,150.0,137.0,183.0,184.0,157.83333333333334,15.613028747384332,150.375,14.0,180.0,
Lahore,217,176.8324476886289,121.33015191943934,48.289214635786216,27.025731001882715,8.00846555320543,0.7403750237052977,32.31280473634567,32.99081244686726,1011.0613551093128,4.373518175275722,2026-06-24 12:15:26.999717,12.0,24.0,6.0,2.0,0.0,164.0,177.0,147.0,187.0,169.5,27.51545020529316,151.625,53.0,207.0,
Lahore,176,139.72166181226186,102.16975121482407,32.060055110646616,36.17776837136967,1.0411283838835483,3.237339261838536,16.739815889922692,79.91222456105783,1002.4542103921837,1.918768323527257,2026-06-24 13:15:26.999717,13.0,24.0,6.0,2.0,0.0,217.0,150.0,172.0,200.0,170.16666666666666,27.636328747983743,150.625,-41.0,198.0,
Lahore,182,141.23519454773148,106.1139387667602,45.82381313210835,64.02176078592811,17.23896026722945,3.719089456250925,34.81341322437931,48.61980042807379,993.1844008131962,4.849394178553919,2026-06-24 14:15:26.999717,14.0,24.0,6.0,2.0,0.0,176.0,164.0,137.0,183.0,177.66666666666666,22.45588267395924,150.58333333333334,6.0,146.0,
Lahore,191,157.20703764461786,115.13528726496148,29.324686143195684,45.95184449905627,18.12900157165059,2.177644951414425,29.55543391560068,33.78631349152071,992.8828130545502,6.66373868744469,2026-06-24 15:15:26.999717,15.0,24.0,6.0,2.0,0.0,182.0,217.0,177.0,169.0,180.0,23.091123835793542,151.5,9.0,154.0,
Lahore,178,146.00567681272793,105.07426559430986,20.56314584690982,46.02711098183358,29.18941997849572,3.558541403707878,20.36174041210425,34.487289870171914,993.9810598502472,0.3550102036561662,2026-06-24 16:15:26.999717,16.0,24.0,6.0,2.0,0.0,191.0,176.0,150.0,165.0,184.66666666666663,18.1070888512376,152.04166666666666,-13.0,187.0,
Lahore,164,126.6186294971814,101.83966486025712,41.633851742068,9.000512225388764,11.48287168873399,3.708314670017868,29.56711947484154,45.10552792732522,1008.7743314916776,7.531701617282078,2026-06-24 17:15:26.999717,17.0,24.0,6.0,2.0,0.0,178.0,182.0,164.0,160.0,184.66666666666663,18.1070888512376,152.20833333333334,-14.0,142.0,
Lahore,161,135.57721400552748,93.53508364364654,58.80069627993971,34.89497470388419,12.42986404202104,4.709040266286074,19.94093834825667,40.680956833291575,1007.7714168366572,4.741209036177471,2026-06-24 18:15:26.999717,18.0,24.0,6.0,2.0,0.0,164.0,191.0,217.0,153.0,175.33333333333334,11.236844159577265,152.54166666666666,-3.0,149.0,
Lahore,193,160.25099354598302,115.51479416573528,25.53004856976648,25.30502993162993,6.852187858923516,0.7919313702579827,26.845904602781125,76.45800706680905,995.095467004622,0.1167105015743326,2026-06-24 19:15:26.999717,19.0,24.0,6.0,2.0,0.0,161.0,178.0,176.0,160.0,178.16666666666666,13.377842377103336,153.91666666666666,32.0,156.0,
Lahore,136,109.47148248623895,87.51993721598444,33.048479610626984,79.95013421233365,3.0454945618823355,1.3653127545398591,36.588128538540175,49.30104280002207,1011.1730854527448,8.086672787356571,2026-06-24 20:15:26.999717,20.0,24.0,6.0,2.0,0.0,193.0,164.0,182.0,139.0,170.5,21.473239159473945,153.79166666666666,-57.0,118.0,
Lahore,135,108.39798931188018,82.70912606977484,43.70006855349268,28.12663029742327,23.41133029299048,0.8083669441864466,27.47182092208721,78.28174710238994,997.0323698882062,8.548651626751777,2026-06-24 21:15:26.999717,21.0,24.0,6.0,2.0,0.0,136.0,161.0,191.0,145.0,161.16666666666666,22.90342041413562,153.375,-1.0,133.0,
Lahore,146,119.57028885557956,87.29981229155717,37.0753141061244,71.33724010953976,8.240750865840425,4.405972700012498,19.014881594033803,40.43075986938916,1009.8246395828736,7.5460774627041936,2026-06-24 22:15:26.999717,22.0,24.0,6.0,2.0,0.0,135.0,193.0,178.0,123.0,155.83333333333334,21.903576572483576,154.33333333333334,11.0,98.0,
Lahore,143,110.09148464871872,82.79027779032411,52.17138978545246,55.71753012803581,18.658240969871105,4.066642220151058,34.54337440921952,59.57275077264502,1002.2201476933736,4.103162611181067,2026-06-24 23:15:26.999717,23.0,24.0,6.0,2.0,0.0,146.0,136.0,164.0,123.0,152.33333333333334,22.015146301277586,155.16666666666666,-3.0,109.0,
Lahore,143,114.55015739582042,82.63384301642512,48.0871353234758,30.56873068940678,20.945418030818963,3.085889317798276,20.04274723929024,71.28222801318773,1008.288717063464,6.355258248791534,2026-06-25 00:15:26.999717,0.0,25.0,6.0,3.0,0.0,143.0,135.0,161.0,80.0,149.33333333333334,21.823534696896832,157.79166666666666,0.0,126.0,
Lahore,133,95.63808227695412,75.54693373524026,12.914860193117851,45.76507837805927,14.665863931457784,0.8764853452303243,34.94084660799295,69.1194512319513,999.5346915768392,4.645892473601224,2026-06-25 01:15:26.999717,1.0,25.0,6.0,3.0,0.0,143.0,146.0,193.0,138.0,139.33333333333334,5.316640543301092,157.58333333333334,-10.0,88.0,
Lahore,100,84.38227822751467,57.29496567108551,59.9210616961887,68.04019099618952,26.41421127778856,1.7299056139417384,27.942511808827497,66.06776459581613,998.6785149273694,8.407460761916333,2026-06-25 02:15:26.999717,2.0,25.0,6.0,3.0,0.0,133.0,143.0,136.0,130.0,133.33333333333334,17.09580845314666,156.33333333333334,-33.0,132.0,
Lahore,160,120.1925338877907,99.77832919372158,47.62012268597336,71.2526223523184,13.870050388412134,1.8397393162633264,27.251027495546143,85.48929611587019,1011.0339899739834,7.002962234804264,2026-06-25 03:15:26.999717,3.0,25.0,6.0,3.0,0.0,100.0,143.0,135.0,148.0,137.5,20.3248616231454,156.83333333333334,60.0,127.0,
Lahore,111,96.317099142145,65.49055864353865,53.19516581470566,17.02954062546089,9.26235006821119,3.023344382069377,37.988746022151815,43.71150886240466,990.8825563628516,0.981589365929397,2026-06-25 04:15:26.999717,4.0,25.0,6.0,3.0,0.0,160.0,133.0,146.0,76.0,131.66666666666666,22.32188761432784,158.29166666666666,-49.0,145.0,
Lahore,147,115.94939953016775,81.45113465309385,42.55988560476732,30.46798559061272,26.984450165887047,1.6611975231652196,34.13229515719806,59.623152267726326,1014.3684236814375,7.717122698627969,2026-06-25 05:15:26.999717,5.0,25.0,6.0,3.0,0.0,111.0,100.0,143.0,183.0,132.33333333333334,22.78303462374321,156.79166666666666,36.0,146.0,
Lahore,134,106.14166509034412,89.24084646529892,52.81425640233812,30.14173851601788,25.98536424324874,0.8283193876082968,15.88859151778336,83.03955300434453,1006.2044889566343,8.246860972053618,2026-06-25 06:15:26.999717,6.0,25.0,6.0,3.0,0.0,147.0,160.0,143.0,147.0,130.83333333333334,22.2298597986286,156.25,-13.0,177.0,
Lahore,148,115.26133046957747,90.39982595572582,15.61914874643547,8.153359705695852,5.757158465215977,3.788430358339847,22.996706494243263,34.673625935709424,1000.812084704986,4.448426167376393,2026-06-25 07:15:26.999717,7.0,25.0,6.0,3.0,0.0,134.0,111.0,133.0,172.0,133.33333333333334,23.33809475228603,155.25,14.0,152.0,
Lahore,164,129.75980563038962,91.36528299743416,27.38689177796578,49.86783198889224,1.7528695322637076,1.845860952449351,38.51485784294727,33.35329609518452,1005.7013632787606,10.509429371516452,2026-06-25 08:15:26.999717,8.0,25.0,6.0,3.0,0.0,148.0,147.0,100.0,137.0,144.0,19.339079605813737,156.375,16.0,149.0,
Lahore,172,144.69265672574016,100.99075536379588,53.82104718022464,69.1115039744141,3.609581134139,2.535683796604853,15.494806550720364,43.99813725349748,993.0685236614746,10.116172258139551,2026-06-25 09:15:26.999717,9.0,25.0,6.0,3.0,0.0,164.0,134.0,160.0,177.0,146.0,21.78990591994372,156.16666666666666,8.0,168.0,
Lahore,180,131.5609567173246,108.55443191414209,20.08276056334461,33.61807908691384,9.309874558060695,1.074499857420374,29.7218430490732,67.9812731722811,1002.8513113823388,2.1019982867968543,2026-06-25 10:15:26.999717,10.0,25.0,6.0,3.0,0.0,172.0,148.0,111.0,150.0,157.5,17.38677658451917,157.41666666666666,8.0,182.0,
Lahore,208,172.78482693044094,133.32296046648688,13.912104929001137,60.50269587381327,29.19553425050961,4.111467365275608,34.651293067696486,45.59277758698841,1014.6273880834948,10.851195701830422,2026-06-25 11:15:26.999717,11.0,25.0,6.0,3.0,0.0,180.0,164.0,147.0,164.0,167.66666666666666,25.81214184577944,159.25,28.0,177.0,
Lahore,188,152.09011740550855,107.25943770870563,49.40594699726095,52.077531020055496,17.196968441663927,3.04489344615826,31.79011430808355,41.41439302852794,995.8817359461676,5.29046845794093,2026-06-25 12:15:26.999717,12.0,25.0,6.0,3.0,0.0,208.0,172.0,134.0,217.0,176.66666666666666,20.617144968851207,158.04166666666666,-20.0,180.0,
Lahore,175,133.96489176071393,109.88020359677974,51.77430778216481,33.17365516197506,11.824590228848797,4.557135317944383,35.53436945681978,57.52813892149753,1008.0569524759088,8.68499583161152,2026-06-25 13:15:26.999717,13.0,25.0,6.0,3.0,0.0,188.0,180.0,148.0,176.0,181.16666666666663,15.393721663932377,158.0,-13.0,165.0,
Lahore,197,152.22343803475383,125.1974321348617,18.13261090949503,15.57948496192228,26.772766743769644,2.729622033794,34.593679920698136,66.81588412616469,1000.8742843957924,9.769164083606832,2026-06-25 14:15:26.999717,14.0,25.0,6.0,3.0,0.0,175.0,208.0,164.0,182.0,186.66666666666663,13.851594372728862,158.625,22.0,165.0,
Lahore,198,166.781965136041,115.65672847462714,52.717299139135775,58.19928895819755,14.140953612876489,4.736415523180459,33.68482876913406,44.913462421004425,1006.3114537121988,6.061349052836279,2026-06-25 15:15:26.999717,15.0,25.0,6.0,3.0,0.0,197.0,188.0,172.0,191.0,191.0,12.328828005935584,158.91666666666666,1.0,146.0,
Lahore,144,110.47246560028634,85.01243190569882,44.33838977985848,69.09238767059304,10.141920223629612,4.513406919715967,37.181576244992605,48.04147120342452,995.1221807172944,4.789223272449789,2026-06-25 16:15:26.999717,16.0,25.0,6.0,3.0,0.0,198.0,175.0,180.0,178.0,185.0,22.943408639518875,157.5,-54.0,203.0,
Lahore,173,132.6332474470202,98.61845376313114,36.0041341608292,56.43908693011189,28.295366333624063,3.0940693540665527,32.433648048137535,66.81355828869084,1001.76162456544,10.98541642338118,2026-06-25 17:15:26.999717,17.0,25.0,6.0,3.0,0.0,144.0,197.0,208.0,164.0,179.16666666666666,20.2130320997772,157.875,29.0,137.0,
Lahore,168,140.08657271182366,99.78269429459849,51.51250963906925,6.340886302611355,25.63601231958766,4.702520471674385,25.86529934493852,86.74430531936716,1014.502317846482,2.7702426352250784,2026-06-25 18:15:26.999717,18.0,25.0,6.0,3.0,0.0,173.0,198.0,188.0,161.0,175.83333333333334,20.113842662868475,158.16666666666666,-5.0,140.0,
Lahore,139,112.89276438142956,83.21705012828534,30.96246246594829,21.217467079324344,25.46638288716379,1.9538993628254853,27.741545967693867,70.4845036462853,994.8821787754002,3.083640932629734,2026-06-25 19:15:26.999717,19.0,25.0,6.0,3.0,0.0,168.0,144.0,175.0,193.0,169.83333333333334,25.150878049615603,155.91666666666666,-29.0,131.0,
Lahore,165,127.310372117318,102.29824999041185,19.699697811169862,10.210998866264893,15.85625754845618,2.145389732168951,34.35156913239916,76.9742486150736,1005.911125696219,4.339443768161245,2026-06-25 20:15:26.999717,20.0,25.0,6.0,3.0,0.0,139.0,173.0,197.0,136.0,164.5,21.342445970412488,157.125,26.0,155.0,
Lahore,128,103.4831248770231,82.25091735510223,24.24263383053068,47.77895746821701,23.893713565648195,0.7046507808771663,38.66026280100344,52.00860568532813,1004.38994371917,10.313589335646787,2026-06-25 21:15:26.999717,21.0,25.0,6.0,3.0,0.0,165.0,168.0,198.0,135.0,152.83333333333334,18.280226110928105,156.83333333333334,-37.0,125.0,
Lahore,128,97.27123658179862,73.05951967689177,35.258200914665736,61.73582591303093,6.201247418672004,3.151404080437339,22.349907622673943,46.33526156306796,1004.12628965726,11.26545917055691,2026-06-25 22:15:26.999717,22.0,25.0,6.0,3.0,0.0,128.0,139.0,144.0,146.0,150.16666666666666,20.81746062003388,156.08333333333334,0.0,150.0,
Lahore,118,99.90410699211304,60.963374678870025,36.56653963365879,13.293439030149456,17.623465769131066,3.7486578646802,24.23607349121891,57.25606459215735,1005.3780822412904,2.6408125770583424,2026-06-25 23:15:26.999717,23.0,25.0,6.0,3.0,0.0,128.0,165.0,173.0,143.0,141.0,20.861447696648625,155.04166666666666,-10.0,108.0,
Lahore,120,101.30685482436569,71.89377610361879,50.27904132206168,67.8753365445039,29.531531762578823,3.980836356089464,40.12996370178514,78.42796972270042,1002.5559493422056,10.366441771574944,2026-06-26 00:15:26.999717,0.0,26.0,6.0,4.0,0.0,118.0,128.0,168.0,143.0,133.0,17.343586710943516,154.08333333333334,2.0,125.0,
Lahore,98,81.06003099410972,60.2676876498432,49.56763618261672,46.66317337966124,9.437794485020888,1.1741732872074648,30.619818395055027,57.37797850743335,990.4232687564414,3.098435513622832,2026-06-26 01:15:26.999717,1.0,26.0,6.0,4.0,0.0,120.0,128.0,139.0,133.0,126.16666666666669,21.96740008892021,152.625,-22.0,103.0,
Lahore,94,77.00830530623509,57.64708843842521,39.06832786022874,56.74767591062937,24.03621754818258,2.498715825406252,19.83196906264503,80.80352452739166,1012.502420286578,11.647694960998656,2026-06-26 02:15:26.999717,2.0,26.0,6.0,4.0,0.0,98.0,118.0,165.0,100.0,114.33333333333331,14.82790162722652,152.375,-4.0,166.0,
Lahore,159,136.00594062433686,93.76663376245476,49.03927416827382,77.85513864564847,15.22387380903395,1.2958844544226205,32.91976875063433,89.32631884170763,1010.6744706871008,7.168894703778987,2026-06-26 03:15:26.999717,3.0,26.0,6.0,4.0,0.0,94.0,120.0,128.0,160.0,119.5,23.44141633946281,152.33333333333334,65.0,104.0,
Lahore,117,93.59843163694111,70.82376049831967,19.58867291468355,11.2760741185773,2.1543648134405324,3.47957306984412,41.75057819956325,34.32159994382018,994.354192023028,0.0850376093685887,2026-06-26 04:15:26.999717,4.0,26.0,6.0,4.0,0.0,159.0,98.0,128.0,111.0,117.66666666666669,23.070905198251385,152.58333333333334,-42.0,140.0,
Lahore,122,91.690629372896,80.77722404176124,12.503226354664717,72.5918017233342,23.12756253665436,1.2107586758979565,37.2332462407008,32.72460936502222,1000.3318294344716,0.4095588488541346,2026-06-26 05:15:26.999717,5.0,26.0,6.0,4.0,0.0,117.0,94.0,118.0,147.0,118.33333333333331,23.140152693245174,151.54166666666666,5.0,154.0,
Lahore,106,87.04736956416154,65.50867084481254,53.68169113173501,14.457702199055698,5.888505187371271,4.568736577802337,35.135010686887874,38.97538217480171,1009.2637245173393,1.7698143696565016,2026-06-26 06:15:26.999717,6.0,26.0,6.0,4.0,0.0,122.0,159.0,120.0,134.0,116.0,23.63895090734862,150.375,-16.0,158.0,
Lahore,137,120.03023524768558,80.33315787498458,13.77772468813848,34.47191049775117,19.312733446849755,1.53785590547636,20.61725966518927,53.06218054406077,1014.501557884682,2.2508778938250806,2026-06-26 07:15:26.999717,7.0,26.0,6.0,4.0,0.0,106.0,117.0,98.0,148.0,122.5,23.05428376679766,149.91666666666666,31.0,146.0,
Lahore,131,99.72620253407077,76.09901091452002,22.334421487199865,68.85790222483357,3.484261627362214,1.8113101982971016,38.65577418646819,37.862532548725945,1013.7784261610446,9.21142947391916,2026-06-26 08:15:26.999717,8.0,26.0,6.0,4.0,0.0,137.0,122.0,94.0,164.0,128.66666666666666,18.38114976454654,148.54166666666666,-6.0,155.0,
Lahore,198,156.5926861665301,117.95073821161134,44.76594748121923,72.96906775534012,28.45915452738298,4.329078449679498,29.196298775459752,82.23986865712536,1012.4839799919044,2.6731905170033987,2026-06-26 09:15:26.999717,9.0,26.0,6.0,4.0,0.0,131.0,106.0,159.0,172.0,135.16666666666666,32.627697845031626,149.625,67.0,166.0,
Lahore,192,155.68223019050728,123.3836998091532,30.47239688136545,42.9778755158859,9.459992728230466,2.563104245655757,39.01083059594281,31.38877506162383,993.9593474324784,11.629699440598316,2026-06-26 10:15:26.999717,10.0,26.0,6.0,4.0,0.0,198.0,137.0,117.0,180.0,147.66666666666666,38.17154262885725,150.125,-6.0,168.0,
Lahore,162,129.3304757549713,96.28349645236902,53.81569849577544,49.557847870656886,7.567476058644452,0.6079817561003287,23.905351394471744,48.94756298014935,1012.8618776502252,7.63334468643526,2026-06-26 11:15:26.999717,11.0,26.0,6.0,4.0,0.0,192.0,131.0,122.0,208.0,154.33333333333334,36.23626176451785,148.20833333333334,-30.0,195.0,
Lahore,224,174.28848209811343,134.30102827739643,24.89898973311348,58.11105009489179,4.744955717923695,2.725638130411906,16.675378421156683,41.08167776965232,1011.961122823777,8.310210111042213,2026-06-26 12:15:26.999717,12.0,26.0,6.0,4.0,0.0,162.0,198.0,106.0,188.0,174.0,36.77499150237792,149.70833333333334,62.0,223.0,
Lahore,199,164.80928928115236,116.98843214531848,10.593567333467965,67.45690013395355,28.434063606832385,0.8804450092105537,27.851351153813145,85.89235980945193,999.4237477791596,2.61379823142249,2026-06-26 13:15:26.999717,13.0,26.0,6.0,4.0,0.0,224.0,192.0,137.0,175.0,184.3333333333333,32.794308449281594,150.70833333333334,-25.0,168.0,
Lahore,171,148.4002036100863,108.0949167872098,25.032782028037204,14.113337715324962,21.64520853079785,4.934051234092898,22.2856153300827,70.16886029340168,999.8630648634064,10.712475769141015,2026-06-26 14:15:26.999717,14.0,26.0,6.0,4.0,0.0,199.0,162.0,131.0,197.0,191.0,22.108821768695584,149.625,-28.0,150.0,
Lahore,124,100.18065729511954,84.19918627372337,38.90375245924159,65.75519811719207,22.50816577282457,3.14650206705021,34.31119082396005,84.72181538708247,1001.497723048879,8.013774873839177,2026-06-26 15:15:26.999717,15.0,26.0,6.0,4.0,0.0,171.0,224.0,198.0,198.0,178.66666666666666,34.558163531452735,146.54166666666666,-47.0,172.0,
Lahore,214,166.67965855132002,130.65306524715697,28.796918770164663,41.095711288371255,15.482732280027092,1.654396779249403,40.84187692711288,88.3397226186236,1006.4043907741604,10.372867492102364,2026-06-26 16:15:26.999717,16.0,26.0,6.0,4.0,0.0,124.0,199.0,192.0,144.0,182.3333333333333,37.313089749665934,149.45833333333334,90.0,220.0,
Lahore,134,99.45519737473262,80.81386451892712,36.74363778793776,38.79675688311267,14.76710577284402,3.03672955796428,33.65630208109222,59.82589462064215,996.5208903995754,11.477773166774725,2026-06-26 17:15:26.999717,17.0,26.0,6.0,4.0,0.0,214.0,171.0,162.0,173.0,177.66666666666666,41.84096875870145,147.83333333333334,-80.0,145.0,
Lahore,121,98.08987990610592,72.78391416587117,53.82990594175094,36.79248139977487,4.190616046752822,0.8459019652178967,38.947216102148495,44.05914648288157,990.5737107359986,1.5076917253151572,2026-06-26 18:15:26.999717,18.0,26.0,6.0,4.0,0.0,134.0,124.0,224.0,168.0,160.5,40.12355916416172,145.875,-13.0,186.0,
Lahore,166,138.3193867165813,87.67846605607127,55.62425271151842,43.19086889345319,17.23539177193576,4.099510869209677,27.231648367232573,41.62372717179536,993.5307381149312,1.159046763227348,2026-06-26 19:15:26.999717,19.0,26.0,6.0,4.0,0.0,121.0,214.0,199.0,139.0,155.0,35.82178108358088,147.0,45.0,179.0,
Lahore,186,151.17583873247693,115.32575432142409,23.29870323270561,75.87879150459527,8.160578358154922,4.6639762423887365,35.834299904273145,43.37513170115043,1001.0028976894192,9.640893919075628,2026-06-26 20:15:26.999717,20.0,26.0,6.0,4.0,0.0,166.0,134.0,171.0,165.0,157.5,37.63907544029196,147.875,20.0,126.0,
Lahore,158,126.38798079540574,95.47083207997922,33.107023663495035,46.11528295941137,29.33721465121177,4.434999746927717,37.76217279013599,72.51559845732018,997.0500642356552,10.393512709130045,2026-06-26 21:15:26.999717,21.0,26.0,6.0,4.0,0.0,186.0,121.0,124.0,128.0,163.16666666666666,33.96714098458463,149.125,-28.0,142.0,
Lahore,136,105.85364174105348,83.74171025330362,37.45720076207256,76.48831536973545,24.10084726043928,2.037909210343533,34.19364194475564,32.426743687380046,1009.1129140259033,7.005137050535828,2026-06-26 22:15:26.999717,22.0,26.0,6.0,4.0,0.0,158.0,166.0,214.0,128.0,150.16666666666666,24.119839689903927,149.45833333333334,-22.0,158.0,
Lahore,133,100.93918183640956,76.24268902958147,57.45562284441235,18.521759796173043,12.97676974559374,1.9659565383951585,28.709986723878245,33.081664381962895,992.6672517637318,4.392006573006247,2026-06-26 23:15:26.999717,23.0,26.0,6.0,4.0,0.0,136.0,186.0,134.0,118.0,150.0,24.256957764732128,150.08333333333334,-3.0,114.0,
Lahore,137,113.77375663162442,80.27771560511455,59.93086595821924,59.31019841244749,5.3888965020544575,0.65789425047335,31.898384959614937,66.488576542989,1012.93663063887,7.831555632902685,2026-06-27 00:15:26.999717,0.0,27.0,6.0,5.0,1.0,133.0,158.0,121.0,120.0,152.66666666666666,21.10608127215144,150.79166666666666,4.0,115.0,
Lahore,135,112.56885810692792,78.94487531748413,21.770362442076333,65.91796539565604,23.77461904302473,3.4313016141541253,33.91368888332977,68.52342880424439,1012.3831794985978,3.667968871109488,2026-06-27 01:15:26.999717,1.0,27.0,6.0,5.0,1.0,137.0,136.0,166.0,98.0,147.5,20.983326714322523,152.33333333333334,-2.0,108.0,
Lahore,128,94.67135106654634,81.9081149203652,46.34899356729077,55.93466235011464,4.539559245358164,2.907071528854077,21.83327888697853,69.9157754593476,1012.7189204233322,2.860628305841618,2026-06-27 02:15:26.999717,2.0,27.0,6.0,5.0,1.0,135.0,133.0,186.0,94.0,137.83333333333334,10.38107252005686,153.75,-7.0,103.0,
Lahore,130,111.9491948909034,76.10620081698454,28.90155311165976,50.519171016990526,6.490678851415044,2.567058670973036,36.858640044704586,52.31283027531548,1008.4902499650832,5.857742514327185,2026-06-27 03:15:26.999717,3.0,27.0,6.0,5.0,1.0,128.0,137.0,158.0,159.0,133.16666666666666,3.5449494589747195,152.54166666666666,2.0,115.0,
Lahore,133,109.27035610447,90.21330161054898,10.40540984431066,47.36095858146367,7.134095014582595,4.584339290006182,40.65876255211638,78.3566933228492,992.67499928709,2.5938459312765563,2026-06-27 04:15:26.999717,4.0,27.0,6.0,5.0,1.0,130.0,135.0,136.0,117.0,132.66666666666666,3.265986323713821,153.20833333333334,3.0,109.0,
Lahore,126,107.79797322572898,77.75431209507518,10.462626121795118,69.5697861934022,17.149828509919736,1.2554550548728085,27.561461509858272,62.017475263597056,1000.9534392842392,5.804443299782075,2026-06-27 05:15:26.999717,5.0,27.0,6.0,5.0,1.0,133.0,128.0,133.0,122.0,131.5,4.230839160263641,153.375,-7.0,142.0,
Lahore,144,108.48936125757444,80.02158670002133,33.02830037811279,66.6234947873375,23.82464296572062,0.5434982001058205,33.92881394396669,36.32793780056517,993.2851342951366,11.479278065562864,2026-06-27 06:15:26.999717,6.0,27.0,6.0,5.0,1.0,126.0,130.0,137.0,106.0,132.66666666666666,6.43946167522455,154.95833333333334,18.0,134.0,
Lahore,116,85.97087922292282,68.9572685337402,34.41674565021673,14.171654088544964,10.115131483016077,0.8299240345434444,34.89969945633956,77.82595842404072,1014.6924798190272,10.077408427408685,2026-06-27 07:15:26.999717,7.0,27.0,6.0,5.0,1.0,144.0,133.0,135.0,137.0,129.5,9.159694318044815,154.08333333333334,-28.0,154.0,
Lahore,156,124.05515345116352,90.34162438921793,11.128484828672132,68.64407427731587,3.455424613983393,1.50517147022316,32.88068378307997,87.1840671762275,998.3259605849668,11.299571034000268,2026-06-27 08:15:26.999717,8.0,27.0,6.0,5.0,1.0,116.0,126.0,128.0,131.0,134.16666666666666,14.062953696385549,155.125,40.0,126.0,
Lahore,145,118.51392213447598,76.02808765089988,44.34637083871512,36.05514645803319,14.471615442208156,0.6497849716855563,29.77210792487316,33.60217878014152,1004.6332635472515,9.675947698168304,2026-06-27 09:15:26.999717,9.0,27.0,6.0,5.0,1.0,156.0,144.0,130.0,198.0,136.66666666666666,14.500574701255156,152.91666666666666,-11.0,172.0,
Lahore,149,128.18180411463482,97.39735470056894,24.700169429747657,24.02726224968581,22.69519699363813,2.76279669789411,38.804494773519885,53.4810803220348,1009.4848263561056,4.257011231355321,2026-06-27 10:15:26.999717,10.0,27.0,6.0,5.0,1.0,145.0,116.0,133.0,192.0,139.33333333333334,15.148157203656094,151.125,4.0,188.0,
Lahore,180,147.53039456907567,111.51571271110002,37.99465507679747,70.23264260104445,7.42825144953426,1.9134070485511008,27.121021150260148,59.25096269008486,1013.0154021056412,9.744542862618708,2026-06-27 11:15:26.999717,11.0,27.0,6.0,5.0,1.0,149.0,156.0,126.0,162.0,148.33333333333334,20.67526702769924,151.875,31.0,136.0,
Lahore,207,164.38659361593986,126.86603658949656,25.04595365827094,37.40185997253062,7.377811893141852,1.312173536306597,16.649779825138296,38.78824560469901,1008.888693146034,11.074988922638568,2026-06-27 12:15:26.999717,12.0,27.0,6.0,5.0,1.0,180.0,145.0,144.0,224.0,158.83333333333334,31.30122468317581,151.16666666666666,27.0,186.0,
Lahore,198,153.26815396167055,119.62701830149852,18.35671574346536,65.62735176326126,28.46958379305461,3.8753783372689794,37.80302214422832,82.06253686697264,1006.862594469156,11.364429454044654,2026-06-27 13:15:26.999717,13.0,27.0,6.0,5.0,1.0,207.0,149.0,116.0,199.0,172.5,26.37233398848065,151.125,-9.0,204.0,
Lahore,146,122.95000286359576,80.6899121565378,30.358686929943765,24.755270896688337,28.67045808645616,1.4200309680463852,33.19749435254687,47.048978693402645,1001.6495445509538,8.198374208219965,2026-06-27 14:15:26.999717,14.0,27.0,6.0,5.0,1.0,198.0,180.0,156.0,171.0,170.83333333333334,27.895638846720114,150.08333333333334,-52.0,154.0,
Lahore,154,118.37647287124643,89.9819143022228,21.61366823952504,5.294699106666335,29.72350622978572,3.5942229544720696,37.929982915490456,76.98051239628961,1005.1350033437632,2.536399725781358,2026-06-27 15:15:26.999717,15.0,27.0,6.0,5.0,1.0,146.0,207.0,145.0,124.0,172.33333333333334,26.43230346879815,151.33333333333334,8.0,207.0,
Lahore,187,157.7423427738616,116.40890387392008,36.7400488459584,42.15943946772083,24.422128445668623,2.071692076314375,18.740780946006748,70.25966892169896,992.3540952213208,0.4767498403762902,2026-06-27 16:15:26.999717,16.0,27.0,6.0,5.0,1.0,154.0,198.0,149.0,214.0,178.66666666666666,24.17988144442878,150.20833333333334,33.0,177.0,
Lahore,142,112.17807675196748,79.9438998510875,19.941426514324,12.51711924821632,6.457340905870421,2.8032249229814954,15.83032939376234,65.8827493480214,1012.0980635490316,1.7664027379218692,2026-06-27 17:15:26.999717,17.0,27.0,6.0,5.0,1.0,187.0,146.0,180.0,134.0,172.33333333333334,28.373696739526885,150.54166666666666,-45.0,147.0,
Lahore,149,127.15291036308926,76.74115341874592,35.42029883223135,61.57819666436822,7.14746410317858,4.702401679330939,40.22811259032754,41.52857092179326,1003.5944327209972,11.586563014727345,2026-06-27 18:15:26.999717,18.0,27.0,6.0,5.0,1.0,142.0,154.0,207.0,121.0,162.66666666666666,23.695287857855835,151.70833333333334,7.0,152.0,
Lahore,156,128.1946564502964,92.46446996109536,17.868925743443377,25.705635205205777,10.866532004149366,0.6680823566711578,18.988664257965507,43.24221123305434,991.0033762608736,5.545161890313233,2026-06-27 19:15:26.999717,19.0,27.0,6.0,5.0,1.0,149.0,187.0,198.0,166.0,155.66666666666666,16.182294851678442,151.29166666666666,7.0,157.0,
Lahore,118,93.71502255278772,70.09121222986231,43.548735474289245,38.27342349526091,10.225843408671237,2.751190283648578,36.8606129659022,32.84090428479416,1012.9975531414974,10.25983217798469,2026-06-27 20:15:26.999717,20.0,27.0,6.0,5.0,1.0,156.0,142.0,146.0,186.0,151.0,22.378561169118925,148.45833333333334,-38.0,139.0,
Lahore,133,103.80301814086936,80.47781708207354,47.696884222071205,11.527517381866568,28.739304723262265,4.344903321474282,37.22666843887717,44.44274578693598,1002.2325493459216,5.580529842699493,2026-06-27 21:15:26.999717,21.0,27.0,6.0,5.0,1.0,118.0,149.0,154.0,158.0,147.5,23.432882878553407,147.41666666666666,15.0,141.0,
Lahore,98,76.6954606132696,62.44259321757268,15.519711712496688,26.49944363354395,23.883145503569114,3.145884117666568,34.13504041482308,50.72661656763084,1011.714728539025,7.929811001518074,2026-06-27 22:15:26.999717,22.0,27.0,6.0,5.0,1.0,133.0,156.0,187.0,136.0,132.66666666666666,21.518983866964664,145.83333333333334,-35.0,107.0,
Lahore,109,89.34158346187618,68.58802906115604,33.39012060186696,63.6117682443929,21.996254972685065,1.7459173263432048,18.54407969950752,79.98871823174552,1011.422198855134,0.2896893254680037,2026-06-27 23:15:26.999717,23.0,27.0,6.0,5.0,1.0,98.0,118.0,142.0,133.0,127.16666666666669,22.833454987511026,144.83333333333334,11.0,125.0,
Lahore,126,101.1857824810886,76.8938490262196,13.543585032743678,16.36909339267396,6.392933497685823,2.2895651081526545,33.01976286314181,51.98356000288832,1010.393789686428,2.998379312632401,2026-06-28 00:15:26.999717,0.0,28.0,6.0,6.0,1.0,109.0,133.0,149.0,137.0,123.33333333333331,20.21550560007582,144.375,17.0,91.0,
Lahore,88,67.43094295965648,58.777656940433545,39.90912227710013,53.536967084521805,27.37624122150756,3.5611953292785854,39.00533774982537,75.27730696593639,991.535075482384,5.235231360511071,2026-06-28 01:15:26.999717,1.0,28.0,6.0,6.0,1.0,126.0,98.0,156.0,135.0,112.0,17.052858997835052,142.41666666666666,-38.0,118.0,
Lahore,132,104.77184294841184,71.60515109593342,23.22021489648227,73.80693896033759,25.00824100567904,4.5086535244121135,26.489354409623846,56.36653687772925,996.1766661356052,7.567572565849958,2026-06-28 02:15:26.999717,2.0,28.0,6.0,6.0,1.0,88.0,109.0,118.0,128.0,114.33333333333331,18.89620773241837,142.58333333333334,44.0,105.0,
Lahore,127,101.99288514859576,78.72290907238695,36.3812228419354,55.98775698182902,5.745613398509788,0.6847986818597522,26.16495506822217,77.0920987196333,1011.8886968116358,2.058254256638142,2026-06-28 03:15:26.999717,3.0,28.0,6.0,6.0,1.0,132.0,126.0,133.0,130.0,113.33333333333331,17.840029895342358,142.45833333333334,-5.0,113.0,
Lahore,145,105.35632952792594,90.13269181668473,35.87305046921456,65.826626696917,26.2639396268682,0.8219246985066939,26.95717435864432,88.5762960262224,1012.4747764013024,9.17461757124588,2026-06-28 04:15:26.999717,4.0,28.0,6.0,6.0,1.0,127.0,88.0,98.0,133.0,121.16666666666669,19.954114028608227,142.95833333333334,18.0,159.0,
Lahore,146,119.09084057394352,81.40218856959879,56.21771730969002,13.172872197793684,8.895178554743667,1.962731856243144,17.221341048257575,44.3904934834548,1001.45172155922,4.372856473634847,2026-06-28 05:15:26.999717,5.0,28.0,6.0,6.0,1.0,145.0,132.0,109.0,126.0,127.33333333333331,21.12502465481856,143.79166666666666,1.0,163.0,
Lahore,177,136.70139387641595,98.68564695658806,37.45416112843614,23.804886950154085,3.345222629131076,1.5475085799686554,39.08469036380929,81.74049671783257,1001.001036691355,9.809223230806612,2026-06-28 06:15:26.999717,6.0,28.0,6.0,6.0,1.0,146.0,127.0,126.0,144.0,135.83333333333334,29.198744265236503,145.16666666666666,31.0,162.0,
Lahore,152,115.83333798397128,87.470289367622,39.14992398591578,72.09041391804433,20.04784688891209,1.6921889880008272,38.46793732747378,67.30944517834648,994.3785158471536,1.1756290847408075,2026-06-28 07:15:26.999717,7.0,28.0,6.0,6.0,1.0,177.0,145.0,88.0,116.0,146.5,17.626684316683114,146.66666666666666,-25.0,128.0,
Lahore,149,110.76327826444646,86.09229278742353,30.082656288219013,58.63292102135669,19.960335122145587,1.4957149938164642,41.94355168833773,79.03765569531929,1014.2102697172788,8.157079052188463,2026-06-28 08:15:26.999717,8.0,28.0,6.0,6.0,1.0,152.0,146.0,132.0,156.0,149.33333333333334,16.132782359737753,146.375,-3.0,151.0,
Lahore,168,125.43053751066056,104.56709731751216,57.45398015914084,52.966536978298336,3.7530282774029247,1.3812127198482098,30.799944820457164,69.09515413606832,995.328461883976,3.5199399984781223,2026-06-28 09:15:26.999717,9.0,28.0,6.0,6.0,1.0,149.0,177.0,127.0,145.0,156.16666666666666,13.197221929885764,147.33333333333334,19.0,189.0,
Lahore,182,138.82276248443856,106.12730608154452,48.85929547198048,54.7825052091275,10.24670245916089,1.087807850911813,35.28217418418741,55.43697043644901,994.7734196087692,9.544598089471416,2026-06-28 10:15:26.999717,10.0,28.0,6.0,6.0,1.0,168.0,152.0,145.0,149.0,162.33333333333334,15.3969693987697,148.70833333333334,14.0,174.0,
Lahore,177,138.05489521184754,101.918257408594,24.27026451514208,36.06504157284826,29.79161940541061,4.702793593078571,20.472141470297228,43.68449636650742,1006.5182242537294,4.826045124508926,2026-06-28 11:15:26.999717,11.0,28.0,6.0,6.0,1.0,182.0,149.0,146.0,180.0,167.5,13.953494186044509,148.58333333333334,-5.0,223.0,
Lahore,180,153.76629568763283,104.9418313165272,52.210479288811605,8.341747371323992,20.674373343253368,1.1488525875776887,33.02327809205258,34.2021135198699,996.0711075750112,7.984195587162798,2026-06-28 12:15:26.999717,12.0,28.0,6.0,6.0,1.0,177.0,168.0,177.0,207.0,168.0,14.408330923461511,147.45833333333334,3.0,187.0,
Lahore,165,129.37060162052398,104.59316167077104,31.61981800925449,63.833115655304674,22.172179831496543,1.4198169864449128,32.54278691644954,62.13110186764302,1013.4692902753598,11.211663223637682,2026-06-28 13:15:26.999717,13.0,28.0,6.0,6.0,1.0,180.0,182.0,152.0,198.0,170.16666666666666,12.351787994725354,146.08333333333334,-15.0,183.0,
Lahore,165,132.88875053134015,99.06521687188476,51.4333571766797,55.90349271615154,7.174601282524865,1.6081957579135358,39.33263586772354,89.41956567161193,990.2726748829448,0.2475195841651722,2026-06-28 14:15:26.999717,14.0,28.0,6.0,6.0,1.0,165.0,177.0,149.0,146.0,172.83333333333334,7.730890418744686,146.875,0.0,172.0,
Lahore,146,118.80240693253164,86.70374487321544,51.144403414675104,40.46033480845436,3.2846800591135152,4.698566929086892,37.431403516655,74.28250830085238,990.1438315580824,0.1334013880124835,2026-06-28 15:15:26.999717,15.0,28.0,6.0,6.0,1.0,165.0,180.0,168.0,154.0,169.16666666666666,13.526517166907473,146.54166666666666,-19.0,177.0,
Lahore,203,163.05532593107924,121.24997250649474,19.44350933814272,72.48197115261931,9.030149002487192,3.9007136012048815,40.3385944906796,49.640732483940994,1002.62192003589,9.24335102612056,2026-06-28 16:15:26.999717,16.0,28.0,6.0,6.0,1.0,146.0,165.0,182.0,187.0,172.66666666666666,19.08577131442789,147.20833333333334,57.0,165.0,
Lahore,137,109.21278269637004,88.66030167163262,45.05705656917885,30.21197487388241,8.218053170602566,4.053647436419816,38.4585037629434,79.63228800520412,1002.2015614978368,7.756716618096938,2026-06-28 17:15:26.999717,17.0,28.0,6.0,6.0,1.0,203.0,165.0,177.0,142.0,166.0,23.69810118975737,147.0,-66.0,176.0,
Lahore,140,106.02353118200378,80.25414136698379,24.53214846532656,27.07413081734269,7.80177892169354,0.9714121679232413,38.454735162269,76.1390400105844,994.0841005475228,3.515756646053192,2026-06-28 18:15:26.999717,18.0,28.0,6.0,6.0,1.0,137.0,146.0,180.0,149.0,159.33333333333334,24.58183611259855,146.625,3.0,173.0,
Lahore,131,112.05463774139608,85.17754145470052,24.87463349963341,70.4597243809582,6.589875334724147,4.263394437570522,16.720529820595395,46.898147601207405,1002.3629890742571,5.932760433291149,2026-06-28 19:15:26.999717,19.0,28.0,6.0,6.0,1.0,140.0,203.0,165.0,156.0,153.66666666666666,26.83033109498764,145.58333333333334,-9.0,130.0,
Lahore,155,133.0359832181894,94.05248149460752,24.81740384402904,64.7740741069239,17.667915029006725,2.3368688681783807,37.84097272279081,30.85844938765408,1000.2915276292496,0.5032279871864249,2026-06-28 20:15:26.999717,20.0,28.0,6.0,6.0,1.0,131.0,137.0,165.0,118.0,152.0,26.290682760247897,147.125,24.0,111.0,
Lahore,125,91.58670652938656,74.19790309012326,46.27841237799741,43.62348579862586,10.515000799412832,1.6827036179557493,31.40191665158419,37.08975831203698,1012.2582381335592,2.3093472643348893,2026-06-28 21:15:26.999717,21.0,28.0,6.0,6.0,1.0,155.0,140.0,146.0,133.0,148.5,28.5499562171293,146.79166666666666,-30.0,94.0,
Lahore,150,114.8798570455681,102.5045024896714,21.491302089626803,14.805105459338748,24.790005436378383,3.0908753758413976,25.27200019768096,82.63837141872345,990.231348005424,5.09395649432601,2026-06-28 22:15:26.999717,22.0,28.0,6.0,6.0,1.0,125.0,131.0,203.0,98.0,139.66666666666666,11.307814407155654,148.95833333333334,25.0,135.0,
Lahore,108,85.00094828811497,59.52180255100701,10.045291762304512,21.13036035987893,6.334475117574136,4.199823076175303,16.52589485847768,80.1937821182923,1014.4067451258238,10.008532994657788,2026-06-28 23:15:26.999717,23.0,28.0,6.0,6.0,1.0,150.0,155.0,137.0,109.0,134.83333333333334,17.29065258070623,148.91666666666666,-42.0,99.0,
Lahore,125,95.17731102544904,73.23157120216497,45.76184267413166,54.2170992806605,14.47418505518779,4.0039346798370925,33.29719191873726,47.71254005270175,1005.609819107396,5.756006194321017,2026-06-29 00:15:26.999717,0.0,29.0,6.0,0.0,0.0,108.0,125.0,140.0,126.0,132.33333333333334,17.47760471765757,148.875,17.0,77.0,
Lahore,103,84.92982776727933,55.63784380418,18.559237191756264,33.878092838030874,1.3960772563563195,4.504988671615094,23.86144726451567,47.11172557706523,993.796086141132,7.036350054311745,2026-06-29 01:15:26.999717,1.0,29.0,6.0,0.0,0.0,125.0,150.0,131.0,88.0,127.66666666666669,21.238330128960044,149.5,-22.0,128.0,
Lahore,166,129.15863898796695,104.36230985268084,15.224119765391732,67.73548937494783,14.96878735120057,4.676594837069498,27.62995915462293,77.57189922614828,991.1690003452792,10.485045503925363,2026-06-29 02:15:26.999717,2.0,29.0,6.0,0.0,0.0,103.0,108.0,155.0,132.0,129.5,24.32077301403109,150.91666666666666,63.0,173.0,
Lahore,104,94.02528033903302,70.8459446682584,21.875806029703007,76.24662569991531,2.6193084054177573,1.571549321424873,33.40666780048863,86.26424819372532,1003.4526414639809,3.7058269630661433,2026-06-29 03:15:26.999717,3.0,29.0,6.0,0.0,0.0,166.0,125.0,125.0,127.0,126.0,26.510375327407704,149.95833333333334,-62.0,127.0,
Lahore,140,117.95274297171798,92.3496139070232,28.9950261161352,65.42276939561887,29.353981844306663,2.4073605237617226,39.61791276965185,76.74823540785599,995.8722541492956,8.408391853224671,2026-06-29 04:15:26.999717,4.0,29.0,6.0,0.0,0.0,104.0,103.0,150.0,145.0,124.33333333333331,24.969314501337355,149.75,36.0,151.0,
Lahore,154,124.26287015316107,98.51974376573,33.79531637366004,33.31590672466679,23.92717173086197,0.5658284264228151,37.28679672133496,66.33472062184569,997.5291384250316,10.34000710413904,2026-06-29 05:15:26.999717,5.0,29.0,6.0,0.0,0.0,140.0,166.0,108.0,146.0,132.0,25.99230655405596,150.08333333333334,14.0,143.0,
Lahore,158,131.53493131659866,93.81189766102015,12.22850203563154,64.15148219235681,15.213232822457206,4.45694746669277,27.1661224857972,44.560281019908274,996.1283041208628,2.431388408354121,2026-06-29 06:15:26.999717,6.0,29.0,6.0,0.0,0.0,154.0,104.0,125.0,177.0,137.5,27.65320957863687,149.29166666666666,4.0,148.0,
Lahore,146,122.32950212178656,85.77379511255076,58.528666631368026,31.35812551030126,3.5110333872011577,1.195574681636454,25.47014525105223,61.54487484571564,1006.2543078393128,4.27773798177399,2026-06-29 07:15:26.999717,7.0,29.0,6.0,0.0,0.0,158.0,140.0,103.0,152.0,144.66666666666666,21.89672730493469,149.04166666666666,-12.0,168.0,
Lahore,155,121.18026255970878,84.64415113752968,45.80315267097791,17.532506582422542,18.180917782922013,4.376636655542124,21.47405294878928,44.01071151559588,1003.8382240529032,11.757722086672262,2026-06-29 08:15:26.999717,8.0,29.0,6.0,0.0,0.0,146.0,154.0,166.0,149.0,142.83333333333334,20.14365077801624,149.29166666666666,9.0,152.0,
Lahore,166,128.7189137772902,109.77936767590896,26.15970326621681,7.504490364939304,23.004148770354448,1.982242948939684,25.055522281751145,78.48068520580642,991.9493605880452,11.798622777554533,2026-06-29 09:15:26.999717,9.0,29.0,6.0,0.0,0.0,155.0,158.0,104.0,168.0,153.16666666666666,9.13053485107319,149.20833333333334,11.0,170.0,
Lahore,168,134.79071531484826,103.14489039074232,25.934862864269867,33.9287534570765,6.530800337137613,2.156601154915122,17.998252456881254,53.21766477106424,1003.1631633293794,2.6787591635272547,2026-06-29 10:15:26.999717,10.0,29.0,6.0,0.0,0.0,166.0,146.0,140.0,182.0,157.83333333333334,8.15883978679913,148.625,2.0,178.0,
Lahore,195,160.30818062248972,114.5402154756526,32.42712746842297,72.76694777729614,17.478041882837235,0.6760951451773671,41.21984872584837,80.02183301964158,1009.7797441390824,0.7973500667115374,2026-06-29 11:15:26.999717,11.0,29.0,6.0,0.0,0.0,168.0,155.0,154.0,177.0,164.66666666666666,16.848343143070426,149.375,27.0,163.0,
Lahore,223,179.0953019932671,140.44028444493483,41.31224113815165,22.923994081675737,24.61211605310317,1.970954553943938,30.49577098690863,52.89655307896352,992.029864770508,3.2510593357206345,2026-06-29 12:15:26.999717,12.0,29.0,6.0,0.0,0.0,195.0,166.0,158.0,180.0,175.5,28.5429500927982,151.16666666666666,28.0,199.0,
Lahore,168,126.51501758904502,95.9361774162,17.318653329448388,20.4884873697338,23.279185551743176,4.497636572605689,18.450757755470747,79.44896431199348,1012.2434744057604,4.772783487644247,2026-06-29 13:15:26.999717,13.0,29.0,6.0,0.0,0.0,223.0,168.0,146.0,165.0,179.16666666666666,25.214413867203632,151.29166666666666,-55.0,176.0,
Lahore,150,115.9858777802458,92.03311017111336,19.44649068824761,77.73655889307803,24.28676851814744,0.6149633050472186,24.52576225017945,49.99906890991451,1004.4576662361932,5.292067211173965,2026-06-29 14:15:26.999717,14.0,29.0,6.0,0.0,0.0,168.0,195.0,155.0,165.0,178.33333333333334,26.234836890414083,150.66666666666666,-18.0,163.0,
Lahore,172,137.2301356820281,102.33685432854584,52.97172914167754,6.8753084637944095,26.500379321221875,2.328473628710264,29.77005687775771,56.40796227706019,1013.765611731758,7.425675687965084,2026-06-29 15:15:26.999717,15.0,29.0,6.0,0.0,0.0,150.0,223.0,166.0,146.0,179.33333333333334,25.78113005022531,151.75,22.0,185.0,
Lahore,220,175.62167197837084,135.19338569940152,22.812746194453627,63.93366127953158,28.192780962624635,0.6412983341573351,29.38791218930348,66.92930516055945,993.7035304430594,10.794033121578558,2026-06-29 16:15:26.999717,16.0,29.0,6.0,0.0,0.0,172.0,168.0,168.0,203.0,188.0,29.65805118344686,152.45833333333334,48.0,150.0,
Lahore,145,125.86271088394903,86.6821323040694,29.00974989875888,29.102746680565275,12.76011350090254,2.169155412990792,15.958590955403071,34.21725684179512,1014.8391249838328,3.964176142885949,2026-06-29 17:15:26.999717,17.0,29.0,6.0,0.0,0.0,220.0,150.0,195.0,137.0,179.66666666666666,34.00392134249564,152.79166666666666,-75.0,162.0,
Lahore,186,141.87006028800502,104.34536054444388,53.563592547505856,7.81159676522445,17.49430397316344,1.2768828835113104,40.67270792418601,86.89242370892786,1006.106821649242,10.1998144259905,2026-06-29 18:15:26.999717,18.0,29.0,6.0,0.0,0.0,145.0,172.0,223.0,140.0,173.5,27.25986060125713,154.70833333333334,41.0,153.0,
Lahore,179,145.72794620917938,107.77788186335016,43.157391469991126,73.83519051571878,23.92912625532272,1.6349827697076742,22.435143399823502,64.4163471674282,1004.1873549870264,1.1217470511195229,2026-06-29 19:15:26.999717,19.0,29.0,6.0,0.0,0.0,186.0,220.0,168.0,131.0,175.33333333333334,27.185780596970822,156.70833333333334,-7.0,167.0,
Lahore,126,108.24556554164144,80.8443207093768,27.085593967084417,15.47317476571877,21.217054604427712,4.449192679226385,15.43698606116106,60.46920088144814,1002.881990602802,0.5024963876785766,2026-06-29 20:15:26.999717,20.0,29.0,6.0,0.0,0.0,179.0,145.0,150.0,155.0,171.33333333333334,32.836971033678495,155.5,-53.0,147.0,
Lahore,142,124.957248727114,85.05391797073008,44.18497728623104,46.383446279427154,29.870086619666985,2.462221492798509,17.063988241657626,80.36363826719472,990.5913593274578,6.048542197481535,2026-06-29 21:15:26.999717,21.0,29.0,6.0,0.0,0.0,126.0,186.0,172.0,125.0,166.33333333333334,34.932315506800386,156.20833333333334,16.0,130.0,
Lahore,158,124.3780128840802,98.67557560794543,10.984160769070686,25.554065557216084,1.39665188203468,1.7320909613086048,30.66526238769538,81.94576379380965,1013.4909797887394,0.7159466799672587,2026-06-29 22:15:26.999717,22.0,29.0,6.0,0.0,0.0,142.0,179.0,220.0,150.0,156.0,23.021728866442523,156.54166666666666,16.0,141.0,
Lahore,114,93.657147263601,63.17235257162972,46.782133000568265,9.889460163851828,11.29886324415793,3.152022700777465,18.720209058227617,61.33562427174096,1006.0998618213548,4.709877614810762,2026-06-29 23:15:26.999717,23.0,29.0,6.0,0.0,0.0,158.0,126.0,145.0,108.0,150.83333333333334,28.750072463676783,156.79166666666666,-44.0,149.0,
Lahore,115,94.84880178599325,68.86869603365074,34.35080202581197,8.744186424753432,9.149809861835871,1.1394813192466209,16.126569407044588,85.63573954761824,992.2906621124824,10.761337402430811,2026-06-30 00:15:26.999717,0.0,30.0,6.0,1.0,0.0,114.0,142.0,186.0,125.0,139.0,25.84569596664045,156.375,1.0,131.0,
Lahore,108,87.37740865776647,61.67744772455711,50.65910736422306,13.666752412725408,8.607159654800505,1.6672622333938514,25.24991459314321,33.884265964588835,990.5238042573632,2.8977964344896803,2026-06-30 01:15:26.999717,1.0,30.0,6.0,1.0,0.0,115.0,158.0,179.0,103.0,127.16666666666669,19.29162167021468,156.58333333333334,-7.0,120.0,
Lahore,103,81.90577399380348,65.53490420052354,57.73188260032342,10.352526041703504,7.453363692467687,2.9581158542129984,31.81455219318509,36.79354753507305,991.2695909809188,8.471709301498837,2026-06-30 02:15:26.999717,2.0,30.0,6.0,1.0,0.0,108.0,114.0,126.0,166.0,123.33333333333331,21.70407027879106,153.95833333333334,-5.0,97.0,
Lahore,115,94.17987694750023,69.15745781130998,56.28942747472842,62.04185866399422,21.56459138364164,1.5688536883163098,18.019674730723533,65.8072938008664,1005.234894085806,3.6283847086808025,2026-06-30 03:15:26.999717,3.0,30.0,6.0,1.0,0.0,103.0,115.0,142.0,104.0,118.83333333333331,19.77287704575911,154.41666666666666,12.0,106.0,
Lahore,109,74.53876957390158,68.85036838168305,55.46325217276704,41.417465171257184,3.458024724984334,3.5560748183039297,23.45985146808552,51.24395170761503,1005.3503853723646,0.5390406629056272,2026-06-30 04:15:26.999717,4.0,30.0,6.0,1.0,0.0,115.0,108.0,158.0,140.0,110.66666666666669,4.844240566561307,153.125,-6.0,128.0,
Lahore,142,117.01034745031316,90.63855213078934,35.60849779669436,30.71690685117348,22.50665618435681,2.7117108601678512,26.27953813386264,57.853509971351926,1002.491682294536,6.680286976923712,2026-06-30 05:15:26.999717,5.0,30.0,6.0,1.0,0.0,109.0,103.0,114.0,154.0,115.33333333333331,13.837148068395887,152.625,33.0,129.0,
Lahore,134,107.83088951830985,83.85809287560693,28.007105706946906,36.37766825990054,21.10934941847193,3.973950816146109,19.30542264024272,49.68475307383,997.6691455163236,10.018241886441022,2026-06-30 06:15:26.999717,6.0,30.0,6.0,1.0,0.0,142.0,115.0,115.0,158.0,118.5,15.78290214124263,151.625,-8.0,146.0,
Lahore,154,122.08762551610867,93.7655921714682,33.25176623653364,74.67100516794675,8.273319842525996,4.767100410751109,28.663995258601176,54.28351868669614,1003.293568290366,4.913621380111433,2026-06-30 07:15:26.999717,7.0,30.0,6.0,1.0,0.0,134.0,109.0,108.0,146.0,126.16666666666669,20.213032099779035,151.95833333333334,20.0,151.0,
Lahore,126,111.0343109785978,70.60893870744297,44.49480016566804,73.30638595536104,8.332179711789676,1.021122002063335,17.300780346347814,79.35878082877797,1002.9075455219064,7.407525917497045,2026-06-30 08:15:26.999717,8.0,30.0,6.0,1.0,0.0,154.0,142.0,103.0,155.0,130.0,16.840427548017477,150.75,-28.0,168.0,
Lahore,172,134.22532990604722,103.1860694466655,54.199888843559336,58.67573600919327,19.23695697499056,2.005992544930452,16.255999401316853,65.60857199125829,990.485388996914,10.80028317189271,2026-06-30 09:15:26.999717,9.0,30.0,6.0,1.0,0.0,126.0,134.0,115.0,166.0,139.5,21.979535936866657,151.0,46.0,164.0,
Lahore,188,148.38462005467483,110.13454798992085,20.34931515000597,71.35117830662658,23.10296205902666,1.9379707829528297,29.03555491318864,89.8406729570099,997.0617307581874,9.476334152843853,2026-06-30 10:15:26.999717,10.0,30.0,6.0,1.0,0.0,172.0,154.0,109.0,168.0,152.66666666666666,23.653047724694208,151.83333333333334,16.0,181.0,
Lahore,136,118.75776651102368,79.87968021647886,55.90965792308515,28.97360206907186,26.4180827795336,1.180323137017644,21.693218264273643,77.21275186925777,991.3296335366788,2.326516792713832,2026-06-30 11:15:26.999717,11.0,30.0,6.0,1.0,0.0,188.0,126.0,142.0,195.0,151.66666666666666,24.311862673737345,149.375,-52.0,177.0,
Lahore,186,144.63969347575073,109.72732924624874,50.75901159849445,33.58319945062121,25.7120473517798,4.146364118000619,17.575092813246744,46.4199752461096,1012.5038687861912,8.800607512380068,2026-06-30 12:15:26.999717,12.0,30.0,6.0,1.0,0.0,136.0,172.0,134.0,223.0,160.33333333333334,25.96664527170677,147.83333333333334,50.0,139.0,
Lahore,204,160.44942358531733,117.50037212608876,58.94280075891173,51.028413639067104,28.98160683075174,3.919454168174555,26.44563986216607,45.86070706360177,1008.1305790696284,6.022716301921824,2026-06-30 13:15:26.999717,13.0,30.0,6.0,1.0,0.0,186.0,188.0,154.0,168.0,168.66666666666666,31.05264347308681,149.33333333333334,18.0,161.0,
Lahore,154,122.46487288284575,82.61330705433004,54.01258866408436,51.77194604729481,17.860161964758824,2.6799146187547955,39.70879996696966,50.15389620702042,1014.9028792548228,8.951601694633016,2026-06-30 14:15:26.999717,14.0,30.0,6.0,1.0,0.0,204.0,136.0,126.0,150.0,173.33333333333334,24.84082660997084,149.5,-50.0,175.0,
Lahore,207,169.80367241064778,120.85928475836116,23.996866484595333,41.12748785092557,27.35101127887043,2.919968500075743,34.553196059662184,80.59556883886457,997.554281582632,5.934186606266618,2026-06-30 15:15:26.999717,15.0,30.0,6.0,1.0,0.0,154.0,186.0,172.0,172.0,179.16666666666666,28.329607598175933,150.95833333333334,53.0,150.0,
Lahore,177,142.63901253676656,107.1668972596208,15.297795567202384,35.0493386328465,24.44688492455192,0.7679486210112332,37.02162971436975,31.63725903903393,1011.9621461939228,1.5354979692996342,2026-06-30 16:15:26.999717,16.0,30.0,6.0,1.0,0.0,207.0,204.0,188.0,220.0,177.33333333333334,27.99761894637881,149.16666666666666,-30.0,180.0,
Lahore,147,111.1368732642387,81.45911477286255,15.612053599579433,78.96352337065214,26.9453611051064,2.999783085471705,38.541677696483184,43.81087673227546,1005.076356698312,6.83891336027087,2026-06-30 17:15:26.999717,17.0,30.0,6.0,1.0,0.0,177.0,154.0,136.0,145.0,179.16666666666666,24.9432689651262,149.25,-30.0,192.0,
Lahore,152,118.93915718436406,91.27841118235813,24.561165928913805,66.58427195882933,1.3371714372756325,4.0610368580883645,41.26094901770331,84.29510522065601,1001.32813517259,5.905607908768079,2026-06-30 18:15:26.999717,18.0,30.0,6.0,1.0,0.0,147.0,207.0,186.0,186.0,173.5,26.868196813332453,147.83333333333334,5.0,178.0,
Lahore,157,122.56322783393895,103.70134212155484,40.70918619922696,37.62351484160339,29.01118676410852,3.0822240811273574,35.60765748488267,68.39378616499512,995.564327782216,6.215060803697302,2026-06-30 19:15:26.999717,19.0,30.0,6.0,1.0,0.0,152.0,177.0,204.0,179.0,165.66666666666666,22.730302828309288,146.91666666666666,5.0,141.0,
Lahore,139,110.81389477388475,88.51528277626119,50.21601630485863,59.54693579296764,14.73237472254787,1.6938786655418852,31.427013892365952,43.61082573006338,1008.4598041321536,10.546829443750443,2026-06-30 20:15:26.999717,20.0,30.0,6.0,1.0,0.0,157.0,147.0,154.0,126.0,163.16666666666666,24.983327774070624,147.45833333333334,-18.0,167.0,
Lahore,141,114.92921829314916,92.81770754560264,54.96251534907824,25.21712699393446,24.147306697670444,3.5039672255045176,24.866498768160675,43.14869809395482,1012.6035187226076,10.738044560475018,2026-06-30 21:15:26.999717,21.0,30.0,6.0,1.0,0.0,139.0,152.0,207.0,142.0,152.16666666666666,13.89124424472708,147.41666666666666,2.0,134.0,
Lahore,107,87.69102877943988,66.15563938466363,41.18766921846164,12.512699467799742,4.6889194607956455,2.1266979348436146,19.904367387058336,81.75708610556583,995.8827099518844,5.44244528118862,2026-06-30 22:15:26.999717,22.0,30.0,6.0,1.0,0.0,141.0,157.0,177.0,158.0,140.5,17.72850811546229,145.29166666666666,-34.0,118.0,
Lahore,125,91.11994122975798,80.83754911493223,10.281565637402686,31.432326916455548,12.482291778605248,2.951929779285809,33.53981659754895,83.62545049662279,994.3847583743404,5.46878449536106,2026-06-30 23:15:26.999717,23.0,30.0,6.0,1.0,0.0,107.0,139.0,147.0,114.0,136.83333333333334,18.378429385197308,145.75,18.0,109.0,
Lahore,91,78.11970493780427,50.980176347661065,19.31583882592668,35.222960009254564,8.872359227608737,2.6940441347551616,41.86364962529243,45.36786545772692,1007.4055478751216,6.1822435064713925,2026-07-01 00:15:26.999717,0.0,1.0,7.0,2.0,0.0,125.0,141.0,152.0,115.0,126.66666666666669,24.24596186309583,144.75,-34.0,114.0,
Lahore,118,95.66284422998312,67.57829866489007,14.986310192668398,6.240284342050311,9.458104344527174,2.2152875043433102,27.61868448471081,55.230621484591936,1014.424329068138,6.235071340011084,2026-07-01 01:15:26.999717,1.0,1.0,7.0,2.0,0.0,91.0,107.0,157.0,108.0,120.16666666666669,19.18766965180259,145.16666666666666,27.0,112.0,
Lahore,105,90.92266023796952,49.30429896931264,28.1662237784505,66.1094001226922,4.5744129785755705,3.734950911773608,34.53934293850581,80.07574431769902,1008.748877527602,11.404645730149351,2026-07-01 02:15:26.999717,2.0,1.0,7.0,2.0,0.0,118.0,125.0,139.0,103.0,114.5,17.455658108477234,145.25,-13.0,126.0,
Lahore,113,92.62099163645335,73.7307273702115,35.0675496816873,31.93950517918861,24.367151143747204,4.477442503936468,28.367496149815217,76.26044631659312,997.1145184761912,7.792805608529921,2026-07-01 03:15:26.999717,3.0,1.0,7.0,2.0,0.0,105.0,91.0,141.0,115.0,109.83333333333331,11.771434350440057,145.16666666666666,8.0,131.0,
Lahore,159,132.70661478867882,103.10161989909942,12.169858928928043,48.53136243351103,1.2680271228512665,0.5234563331461622,26.66220243081387,78.83496639396506,1000.4988856036946,3.3294839386553274,2026-07-01 04:15:26.999717,4.0,1.0,7.0,2.0,0.0,113.0,118.0,107.0,109.0,118.5,23.028243528329327,147.25,46.0,134.0,
Lahore,163,132.73272655725063,95.03411377326364,27.423898789782765,10.547239045321698,10.062658252570872,4.7012743365366525,26.078251566117707,61.10389144727813,999.6079408864592,6.378441563447879,2026-07-01 05:15:26.999717,5.0,1.0,7.0,2.0,0.0,159.0,105.0,125.0,142.0,124.83333333333331,29.49180677182562,148.125,4.0,150.0,
Lahore,162,136.33112878101377,95.93024146801385,18.95898373126613,18.1247621562938,6.057905753276036,2.8018181123745123,28.624866439155834,84.69294289831039,1011.302375451176,7.526682994895794,2026-07-01 06:15:26.999717,6.0,1.0,7.0,2.0,0.0,163.0,113.0,91.0,134.0,136.66666666666666,27.36908231319937,149.29166666666666,-1.0,173.0,
Lahore,128,105.0112531800889,73.03068943154518,42.353508312943696,71.727029399567,18.08212927764188,3.653293461634693,24.906182870365125,49.55709263726612,1009.2842694718056,7.677260652167574,2026-07-01 07:15:26.999717,7.0,1.0,7.0,2.0,0.0,162.0,159.0,118.0,154.0,138.33333333333334,26.288146885367947,148.20833333333334,-34.0,168.0,
Lahore,151,120.3104237677855,92.51326775738744,33.213618466217,50.65156459121006,8.373319675821772,4.350310547791447,35.216879689188815,39.40032806085108,1004.724385869038,7.023050714858192,2026-07-01 08:15:26.999717,8.0,1.0,7.0,2.0,0.0,128.0,163.0,105.0,126.0,146.0,20.746083967823967,149.25,23.0,128.0,
Lahore,189,162.56217360223442,119.0246627265162,34.765882346695435,76.27130376278642,8.510955181314891,2.6019666154142147,38.60534471797095,72.5239399538919,996.8739777599226,2.1328338554584483,2026-07-01 09:15:26.999717,9.0,1.0,7.0,2.0,0.0,151.0,162.0,113.0,172.0,158.66666666666666,19.745041571661734,149.95833333333334,38.0,114.0,
Lahore,174,143.64518561139948,95.6861401305948,31.38458940167305,79.90625257934877,15.161806175864244,4.257383330142006,38.837903279419976,62.36126496041378,1013.4497131930514,0.4031182689540897,2026-07-01 10:15:26.999717,10.0,1.0,7.0,2.0,0.0,189.0,128.0,159.0,188.0,161.16666666666666,20.72116470342935,149.375,-15.0,190.0,
Lahore,223,181.26872210502208,135.84719265321124,57.80098552432835,32.88950864998208,19.927982140886847,1.29928918754841,21.14786526249729,81.27514612856886,1006.3328806192288,4.054116628402253,2026-07-01 11:15:26.999717,11.0,1.0,7.0,2.0,0.0,174.0,151.0,163.0,136.0,171.16666666666666,32.76227505327783,153.0,49.0,149.0,
Lahore,187,143.21847791730832,110.81664114140428,20.73675625607816,27.4102298062456,4.517836432389745,1.216253905159165,39.18954674575025,34.8695549474829,1014.2619161610446,5.130265854723042,2026-07-01 12:15:26.999717,12.0,1.0,7.0,2.0,0.0,223.0,189.0,162.0,186.0,175.33333333333334,32.95249105404058,153.04166666666666,-36.0,174.0,
Lahore,183,139.9584619126823,110.36697195983344,35.833212992193715,69.37670413693226,6.089832121499389,3.458621159852691,24.22188326008784,80.62154420628401,1004.5029258260508,0.7416508749130393,2026-07-01 13:15:26.999717,13.0,1.0,7.0,2.0,0.0,187.0,174.0,128.0,204.0,184.5,23.424346308914235,152.16666666666666,-4.0,156.0,
Lahore,172,139.06357741070926,105.49497000837144,46.8008684182668,79.89585702780907,8.16806759324101,4.415643524982817,23.35130696810304,47.59767919252933,1010.5298189590904,9.779608056238152,2026-07-01 14:15:26.999717,14.0,1.0,7.0,2.0,0.0,183.0,223.0,151.0,154.0,188.0,18.46076921474126,152.91666666666666,-11.0,142.0,
Lahore,177,142.3276059888412,105.25898780613588,37.84222065672813,52.2230925674343,29.238698209420857,4.515917798912177,34.622413549752366,69.29134003009098,1010.3276344848632,4.128929250123285,2026-07-01 15:15:26.999717,15.0,1.0,7.0,2.0,0.0,172.0,187.0,189.0,207.0,186.0,18.97366596100873,151.66666666666666,5.0,185.0,
Lahore,165,128.9293871749584,98.4820657329711,56.451044285840055,64.63555418836418,12.51742249834469,3.3968320626976096,23.22680118232981,32.407727344695346,998.4332194208398,10.963592954142056,2026-07-01 16:15:26.999717,16.0,1.0,7.0,2.0,0.0,177.0,183.0,174.0,177.0,184.5,20.413231003443425,151.16666666666666,-12.0,184.0,
Lahore,176,141.50491349806032,104.5306241622268,28.898417782064207,63.63093941114558,18.370712628299767,2.864701535941929,16.43009295146217,66.57487777821603,1014.1005180739307,1.852921294107182,2026-07-01 17:15:26.999717,17.0,1.0,7.0,2.0,0.0,165.0,172.0,223.0,147.0,176.66666666666666,7.814516406446549,152.375,11.0,150.0,
Lahore,173,146.34313464021798,108.6515810089414,33.1837902886589,31.650478116466022,8.004741568763357,1.9912688946343229,25.087679852378315,73.03630135124016,990.548536689939,0.6832194832477612,2026-07-01 18:15:26.999717,18.0,1.0,7.0,2.0,0.0,176.0,177.0,187.0,152.0,174.33333333333334,5.988878581723437,153.25,-3.0,102.0,
Lahore,130,107.47701237275147,80.09379980063748,14.42611576073642,48.07027851928154,15.22332622956715,4.910001870196991,34.47957120967542,52.125012870337216,1009.2177727191854,5.787793252635861,2026-07-01 19:15:26.999717,19.0,1.0,7.0,2.0,0.0,173.0,165.0,183.0,157.0,165.5,17.896927110539735,152.125,-43.0,134.0,
Lahore,111,83.09495745123633,67.7029176886868,40.44995555259642,67.47927059481603,3.149456057192784,1.938630589998127,23.827877347294766,42.92464231572841,1014.1389271441012,2.26955204190848,2026-07-01 20:15:26.999717,20.0,1.0,7.0,2.0,0.0,130.0,176.0,172.0,139.0,155.33333333333334,27.96187881145783,150.95833333333334,-19.0,145.0,
Lahore,94,74.64245586428528,50.045241394538586,24.4105984224053,56.60854071957916,2.007522231747481,3.8488374825421694,31.99809451186896,62.2578405962127,998.4727050820932,11.248791306934336,2026-07-01 21:15:26.999717,21.0,1.0,7.0,2.0,0.0,111.0,173.0,177.0,141.0,141.5,34.79511459961022,149.0,-17.0,101.0,
Lahore,135,103.9751675957372,79.10710128393423,18.015451975778443,6.587286048652869,14.593272277822344,2.893918099572504,32.823224995104525,79.99144826613879,1006.2027646947744,0.1236407814448674,2026-07-01 22:15:26.999717,22.0,1.0,7.0,2.0,0.0,94.0,130.0,165.0,107.0,136.5,32.84356862461837,150.16666666666666,41.0,129.0,
Lahore,99,77.2615004179572,63.89334580169587,37.22656464522541,30.252925167315013,12.56111933803395,3.23830554136406,34.810872316611615,49.41284149779905,1004.0555812461052,4.95143610070842,2026-07-01 23:15:26.999717,23.0,1.0,7.0,2.0,0.0,135.0,111.0,176.0,125.0,123.66666666666669,29.15933241119732,149.08333333333334,-36.0,121.0,
Lahore,77,59.53192167185179,46.38848286561961,36.615513168995534,15.835677244595402,4.969529271063003,2.270662477648818,39.222522590395286,45.14815785127677,1009.037682741913,11.12097325614202,2026-07-02 00:15:26.999717,0.0,2.0,7.0,3.0,0.0,99.0,94.0,173.0,91.0,107.66666666666669,22.1780672437146,148.5,-22.0,131.0,
Lahore,128,100.01177208697996,80.09765734794568,13.793582061202375,22.472915905852933,20.94044143870128,4.841704064625115,26.679241480247647,46.736118518261264,1011.6544480411264,4.61301848075722,2026-07-02 01:15:26.999717,1.0,2.0,7.0,3.0,0.0,77.0,135.0,130.0,118.0,107.33333333333331,21.786846184492305,148.91666666666666,51.0,123.0,
Lahore,173,132.12432314013304,112.63255900163816,44.91077267472364,72.91171081184943,29.79420123607867,3.07257046744672,19.49366606988634,86.94792917499987,1005.0761142324887,1.117311367205529,2026-07-02 02:15:26.999717,2.0,2.0,7.0,3.0,0.0,128.0,99.0,111.0,105.0,117.66666666666669,34.73134991137994,151.75,45.0,103.0,
Lahore,127,100.96172659240906,81.39303034604409,41.18860953254264,7.766996668307611,12.473757814704662,4.720044337064555,23.610994316661014,51.55661494587358,1010.3976146595364,3.634739314341445,2026-07-02 03:15:26.999717,3.0,2.0,7.0,3.0,0.0,173.0,77.0,94.0,113.0,123.16666666666669,32.792783759033064,152.33333333333334,-46.0,152.0,
Lahore,151,117.99696181576346,91.0657916884987,19.45086413732486,21.48505339714428,19.11220044160444,0.5341613727826136,26.66851588969762,30.21625439329723,997.8071393972314,5.976124726013202,2026-07-02 04:15:26.999717,4.0,2.0,7.0,3.0,0.0,127.0,128.0,135.0,159.0,125.83333333333331,34.550928593406844,152.0,24.0,131.0,
Lahore,143,99.75275654998866,83.24505414902136,33.4717431077022,28.21770141786736,28.926302328570085,3.077017624360044,34.27506967185906,76.90087247757718,995.7146764676204,2.221820248119997,2026-07-02 05:15:26.999717,5.0,2.0,7.0,3.0,0.0,151.0,173.0,99.0,163.0,133.16666666666666,32.31356784180119,151.16666666666666,-8.0,141.0,
Lahore,148,128.66486012250832,76.0322520197205,46.016145823928,51.26630539747961,25.11451420095938,3.727341003763721,15.354297390164104,71.95648772012342,1000.766692238321,5.598740461719142,2026-07-02 06:15:26.999717,6.0,2.0,7.0,3.0,0.0,143.0,127.0,77.0,162.0,145.0,17.005881335585133,150.58333333333334,5.0,131.0,
Lahore,168,139.84384827108337,99.95807538763572,36.47178702706383,45.05762675643992,14.443014475777886,3.852860770229981,23.52620535287673,37.714095876178135,1006.9434149895196,10.03611834943005,2026-07-02 07:15:26.999717,7.0,2.0,7.0,3.0,0.0,148.0,151.0,128.0,128.0,151.66666666666666,16.848343143070746,152.25,20.0,141.0,
Lahore,152,119.71849637537504,89.56993752091576,29.77445380917851,21.37021121400396,22.387195049337663,4.572395968017566,36.05574968752156,89.09425494809474,994.681173723468,10.471415642359355,2026-07-02 08:15:26.999717,8.0,2.0,7.0,3.0,0.0,168.0,143.0,173.0,151.0,148.16666666666666,13.347908700117202,152.29166666666666,-16.0,140.0,
Lahore,170,136.09409524870298,103.95183097197688,26.116922904047183,17.318080041736586,4.715916167265197,0.5198072405170382,33.11315798992878,66.48373711830666,1007.0088048037971,0.5911288165287854,2026-07-02 09:15:26.999717,9.0,2.0,7.0,3.0,0.0,152.0,148.0,127.0,189.0,155.33333333333334,11.05742586078032,151.5,18.0,162.0,
Lahore,178,136.5417282634122,106.03047386512657,40.51969333220268,22.75985259470891,15.851011808450178,0.501485716667644,34.756979286811344,60.04676945643609,999.8523412143016,1.930840296630882,2026-07-02 10:15:26.999717,10.0,2.0,7.0,3.0,0.0,170.0,168.0,151.0,174.0,159.83333333333334,14.034481346549526,151.66666666666666,8.0,206.0,
Lahore,163,138.87861438905432,96.19807470281604,56.95543491551203,42.689722002624165,9.09274803821816,2.625185573578469,36.918890774858255,52.933156057373466,1009.8893818473158,3.30348162920165,2026-07-02 11:15:26.999717,11.0,2.0,7.0,3.0,0.0,178.0,152.0,143.0,223.0,163.16666666666666,11.356349178615526,149.16666666666666,-15.0,149.0,
Lahore,199,168.68644347386558,110.50300534746388,43.58724202387417,25.33833392834026,5.673746948988672,0.6318216725241679,36.14736440970498,83.92036533381827,990.9208954275824,7.138390210651222,2026-07-02 12:15:26.999717,12.0,2.0,7.0,3.0,0.0,163.0,170.0,148.0,187.0,171.66666666666666,15.908069231262113,149.66666666666666,36.0,147.0,
Lahore,176,141.58346864123263,100.90016085424966,13.737295181815774,76.07018762057916,13.362146281381513,4.8853964914806856,33.41894548612501,44.6378088851138,1006.6995659457348,4.331937105509605,2026-07-02 13:15:26.999717,13.0,2.0,7.0,3.0,0.0,199.0,178.0,168.0,183.0,173.0,15.87450786638627,149.375,-23.0,209.0,
Lahore,163,135.51765322092672,100.1832552040028,33.03424867410669,39.78989160716357,4.7994220785748185,1.4992932854362635,26.870861374005948,47.146134013194114,1006.2455584162492,10.128490961352906,2026-07-02 14:15:26.999717,14.0,2.0,7.0,3.0,0.0,176.0,163.0,152.0,172.0,174.83333333333334,13.40770922516682,149.0,-13.0,174.0,
Lahore,185,148.87643389466962,119.57953815566349,54.541206575531376,9.40970124084778,21.27056813706008,2.6269912821418013,41.55715487971016,37.344648401194014,1013.5233869031327,8.60006241939525,2026-07-02 15:15:26.999717,15.0,2.0,7.0,3.0,0.0,163.0,199.0,170.0,177.0,177.33333333333334,13.72103008766541,149.33333333333334,22.0,161.0,
Lahore,150,113.31637280562036,89.51237308127189,14.723121290054344,59.6949804377475,14.23096127754673,0.7751193350550063,30.36497628093199,75.54714573505561,1007.8341888391018,1.2054722773620985,2026-07-02 16:15:26.999717,16.0,2.0,7.0,3.0,0.0,185.0,176.0,178.0,165.0,172.66666666666666,17.648418248291453,148.70833333333334,-35.0,189.0,
Lahore,162,127.5408831551817,98.8390553678706,59.44378560687717,29.66339661567422,16.40319434437525,2.849217872770663,20.47476865295866,65.73295682435119,1009.907547410582,7.494690030145094,2026-07-02 17:15:26.999717,17.0,2.0,7.0,3.0,0.0,150.0,163.0,163.0,176.0,172.5,17.76231966833049,148.125,12.0,149.0,
Lahore,153,123.0596398338598,96.56239078476402,57.45346968227106,54.01166990436857,5.244902221376553,2.209802563163338,22.905947087829176,66.5439701552699,1012.6147753963292,1.356151504163741,2026-07-02 18:15:26.999717,18.0,2.0,7.0,3.0,0.0,162.0,185.0,199.0,173.0,164.83333333333334,13.437509689917938,147.29166666666666,-9.0,190.0,
Lahore,167,131.3272614062828,96.14553031899877,13.913724036493791,25.9695777892424,5.05337817171134,0.7009701299475068,33.72618631120269,43.10822586116782,1006.8762979572996,3.060428035637521,2026-07-02 19:15:26.999717,19.0,2.0,7.0,3.0,0.0,153.0,150.0,176.0,130.0,163.33333333333334,12.40430032958896,148.83333333333334,14.0,159.0,
Lahore,147,116.50673361282485,90.03407021642721,56.67066602247775,47.80578062999899,17.919047622543598,2.008059200133012,39.96796826038552,69.07010334762504,997.2538408739994,2.1344476024107366,2026-07-02 20:15:26.999717,20.0,2.0,7.0,3.0,0.0,167.0,162.0,163.0,111.0,160.66666666666666,14.094916341243213,150.33333333333334,-20.0,128.0,
Lahore,130,103.54300221245444,74.29754946833921,28.15662951297311,62.91143786055985,29.56528268705394,2.2614620910028504,19.82544348855924,75.92750683481184,1011.744344989588,2.07674339040846,2026-07-02 21:15:26.999717,21.0,2.0,7.0,3.0,0.0,147.0,153.0,185.0,94.0,151.5,12.942179105544495,151.83333333333334,-17.0,174.0,
Lahore,141,112.3956075106727,88.92412219245504,52.23545835379313,74.60065563309155,3.791266913894043,4.95464671073723,17.22335538513623,51.47331184354135,1008.6894529868994,7.396746297322311,2026-07-02 22:15:26.999717,22.0,2.0,7.0,3.0,0.0,130.0,167.0,150.0,135.0,150.0,13.65283853270062,152.08333333333334,11.0,113.0,
Lahore,149,119.4612924524874,90.15701523975864,30.91916688566357,24.58453583248078,9.286211428407658,1.4354864236371896,38.801338297134166,78.08082863770274,1000.6109401000224,6.763259070649938,2026-07-02 23:15:26.999717,23.0,2.0,7.0,3.0,0.0,141.0,147.0,162.0,99.0,147.83333333333334,12.335585379975484,154.16666666666666,8.0,136.0,
Lahore,131,99.496974668017,80.09225906990719,32.04275563512579,30.114271324923585,26.21431437959874,2.9515082691654486,39.71250543064653,50.92743531192126,1007.7632293162492,2.1123378334527225,2026-07-03 00:15:26.999717,0.0,3.0,7.0,4.0,0.0,149.0,130.0,153.0,77.0,144.16666666666666,13.68819442682894,156.41666666666666,-18.0,126.0,
Lahore,120,92.41491925436031,68.08700701290705,41.71215454887713,39.81998152144548,3.095888355401871,4.942919971393829,22.462242323529285,75.48830769055726,1011.6922219295284,11.88207366502118,2026-07-03 01:15:26.999717,1.0,3.0,7.0,4.0,0.0,131.0,141.0,167.0,128.0,136.33333333333334,11.236844159579844,156.08333333333334,-11.0,146.0,
Lahore,97,71.17707867150017,61.73516179805392,48.723870963799165,74.53811283019917,26.40068591964159,4.064086435730609,25.186714558023475,32.02380644746314,1014.3913032847818,5.062040788419525,2026-07-03 02:15:26.999717,2.0,3.0,7.0,4.0,0.0,120.0,149.0,147.0,173.0,128.0,18.154889148657205,152.91666666666666,-23.0,154.0,
Lahore,106,89.68907774843102,74.02356460615508,11.689457547412433,72.60401426079929,16.204293517867782,4.9701537539694005,32.825075932442175,63.06987608841916,1013.8087875989764,1.1648319378592396,2026-07-03 03:15:26.999717,3.0,3.0,7.0,4.0,0.0,97.0,131.0,130.0,127.0,124.0,20.159365069367585,152.04166666666666,9.0,128.0,
Lahore,128,91.87176529079838,71.76044152285897,39.65779977635671,11.740871007547852,12.83973644386635,4.857342415970762,23.90811056274682,88.1715936383932,998.1331956691037,1.4468282034613815,2026-07-03 04:15:26.999717,4.0,3.0,7.0,4.0,0.0,106.0,120.0,141.0,151.0,121.83333333333331,18.605554726121664,151.08333333333334,22.0,119.0,
Lahore,129,108.96795171658464,75.70120496176237,19.33664970486855,14.894736931535814,9.98073636619222,2.7029279394236942,38.68328512329143,88.87467604094344,1000.5423428429546,7.0067245647191365,2026-07-03 05:15:26.999717,5.0,3.0,7.0,4.0,0.0,128.0,97.0,149.0,143.0,118.5,13.982131454111252,150.5,1.0,151.0,
Lahore,146,123.73174698631422,88.75803737084046,27.297475893160147,42.163188299797866,9.616397585707414,3.633691324417546,17.904624973274295,46.90515470050444,992.7384151244344,11.748832840601674,2026-07-03 06:15:26.999717,6.0,3.0,7.0,4.0,0.0,129.0,106.0,131.0,148.0,121.0,17.549928774785467,150.41666666666666,17.0,136.0,
Lahore,151,119.2890970650869,94.53203105997908,27.398433307760826,12.99644546040676,9.868274891034885,0.99699407123518,16.02551996592527,56.48394546482133,996.1886071754512,6.863413219430374,2026-07-03 07:15:26.999717,7.0,3.0,7.0,4.0,0.0,146.0,128.0,120.0,168.0,126.16666666666669,21.34869238774827,149.70833333333334,5.0,190.0,
Lahore,168,121.38431456086352,98.00226857355266,33.45301701105768,30.91856550115231,26.65928934784568,2.4851697127106083,20.62912758205532,33.77867447919798,1012.0605302121736,11.388497719399648,2026-07-03 08:15:26.999717,8.0,3.0,7.0,4.0,0.0,151.0,129.0,97.0,152.0,138.0,21.624060673241136,150.375,17.0,160.0,
Lahore,164,129.39344719016356,84.23484854928628,26.70682059380867,16.128903366310823,21.99006167506878,4.140583440200139,22.72437001153416,82.40047845627598,999.021248156984,5.329594209096321,2026-07-03 09:15:26.999717,9.0,3.0,7.0,4.0,0.0,168.0,146.0,106.0,170.0,147.66666666666666,16.907591983090438,150.125,-4.0,158.0,
Lahore,181,144.47907919355592,115.39594747082012,15.368055922533388,52.70302663489144,20.42196722710337,2.774008944397145,18.049017964799628,64.11432918841285,1005.513816464872,5.230093243824144,2026-07-03 10:15:26.999717,10.0,3.0,7.0,4.0,0.0,164.0,151.0,128.0,178.0,156.5,18.36028322221589,150.25,17.0,175.0,
Lahore,177,136.54700890035542,110.00253059792072,17.281436926272573,76.21215738043713,24.163725319608023,3.662145647677544,16.77364159219746,53.10604073643103,1006.6491404576758,6.000088311790587,2026-07-03 11:15:26.999717,11.0,3.0,7.0,4.0,0.0,181.0,168.0,129.0,163.0,164.5,13.896042602121254,150.83333333333334,-4.0,149.0,
Lahore,139,108.6239080309588,74.68526234756666,11.671899278054884,79.75503277207861,8.456325227120205,3.855880984929246,35.40140826454855,36.76623350934919,1009.5457318785828,8.369105497866663,2026-07-03 12:15:26.999717,12.0,3.0,7.0,4.0,0.0,177.0,164.0,146.0,199.0,163.33333333333334,15.908069231262395,148.33333333333334,-38.0,159.0,
Lahore,161,136.45097599431676,93.5621560411022,33.512454266437715,33.14308493726861,18.92324155037092,1.6406111355930224,19.43546727936095,86.80603712981335,994.5700007561408,4.411391597415992,2026-07-03 13:15:26.999717,13.0,3.0,7.0,4.0,0.0,139.0,181.0,151.0,176.0,165.0,14.845874847915429,147.70833333333334,22.0,203.0,
Lahore,175,143.3246358115087,112.84091214763664,57.72238474264943,49.92594778359592,14.341920929780578,4.440647178241544,39.675899374790205,61.81314286925962,997.6203283653608,10.366632392147483,2026-07-03 14:15:26.999717,14.0,3.0,7.0,4.0,0.0,161.0,177.0,168.0,163.0,166.16666666666666,15.393721663932755,148.20833333333334,14.0,165.0,
Lahore,150,115.3771794281095,97.23898209228932,15.783761182405827,69.22007401430609,23.69080742080561,2.569200939091305,24.935990859098595,46.97567574497423,1001.2084085364544,0.3513766172177548,2026-07-03 15:15:26.999717,15.0,3.0,7.0,4.0,0.0,175.0,139.0,164.0,185.0,163.83333333333334,16.7859067871425,146.75,-25.0,153.0,
Lahore,180,136.01200415202285,112.69320011339472,57.3132246501541,13.809655459728798,9.96842720372528,1.445832966296947,33.106356862476325,51.01290780789057,999.1210265309568,5.277170340341308,2026-07-03 16:15:26.999717,16.0,3.0,7.0,4.0,0.0,150.0,161.0,181.0,150.0,163.66666666666666,16.58513390559862,148.0,30.0,179.0,
Lahore,192,151.96491341195116,114.31943783020068,46.66807573660468,56.717330828897374,19.65217988922697,4.394371468047996,21.085857098757607,46.24183085532886,1014.5726308214922,6.131902199759015,2026-07-03 17:15:26.999717,17.0,3.0,7.0,4.0,0.0,180.0,175.0,177.0,162.0,166.16666666666666,19.81329519960354,149.25,12.0,185.0,
Lahore,178,141.3327161032478,107.21493709406256,41.87494014670816,35.66327462938012,26.58415994270209,2.3801846274781413,21.488714749280405,66.10858853141883,1010.8735200803428,7.284386859157154,2026-07-03 18:15:26.999717,18.0,3.0,7.0,4.0,0.0,192.0,150.0,139.0,153.0,172.66666666666666,14.908610487453943,150.29166666666666,-14.0,168.0,
Lahore,141,115.2809959368166,83.94537097436937,42.263887766178144,20.460962021012307,12.662363809652932,3.8764059727087385,30.51714847742453,85.7978145468306,1001.992168865512,3.312862948390359,2026-07-03 19:15:26.999717,19.0,3.0,7.0,4.0,0.0,178.0,180.0,161.0,167.0,169.33333333333334,19.551641022344583,149.20833333333334,-37.0,165.0,
Lahore,167,130.9234164371617,105.84119891634418,51.33638241981411,35.206521406058144,2.932040533656382,2.966148824997168,30.137358978941627,81.40162819959386,1011.9817156521616,5.129759651830025,2026-07-03 20:15:26.999717,20.0,3.0,7.0,4.0,0.0,141.0,192.0,175.0,147.0,168.0,19.35975206452715,150.04166666666666,26.0,122.0,
Lahore,134,109.75749787680932,76.02078796752444,15.345993218991069,10.697021522368765,15.96547384791199,2.218422885055252,35.7556891563262,57.62285252555865,998.6913236895824,5.81445300256868,2026-07-03 21:15:26.999717,21.0,3.0,7.0,4.0,0.0,167.0,178.0,150.0,130.0,165.33333333333334,23.07957249748432,150.20833333333334,-33.0,102.0,
Lahore,118,104.07577020030116,66.77100172557897,35.23771617827708,57.15553614419793,11.033202146403752,4.144443867673562,35.46095925374518,79.58996173806048,1009.6457080972566,8.24291974419856,2026-07-03 22:15:26.999717,22.0,3.0,7.0,4.0,0.0,134.0,141.0,180.0,141.0,155.0,28.453470790045728,149.25,-16.0,155.0,
Lahore,109,91.27750511222132,70.45137293418007,44.854556913037925,23.955700156133982,20.49453603586808,3.130114692400759,33.10856964591885,55.3863288765798,995.5918899526612,9.282530216829768,2026-07-03 23:15:26.999717,23.0,3.0,7.0,4.0,0.0,118.0,167.0,192.0,149.0,141.16666666666666,27.00678926986093,147.58333333333334,-9.0,115.0,
Lahore,114,90.95955746334614,68.17819272244218,39.34102225367818,28.35542337836585,28.579954817709577,2.257529460921643,27.12652527912426,45.13842844551828,1009.3080511306592,8.853927928125447,2026-07-04 00:15:26.999717,0.0,4.0,7.0,5.0,1.0,109.0,134.0,178.0,131.0,130.5,21.65871649013456,146.875,5.0,115.0,
Lahore,112,88.68424764473353,74.09233677726904,51.63895355116473,14.081097368109706,15.082641221908563,0.9931904165080716,39.04729042957666,89.00490691598567,1001.4113350798932,4.098996627475024,2026-07-04 01:15:26.999717,1.0,4.0,7.0,5.0,1.0,114.0,118.0,141.0,120.0,125.66666666666669,22.07864730156042,146.54166666666666,-2.0,147.0,
Lahore,126,99.01663432910064,72.24243896509726,13.613585450567577,69.84943354174187,14.51951667451048,4.529503911950186,31.809619235975067,48.23325407824931,992.687483024806,11.993406275903563,2026-07-04 02:15:26.999717,2.0,4.0,7.0,5.0,1.0,112.0,109.0,167.0,97.0,118.83333333333331,9.474527252940517,147.75,14.0,134.0,
Lahore,131,110.70320456226074,78.32610819830587,44.5350519749583,42.008320946205394,19.982959205552348,0.6596131340374995,41.73535924248364,49.4234538592145,996.8315613638896,10.183983741446152,2026-07-04 03:15:26.999717,3.0,4.0,7.0,5.0,1.0,126.0,114.0,134.0,106.0,118.33333333333331,8.547904226575856,148.79166666666666,5.0,137.0,
Lahore,134,104.0634327702435,75.78793507578023,36.70138651923588,47.91101583398002,4.001427604213463,4.384343067656253,37.12298508422768,89.38157206719134,1000.0568656005892,3.120280477739627,2026-07-04 04:15:26.999717,4.0,4.0,7.0,5.0,1.0,131.0,112.0,118.0,128.0,121.0,10.658330075581365,149.04166666666666,3.0,177.0,
Lahore,150,120.22611354499992,90.03681340711783,28.95804319899717,47.707451232114096,8.351679478825424,2.1198268619742,16.19636490343481,38.0356495899393,1008.732322791611,2.3412696680739304,2026-07-04 05:15:26.999717,5.0,4.0,7.0,5.0,1.0,134.0,126.0,109.0,129.0,127.83333333333331,14.034481346551342,149.91666666666666,16.0,129.0,
Lahore,173,138.65598950940543,96.407265315006,27.013749111701543,35.78698359060063,27.65040043951156,3.377024435756326,23.65603549116858,75.63203928058171,991.8245678682738,3.7682550070006857,2026-07-04 06:15:26.999717,6.0,4.0,7.0,5.0,1.0,150.0,131.0,114.0,146.0,137.66666666666666,21.228911104121227,151.04166666666666,23.0,168.0,
Lahore,168,131.89107903594234,98.36183289522518,41.041631638709646,19.43974365786046,20.428335787549223,4.649898757260583,30.440644344715697,86.14876550896359,1006.488674877316,5.428138235995739,2026-07-04 07:15:26.999717,7.0,4.0,7.0,5.0,1.0,173.0,134.0,112.0,151.0,147.0,19.95995991979943,151.75,-5.0,151.0,
Lahore,128,95.5376722605795,69.61873067535942,54.54976873221324,60.88495613738,1.3898772755190714,1.1826797697675429,34.47967752253015,60.70769965652512,1007.9003410233212,10.209592539835366,2026-07-04 08:15:26.999717,8.0,4.0,7.0,5.0,1.0,168.0,150.0,126.0,168.0,147.33333333333334,19.55164102234556,150.08333333333334,-40.0,163.0,
Lahore,114,92.81487251808836,71.86961616595629,34.808796305055765,14.529219901825575,6.934138704211576,3.051277140374646,29.85908543957241,30.151305702169203,1006.3480342481438,9.340347165534414,2026-07-04 09:15:26.999717,9.0,4.0,7.0,5.0,1.0,128.0,173.0,131.0,164.0,144.5,23.270152556440262,148.0,-14.0,196.0,
Lahore,190,151.6949801407231,117.58294669879824,51.23615820384601,12.790534270910786,20.80228071483808,3.939947880665864,36.2255214064789,52.50353664678637,1009.0167409541888,10.214953482070513,2026-07-04 10:15:26.999717,10.0,4.0,7.0,5.0,1.0,114.0,168.0,134.0,181.0,153.83333333333334,28.791781234697087,148.375,76.0,182.0,
Lahore,149,121.70120234718286,80.74868634757827,30.107819092198376,58.26087781973775,23.16757687431465,3.9091272472357583,22.631702624448305,36.694139543089626,994.454215400571,3.2634853789239417,2026-07-04 11:15:26.999717,11.0,4.0,7.0,5.0,1.0,190.0,128.0,150.0,177.0,153.66666666666666,28.82128842828952,147.20833333333334,-41.0,187.0,
Lahore,174,136.5319984678042,111.06942872750284,15.119723139658827,20.662776533898786,25.355927607547216,2.865343615697768,19.96562538328628,54.97125965602174,1004.677583876576,7.121534669422035,2026-07-04 12:15:26.999717,12.0,4.0,7.0,5.0,1.0,149.0,114.0,173.0,139.0,153.83333333333334,28.958015585786523,148.66666666666666,25.0,200.0,
Lahore,156,130.90410649406525,106.08707563209929,13.075286822931927,28.007956351462425,9.473127298079302,3.311327569579061,16.455750462323792,77.40160569853708,1013.528623680097,3.398988747328493,2026-07-04 13:15:26.999717,13.0,4.0,7.0,5.0,1.0,174.0,190.0,168.0,161.0,151.83333333333334,28.18805893754762,148.45833333333334,-18.0,172.0,
Lahore,142,109.2161310939408,85.4300319336817,12.566718566183878,40.64206002513052,27.99982929204932,3.908871473597801,30.47947110343109,56.32269293302803,1005.2696067451136,1.3082779286339177,2026-07-04 14:15:26.999717,14.0,4.0,7.0,5.0,1.0,156.0,149.0,128.0,175.0,154.16666666666666,26.33945076623001,147.08333333333334,-14.0,161.0,
Lahore,185,156.56020142008947,107.79442869887676,29.007507097883497,38.701348754715966,17.035459913758878,4.284624369908353,33.592187058238366,55.91550728075535,1005.2834086738238,8.210372921696168,2026-07-04 15:15:26.999717,15.0,4.0,7.0,5.0,1.0,142.0,174.0,114.0,150.0,166.0,19.82927129271193,148.54166666666666,43.0,153.0,
Lahore,184,138.46181745085872,124.52165295501524,26.861887541792104,58.14343437987494,21.199631649248893,3.928158935941387,23.80604236222276,63.4073686151308,1008.4109910528316,1.715970614345265,2026-07-04 16:15:26.999717,16.0,4.0,7.0,5.0,1.0,185.0,156.0,190.0,180.0,165.0,18.48242408343589,148.70833333333334,-1.0,129.0,
Lahore,150,122.17385032278446,83.40515750848745,45.89685118112848,51.75738450825207,18.30542702061733,2.093022244315592,31.566772991108667,64.90143508486082,998.3301058031464,8.012373140477656,2026-07-04 17:15:26.999717,17.0,4.0,7.0,5.0,1.0,184.0,142.0,149.0,192.0,165.16666666666666,18.31301904838843,146.95833333333334,-34.0,203.0,
Lahore,102,83.97715341263313,61.30053233434549,47.14107507924329,53.32971217113992,4.5594615855639935,4.985268804759799,16.40824523303989,81.37777852793829,1007.5118975330386,7.775571658864909,2026-07-04 18:15:26.999717,18.0,4.0,7.0,5.0,1.0,150.0,185.0,174.0,178.0,153.16666666666666,30.74031012639033,143.79166666666666,-48.0,132.0,
Lahore,134,103.2222146602956,81.2981113631596,12.54269844168699,58.554074799159295,28.93032512216152,2.4552621217368698,17.6809203500137,48.501326353737085,1012.9058458328304,9.722981333088203,2026-07-04 19:15:26.999717,19.0,4.0,7.0,5.0,1.0,102.0,184.0,156.0,141.0,149.5,31.633842637276853,143.5,32.0,141.0,
Lahore,145,118.12196968930506,93.72573810226208,21.05616314445075,26.9459545567599,4.563391816930427,0.6100911624152003,33.947378850979455,79.30027586208095,990.2723868256336,1.6746552547627729,2026-07-04 20:15:26.999717,20.0,4.0,7.0,5.0,1.0,134.0,150.0,142.0,167.0,150.0,31.515075757484613,142.58333333333334,11.0,132.0,
Lahore,101,87.19759334880081,62.398694875633936,23.713092507944985,29.17499838503552,8.391576735924325,2.131776282134579,24.937882040867063,63.95602492152284,1011.7528260277217,9.40176178210573,2026-07-04 21:15:26.999717,21.0,4.0,7.0,5.0,1.0,145.0,102.0,185.0,134.0,136.0,31.51507575748494,141.20833333333334,-44.0,137.0,
Lahore,129,92.11590580322968,74.90683052105773,37.38059920714047,37.84983109216656,24.595208526466426,1.0750232955822947,33.12601883978115,48.031772983028816,995.4654582814716,11.991318311354846,2026-07-04 22:15:26.999717,22.0,4.0,7.0,5.0,1.0,101.0,134.0,184.0,118.0,126.83333333333331,21.008728344826,141.66666666666666,28.0,141.0,
Lahore,121,99.31372403745408,67.84407814806022,17.225761195347513,28.059662977514456,18.939311883531943,1.0464917707776875,37.45647024755779,47.70756264036463,1001.3980818425092,10.212509383030826,2026-07-04 23:15:26.999717,23.0,4.0,7.0,5.0,1.0,129.0,145.0,150.0,109.0,122.0,17.686152775548333,142.16666666666666,-8.0,138.0,
Lahore,131,92.33364589834964,76.89089089876931,16.697060970000017,78.87034017281476,25.30632579591435,1.7669076804810246,38.02080581185516,51.66825102634347,1011.308695023816,9.021744915931995,2026-07-05 00:15:26.999717,0.0,5.0,7.0,6.0,1.0,121.0,101.0,102.0,114.0,126.83333333333331,14.864947583718395,142.875,10.0,108.0,
Lahore,123,93.57167598238397,68.76536319527428,57.1894444603979,66.05389448160722,15.9563494628473,0.7401897237976738,19.648526427540176,67.36159455719853,1010.5978031864156,7.945984256336491,2026-07-05 01:15:26.999717,1.0,5.0,7.0,6.0,1.0,131.0,129.0,134.0,112.0,125.0,14.477568856684172,143.33333333333334,-8.0,117.0,
Lahore,103,90.54583182450472,62.03912659892341,50.21014536488905,17.34910161920222,11.932803825632412,3.5983048478430337,28.12971045348636,43.84870388159695,1012.2981869531512,5.0613778162251535,2026-07-05 02:15:26.999717,2.0,5.0,7.0,6.0,1.0,123.0,121.0,145.0,126.0,118.0,12.946041866147429,142.375,-20.0,129.0,
Lahore,152,118.69108983303974,88.37901910069758,19.032745104558515,5.419561691140213,27.733519486885765,0.8329499789085728,34.81602153807714,85.22001370033604,1013.5104198158132,8.766002014699227,2026-07-05 03:15:26.999717,3.0,5.0,7.0,6.0,1.0,103.0,131.0,101.0,131.0,126.5,15.946786510141449,143.25,49.0,123.0,
Lahore,131,98.93060017795514,71.12981103355123,30.32839039527455,8.208745118545089,2.051317207929051,1.4148029994618028,35.897476099206585,64.49475505067403,1001.178923919294,8.690136421685438,2026-07-05 04:15:26.999717,4.0,5.0,7.0,6.0,1.0,152.0,123.0,129.0,134.0,126.83333333333331,16.03017987006682,143.125,-21.0,166.0,
Lahore,141,111.8103113550766,90.87572894187451,27.78109996287828,23.304758828219395,25.82777639023833,0.9180487152235371,36.1862514796797,85.2009466197604,1006.4090952700252,7.577979392247458,2026-07-05 05:15:26.999717,5.0,5.0,7.0,6.0,1.0,131.0,103.0,121.0,150.0,130.16666666666666,16.642315544018818,142.75,10.0,151.0,
Lahore,131,115.13953169081778,76.1116373828548,49.55020370327036,13.571846437764242,7.693715770445667,0.7842547890636398,21.16051802827578,32.78426151474928,999.7619610131528,9.55534053957394,2026-07-05 06:15:26.999717,6.0,5.0,7.0,6.0,1.0,141.0,152.0,131.0,173.0,130.16666666666666,16.642315544018818,141.0,-10.0,164.0,
Lahore,141,103.64158876396988,78.25931597512343,35.5106458239061,45.0003586169429,25.613353504865067,1.7048824949279375,20.19844007854188,50.5566822276884,998.767917937304,5.385166661122016,2026-07-05 07:15:26.999717,7.0,5.0,7.0,6.0,1.0,131.0,131.0,123.0,168.0,133.16666666666666,16.71426536425355,139.875,10.0,163.0,
Lahore,140,106.74345044180328,83.15870432756229,16.39248684967335,69.3496417045519,5.036701789089682,3.0735453544716647,30.93033664338979,31.368459641257385,1000.7898852649416,1.4550325455886877,2026-07-05 08:15:26.999717,8.0,5.0,7.0,6.0,1.0,141.0,141.0,103.0,128.0,139.33333333333334,7.814516406449995,140.375,-1.0,181.0,
Lahore,162,137.08715841589813,97.54185782983828,46.94960315781219,60.25626656849205,17.826349947025673,4.841085004010788,35.00931653893193,46.33510890587819,1008.5769033695668,6.708812731310848,2026-07-05 09:15:26.999717,9.0,5.0,7.0,6.0,1.0,140.0,131.0,152.0,114.0,141.0,11.33137237937253,142.375,22.0,169.0,
Lahore,206,174.08851171768868,114.86766637210482,29.844398911245943,21.17067973116428,26.755129651332688,4.440004944573229,23.61676691942322,81.72038833611529,1002.5360186785388,3.1805223445361115,2026-07-05 10:15:26.999717,10.0,5.0,7.0,6.0,1.0,162.0,141.0,131.0,190.0,153.5,27.6748983737969,143.04166666666666,44.0,145.0,
Lahore,149,118.68284387854858,91.0582383356288,23.146212381607352,34.94744420193394,14.732649760067824,4.4417026645039615,17.827039235285383,32.196582950532054,1010.3514918612084,4.613197169149803,2026-07-05 11:15:26.999717,11.0,5.0,7.0,6.0,1.0,206.0,140.0,141.0,149.0,154.83333333333334,27.13976172825861,143.04166666666666,-57.0,184.0,
Lahore,147,111.4047364873668,82.96421215654868,28.774931101036007,43.09206571484582,22.6504335402984,1.2923016621694592,34.3521523385721,56.16882599494469,1008.6304619299038,0.2089788472947122,2026-07-05 12:15:26.999717,12.0,5.0,7.0,6.0,1.0,149.0,162.0,131.0,174.0,157.5,25.03397691138944,141.91666666666666,-2.0,166.0,
Lahore,209,177.67921750904583,133.95514404595394,34.88782818034482,65.76543871275015,24.335476917811192,1.6920823707401904,23.091841447260123,37.05402422839367,990.51196152811,4.5934870550146005,2026-07-05 13:15:26.999717,13.0,5.0,7.0,6.0,1.0,147.0,206.0,141.0,156.0,168.83333333333334,30.79880950080097,144.125,62.0,169.0,
Lahore,174,147.172211958746,107.01980256038368,27.155775820850472,67.93412023296236,22.3583320527866,0.8437699255788756,19.49179355641649,55.010439555622064,1005.755953927654,9.705613273625456,2026-07-05 14:15:26.999717,14.0,5.0,7.0,6.0,1.0,209.0,149.0,140.0,142.0,174.5,27.369691266069346,145.45833333333334,-35.0,189.0,
Lahore,161,132.19473493881117,94.60050004945342,22.09528862958789,73.22887339308319,27.83456236936335,4.003107529618333,18.98853526672256,80.33109505586265,1000.9142780827148,6.512668403259058,2026-07-05 15:15:26.999717,15.0,5.0,7.0,6.0,1.0,174.0,147.0,162.0,185.0,174.33333333333334,27.463915719842635,144.45833333333334,-13.0,199.0,
Lahore,189,147.1379882553129,109.67416114841323,29.92510144019902,43.19339378771564,13.95819268507793,0.8141733566850288,23.50255778322134,67.38426200415114,1001.4157247287784,0.1176063232076525,2026-07-05 16:15:26.999717,16.0,5.0,7.0,6.0,1.0,161.0,209.0,206.0,184.0,171.5,24.230146512143858,144.66666666666666,28.0,169.0,
Lahore,149,118.9548532958098,88.87516146218186,10.958645537494911,57.07060598268972,6.020637735789517,3.00513051869384,31.002307779671128,74.2053807198854,1010.4593263467474,5.638125842878168,2026-07-05 17:15:26.999717,17.0,5.0,7.0,6.0,1.0,189.0,174.0,149.0,150.0,171.5,24.230146512143858,144.625,-40.0,168.0,
Lahore,190,151.19819959477584,117.06395370791644,48.624892304815695,13.385027842545286,2.386520847371914,1.6154400754577782,24.676860444733048,50.94624692697486,1003.6901996521168,3.497419771744889,2026-07-05 18:15:26.999717,18.0,5.0,7.0,6.0,1.0,149.0,161.0,147.0,102.0,178.66666666666666,21.768478740293563,148.29166666666666,41.0,188.0,
Lahore,159,128.85425652307788,95.272529357074,18.54724467837929,47.396671996548655,8.147336219487649,1.5955053531293513,15.557869993022653,86.66386170060849,1012.1405455864736,5.730607864766053,2026-07-05 19:15:26.999717,19.0,5.0,7.0,6.0,1.0,190.0,189.0,209.0,134.0,170.33333333333334,16.84834314306975,149.33333333333334,-31.0,150.0,
Lahore,128,109.65500719065668,75.71420596431571,12.195230681531864,23.651885710335133,5.152727612527021,4.958262748614224,17.6165277363009,72.55572562677,1007.8201398097924,4.8563126573745246,2026-07-05 20:15:26.999717,20.0,5.0,7.0,6.0,1.0,159.0,149.0,174.0,145.0,162.66666666666666,23.85511824885044,148.625,-31.0,190.0,
Lahore,174,143.59708520568702,104.69185145408947,42.68493464525396,37.37876637699584,17.180513501599933,3.905509131403418,22.84358767436272,55.307929157071854,1003.8210002191012,11.18375063468858,2026-07-05 21:15:26.999717,21.0,5.0,7.0,6.0,1.0,128.0,190.0,161.0,101.0,164.83333333333334,24.260392961917045,151.66666666666666,46.0,142.0,
Lahore,113,85.01311961507622,64.78070534381523,48.69680644118361,52.55378812300396,6.3634147791402285,4.266227112309726,32.81202101797148,55.5878880136233,1008.8634494037776,0.4941275875561897,2026-07-05 22:15:26.999717,22.0,5.0,7.0,6.0,1.0,174.0,159.0,189.0,129.0,152.16666666666666,28.57563064337608,151.0,-61.0,90.0,
Lahore,136,115.6824822500977,79.8839703657848,50.69145657964216,24.27394533903358,2.129077511391764,3.073922084048057,17.659906983650412,85.12105067659786,990.9587262731352,8.203056135383187,2026-07-05 23:15:26.999717,23.0,5.0,7.0,6.0,1.0,113.0,128.0,149.0,121.0,150.0,29.346209295239312,151.625,23.0,136.0,
Lahore,126,102.3656607000658,65.17103780547498,34.67545913303,8.91387933475708,2.043705037191368,4.419564293271872,30.137735044518408,64.58428160612351,990.6770913707052,10.212319155620898,2026-07-06 00:15:26.999717,0.0,6.0,7.0,0.0,0.0,136.0,174.0,190.0,131.0,139.33333333333334,22.800584787822302,151.41666666666666,-10.0,127.0,
Lahore,146,120.2353289792946,92.46863115426184,20.268409234499263,5.767539230656814,25.115515452580983,3.404707426248588,18.23691851224812,72.3827525941825,992.0837331730212,11.510863015805704,2026-07-06 01:15:26.999717,1.0,6.0,7.0,0.0,0.0,126.0,113.0,159.0,123.0,137.16666666666666,21.113187032437267,152.375,20.0,146.0,
Lahore,154,130.532704296393,93.8939889016088,46.86138386249134,6.661965165839116,18.15204801184772,4.757781671583554,20.7136138384333,55.022113470790245,1000.9391331286786,2.1316347185315507,2026-07-06 02:15:26.999717,2.0,6.0,7.0,0.0,0.0,146.0,136.0,128.0,103.0,141.5,21.519758362955745,154.5,8.0,136.0,
Lahore,128,96.84209875243224,72.93272077983285,44.985653857716855,5.626230313532725,11.384473754907969,1.7660236372053657,19.649090244005595,43.42156588588285,995.8862536406735,6.375657623594327,2026-07-06 03:15:26.999717,3.0,6.0,7.0,0.0,0.0,154.0,126.0,174.0,152.0,133.83333333333334,14.756919281024832,153.5,-26.0,125.0,
Lahore,119,95.02087210646768,80.89367490677618,22.31353670515866,13.27662924184066,26.93261323946716,3.178937956023028,16.815173160411884,73.41355751966512,1014.6065323603946,0.523074927806543,2026-07-06 04:15:26.999717,4.0,6.0,7.0,0.0,0.0,128.0,146.0,113.0,131.0,134.83333333333334,13.182058514006105,153.0,-9.0,109.0,
Lahore,151,118.14272724320394,91.03508240196192,55.170387793139646,22.961653592759745,3.0357017308236944,3.6055910657160144,33.125905069437934,66.46942632848328,1003.557253475284,5.990202293461062,2026-07-06 05:15:26.999717,5.0,6.0,7.0,0.0,0.0,119.0,154.0,136.0,141.0,137.33333333333334,14.773850773128748,153.41666666666666,32.0,137.0,
Lahore,136,100.96070287317274,76.41928214012401,15.21857290414145,21.59161356367244,29.42934010910696,2.26821787262513,27.51189577942293,60.08057282548676,1006.560393652029,1.505497074491783,2026-07-06 06:15:26.999717,6.0,6.0,7.0,0.0,0.0,151.0,128.0,126.0,131.0,139.0,13.76953158244708,153.625,-15.0,132.0,
Lahore,190,153.7335498880246,118.28368710735228,59.13441197956628,79.00974456349226,18.87246191737937,4.45868592081824,37.43844290422813,67.44125639966782,996.9705034061674,10.05476009638456,2026-07-06 07:15:26.999717,7.0,6.0,7.0,0.0,0.0,136.0,119.0,146.0,141.0,146.33333333333334,25.20846418698812,155.66666666666666,54.0,138.0,
Lahore,160,140.55778275792213,97.99024108254632,53.01239054887323,27.95045789067074,6.320463365096606,4.909114233968695,17.67005267952256,42.49713516385402,998.0449227146902,1.366440031264378,2026-07-06 08:15:26.999717,8.0,6.0,7.0,0.0,0.0,190.0,151.0,154.0,140.0,147.33333333333334,25.68787002977594,156.5,-30.0,169.0,
Lahore,158,117.19961127747123,96.7728999274211,44.39493227395376,14.556558751954933,20.693003870332088,2.7219627111769773,18.90778920012795,77.63632239191737,998.3865478535288,6.159460324637943,2026-07-06 09:15:26.999717,9.0,6.0,7.0,0.0,0.0,160.0,136.0,128.0,162.0,152.33333333333334,24.038857432637123,156.33333333333334,-2.0,198.0,
Lahore,175,139.83859694475265,102.87122197674204,56.93749441399165,45.91719081258184,23.138056533723315,2.257882946619526,23.27435874646217,86.88976830121834,1007.4683926287576,6.253152827913045,2026-07-06 10:15:26.999717,10.0,6.0,7.0,0.0,0.0,158.0,190.0,119.0,206.0,161.66666666666666,18.811344095163378,155.04166666666666,17.0,179.0,
Lahore,149,122.40271467537389,91.65247861889016,46.11555841618539,69.34680915481313,13.45094071775246,2.623720678504064,35.67838164734782,83.46618865006216,1001.8426551922328,11.659805975179264,2026-07-06 11:15:26.999717,11.0,6.0,7.0,0.0,0.0,175.0,160.0,151.0,149.0,161.33333333333334,19.05430834920645,155.04166666666666,-26.0,152.0,
Lahore,159,127.81539100828093,94.09120854889451,19.522849851502297,55.85452825907564,25.98734558112088,4.337315355793692,23.25548822520387,49.28614471842103,1002.9420913132518,7.859768328466657,2026-07-06 12:15:26.999717,12.0,6.0,7.0,0.0,0.0,149.0,158.0,136.0,147.0,165.16666666666666,14.77046602740186,155.54166666666666,10.0,188.0,
Lahore,203,161.8343597374213,124.5797072582292,32.10780690564059,27.20615668515877,5.371239811597639,3.4046079148317543,26.0273051024647,54.36034639692456,1004.8000745539836,3.454083516921623,2026-07-06 13:15:26.999717,13.0,6.0,7.0,0.0,0.0,159.0,175.0,190.0,209.0,167.33333333333334,19.37696226622297,155.29166666666666,44.0,203.0,
Lahore,165,125.50391818277087,89.47527772994681,13.575151216581768,47.12121198435912,9.086289923750645,0.7014756763314278,23.143296290023443,78.50413798785367,1009.2202914059554,2.8895917192576617,2026-07-06 14:15:26.999717,14.0,6.0,7.0,0.0,0.0,203.0,149.0,160.0,174.0,168.16666666666666,19.10410078141936,154.91666666666666,-38.0,166.0,
Lahore,153,123.56393371470082,89.63063268510405,29.48287111440577,58.614198065030685,3.7112784859357033,2.9397645970057167,17.16605587862781,65.70702784947622,992.259243712812,1.5389784677407787,2026-07-06 15:15:26.999717,15.0,6.0,7.0,0.0,0.0,165.0,159.0,158.0,161.0,167.33333333333334,19.734909846934418,154.58333333333334,-12.0,171.0,
Lahore,179,139.4161801149204,116.01077548904097,47.08015098686043,59.60783692758068,7.115457377613213,0.5778505523343642,40.36470781819706,62.87486662059895,1009.4218478054704,9.078176688588714,2026-07-06 16:15:26.999717,16.0,6.0,7.0,0.0,0.0,153.0,203.0,175.0,189.0,168.0,20.10969915239811,154.16666666666666,26.0,169.0,
Lahore,185,137.05039147510723,107.1646627229985,29.322167546540868,54.990384147326665,7.923135545423205,4.003409169515324,29.8105527859221,85.59851805200671,1004.0808767218796,8.289079874188063,2026-07-06 17:15:26.999717,17.0,6.0,7.0,0.0,0.0,179.0,165.0,149.0,149.0,174.0,18.622566955174342,155.66666666666666,6.0,146.0,
Lahore,168,140.37296110256867,97.78080851253408,26.514708773406703,70.31078185817135,27.6113625367296,1.9774052309410868,36.27149608100841,62.16149765862305,1006.7273861213814,7.318525527697272,2026-07-06 18:15:26.999717,18.0,6.0,7.0,0.0,0.0,185.0,153.0,159.0,190.0,175.5,17.501428513122836,154.75,-17.0,167.0,
Lahore,165,136.79192909921022,96.76019330775011,39.7677861255156,70.25790937580783,3.26518097378353,2.6240336695279822,32.77564148900299,60.89632077523859,998.1887941210192,0.4900853153998601,2026-07-06 19:15:26.999717,19.0,6.0,7.0,0.0,0.0,168.0,179.0,203.0,159.0,169.16666666666666,11.356349178614844,155.0,-3.0,143.0,
Lahore,122,97.8583048842554,67.12596932055679,53.61022644994475,48.42024195552525,13.395038485443576,4.094051476584344,28.884865534673327,32.52111547598158,1000.2346709204112,9.153946396731534,2026-07-06 20:15:26.999717,20.0,6.0,7.0,0.0,0.0,165.0,185.0,165.0,128.0,162.0,22.556595487794063,154.75,-43.0,146.0,
Lahore,102,82.74537344102852,50.15859611885874,12.379159627305622,37.23922768334092,16.439561929580478,0.709019677785927,17.421312929803264,34.16501751540826,995.779145491348,7.70265092578175,2026-07-06 21:15:26.999717,21.0,6.0,7.0,0.0,0.0,122.0,168.0,153.0,174.0,153.5,33.554433388152844,151.75,-20.0,113.0,
Lahore,155,129.3715900635778,91.84706800738194,29.27352173498677,53.11777216738248,27.062098560262665,1.213436910162247,32.35380572229822,30.44521847283901,1014.4824999354352,11.56666641732586,2026-07-06 22:15:26.999717,22.0,6.0,7.0,0.0,0.0,102.0,165.0,179.0,113.0,149.5,31.258598816965435,153.5,53.0,116.0,
Lahore,115,93.1216982838904,69.67929712040828,17.912037090763135,66.36590010278474,29.93319034117519,2.290821694003017,19.194999610294467,84.79465354701802,1002.425074312758,7.0464255585217455,2026-07-06 23:15:26.999717,23.0,6.0,7.0,0.0,0.0,155.0,122.0,185.0,136.0,137.83333333333334,28.28014615709544,152.625,-40.0,136.0,
Lahore,115,96.52008777380657,68.73747465730673,44.76771253659348,5.423907863088854,22.84825533267524,1.5346632359550227,26.18834557261947,54.50319960106204,1014.901922894915,3.6474228799404975,2026-07-07 00:15:26.999717,0.0,7.0,7.0,1.0,0.0,115.0,102.0,168.0,126.0,129.0,25.06790777069415,152.16666666666666,0.0,112.0,
Lahore,147,116.11258899563076,87.47560719026058,15.286228021556743,79.39977567611383,29.15293872650185,2.020556415987784,31.98605487397161,58.11368256800475,1002.2446494515316,4.578246626271843,2026-07-07 01:15:26.999717,1.0,7.0,7.0,1.0,0.0,115.0,155.0,165.0,146.0,126.0,20.57182539299887,152.20833333333334,32.0,155.0,
Lahore,134,113.75991869286972,80.61520435425193,43.24038792901223,18.717032924689946,23.82593284354034,4.991786320516093,36.12018301274733,80.72321685554772,995.4937816096016,2.11008846453879,2026-07-07 02:15:26.999717,2.0,7.0,7.0,1.0,0.0,147.0,115.0,122.0,154.0,128.0,20.688160865577924,151.375,-13.0,115.0,
Lahore,137,111.20392862966342,87.31420735775383,24.309043539895367,40.268673924498216,28.93287658817108,4.214364969082148,33.49621974413273,66.55477862254668,1002.6863099184214,8.674970186416623,2026-07-07 03:15:26.999717,3.0,7.0,7.0,1.0,0.0,134.0,115.0,102.0,128.0,133.83333333333334,16.375795146089445,151.75,3.0,132.0,
Lahore,177,142.57025971802938,105.24776907035393,19.945840686861235,70.402230113215,21.5108510523892,4.477558167320488,33.13140528447498,66.57009578343487,990.9898892949768,8.492659920260703,2026-07-07 04:15:26.999717,4.0,7.0,7.0,1.0,0.0,137.0,147.0,155.0,119.0,137.5,23.13222859994285,154.16666666666666,40.0,153.0,
Lahore,129,96.84969455643984,74.52958711456364,56.81762789124927,21.87802992831495,3.313139338081061,4.716745851045989,19.024139647730603,47.79206576128875,1012.6192450355488,2.407800185732115,2026-07-07 05:15:26.999717,5.0,7.0,7.0,1.0,0.0,177.0,134.0,115.0,151.0,139.83333333333334,21.018246041634324,153.25,-48.0,113.0,
Lahore,168,135.83477927150855,99.39437257555956,10.926228837297794,40.75964179252874,12.655685422787618,2.0342114614138804,24.345470581932872,80.03450243547115,1010.4637562798612,1.9018718781873432,2026-07-07 06:15:26.999717,6.0,7.0,7.0,1.0,0.0,129.0,137.0,115.0,136.0,148.66666666666666,19.582304937536392,154.58333333333334,39.0,114.0,
Lahore,151,116.64022541252776,93.49673379878388,31.888863594478448,14.943663513588438,19.751321230271643,1.8368463100841272,16.158631361825243,39.94979856236963,1008.1455130173572,0.9240591984263352,2026-07-07 07:15:26.999717,7.0,7.0,7.0,1.0,0.0,168.0,177.0,147.0,190.0,149.33333333333334,19.582304937536364,152.95833333333334,-17.0,119.0,
Lahore,163,127.20858636735754,104.86013439271623,11.08134962308969,34.630724404114446,11.170836774173278,1.553281216574337,34.425876115764545,33.18897553037687,1005.2456678860616,10.943708924181102,2026-07-07 08:15:26.999717,8.0,7.0,7.0,1.0,0.0,151.0,129.0,134.0,160.0,154.16666666666666,18.59480214109988,153.08333333333334,12.0,183.0,
Lahore,196,152.7231218584194,114.4592813041541,34.17965240521645,18.285159109475188,8.92813362529958,4.235526100886552,40.71982149557032,41.496201451111936,1004.4958558417592,2.796838004338213,2026-07-07 09:15:26.999717,9.0,7.0,7.0,1.0,0.0,163.0,168.0,137.0,158.0,164.0,22.821042920952788,154.66666666666666,33.0,154.0,
Lahore,182,140.26882534050387,109.69466893514442,35.05236888972091,32.27208115783678,17.744578746859638,3.557983380283332,22.130980534835047,46.06423312647388,1014.9182053519866,4.129962321021647,2026-07-07 10:15:26.999717,10.0,7.0,7.0,1.0,0.0,196.0,151.0,177.0,175.0,164.83333333333334,23.47267915400018,154.95833333333334,-14.0,223.0,
Lahore,187,160.2238570150848,113.8917872096798,26.08312356973735,33.009816259454155,28.07155442437061,1.562773921172948,17.36781114738235,46.9386634712524,996.9499358504984,3.366054100529888,2026-07-07 11:15:26.999717,11.0,7.0,7.0,1.0,0.0,182.0,163.0,129.0,149.0,174.5,16.74216234540662,156.54166666666666,5.0,165.0,
Lahore,200,166.65669530994202,115.03710996635589,16.608088876251184,79.48780921987495,2.014474331968453,2.196472231447047,27.84039207234865,70.23081591712605,1009.4921091341396,4.963495231329492,2026-07-07 12:15:26.999717,12.0,7.0,7.0,1.0,0.0,187.0,196.0,168.0,159.0,179.83333333333334,19.177243458500723,158.25,13.0,183.0,
Lahore,172,147.2018375107213,103.3020858360646,28.819376886723767,79.61097719778292,23.30770490270169,2.780202937697592,38.13085202444436,43.06947523971861,1004.5351192553414,8.5685855925898,2026-07-07 13:15:26.999717,13.0,7.0,7.0,1.0,0.0,200.0,182.0,151.0,203.0,183.3333333333333,14.109098719145834,156.95833333333334,-28.0,210.0,
Lahore,161,122.6855249022222,89.27163071328953,43.6131469966283,13.60897089954593,21.959091063294185,2.8766302577318914,29.90330327233805,70.59949826969907,1014.397013593972,10.447147604715411,2026-07-07 14:15:26.999717,14.0,7.0,7.0,1.0,0.0,172.0,187.0,163.0,165.0,183.0,14.696938456696907,156.79166666666666,-11.0,218.0,
Lahore,153,122.75626874955448,82.954748481303,49.11979043222296,59.44765844962604,28.954649336260324,4.499274778482716,16.26298305513306,35.46793039402799,1010.6950795824564,2.191184994342482,2026-07-07 15:15:26.999717,15.0,7.0,7.0,1.0,0.0,161.0,200.0,196.0,153.0,175.83333333333334,17.336858615868547,156.79166666666666,-8.0,215.0,
Lahore,129,96.73246187397952,79.23373203946127,36.53753011940712,8.880910975182585,27.99062544764376,2.212547598262473,41.30535049425454,38.832147665874544,1014.9631278247398,8.236948124893981,2026-07-07 16:15:26.999717,16.0,7.0,7.0,1.0,0.0,153.0,172.0,182.0,179.0,167.0,25.25866188062947,154.70833333333334,-24.0,193.0,
Lahore,203,158.92152561401468,119.88062629334608,39.49171972198778,7.264401150289147,23.10474429928159,4.588358137252306,37.37354756899022,60.5292869094597,1004.7081248615611,4.230745706909822,2026-07-07 17:15:26.999717,17.0,7.0,7.0,1.0,0.0,129.0,161.0,187.0,185.0,169.66666666666666,28.437065014987507,155.45833333333334,74.0,182.0,
Lahore,132,101.00936508291711,80.2114020381061,20.030818556232635,12.900042068372322,16.091854175795362,2.486154021439053,18.55304008039077,85.31374815459856,995.1135989386232,11.766326019567511,2026-07-07 18:15:26.999717,18.0,7.0,7.0,1.0,0.0,203.0,153.0,200.0,168.0,158.33333333333334,27.46391571984312,153.95833333333334,-71.0,165.0,
Lahore,141,118.99792003220782,84.51052511495824,24.36651666138248,77.41142427559505,6.923759043772076,3.858677036565592,39.88853942559474,81.57405532866684,1002.5921758923683,3.5870299114089224,2026-07-07 19:15:26.999717,19.0,7.0,7.0,1.0,0.0,132.0,129.0,172.0,165.0,153.16666666666666,27.294077501660595,152.95833333333334,9.0,161.0,
Lahore,132,103.61885160949122,74.31799975668102,18.09478050261792,75.5647660921023,16.811835831441655,4.686144439932752,27.16858379234009,88.1252065465682,1007.7777783512644,0.0863154720943195,2026-07-07 20:15:26.999717,20.0,7.0,7.0,1.0,0.0,141.0,203.0,161.0,122.0,148.33333333333334,28.182737032919,153.375,-9.0,127.0,
Lahore,137,114.9418966684701,81.97372849017832,22.464767500230565,19.54458652105104,23.19520782366996,4.584090667834698,25.04124574552341,69.02874391669025,1009.3590096545396,6.187679688238142,2026-07-07 21:15:26.999717,21.0,7.0,7.0,1.0,0.0,132.0,132.0,153.0,102.0,145.66666666666666,28.4089187873574,154.83333333333334,5.0,114.0,
Lahore,141,115.8206044479426,78.43449347492572,21.244339011276587,17.125425166528366,26.9744071664989,0.7562879028305652,27.44843992423408,70.54889198496552,990.0127497253986,1.8087730113112528,2026-07-07 22:15:26.999717,22.0,7.0,7.0,1.0,0.0,137.0,141.0,129.0,155.0,147.66666666666666,27.4055955357052,154.25,4.0,125.0,
Lahore,138,121.91819376052396,89.754861790007,35.97243931956188,23.040131488696023,23.901648267105923,1.4256693273945642,37.53344283551557,67.50137993588953,1002.6256772125572,0.5339331218207892,2026-07-07 23:15:26.999717,23.0,7.0,7.0,1.0,0.0,141.0,132.0,203.0,115.0,136.83333333333334,4.07021702943259,155.20833333333334,-3.0,118.0,
Lahore,108,79.00277888430139,58.02014827570018,38.13443778953647,43.66602455563566,6.6627411205405656,2.6460744148952378,32.805951313743215,67.36913537149184,995.8808644992662,8.379230783372503,2026-07-08 00:15:26.999717,0.0,8.0,7.0,2.0,0.0,138.0,137.0,132.0,115.0,132.83333333333334,12.608198390995042,154.91666666666666,-30.0,111.0,
Lahore,117,99.896166198934,69.22107364515709,57.247371041075226,47.72784740265574,18.390903112613724,2.4419943047889827,16.599708214792642,38.82722070405508,1011.8727958313696,8.787111390101478,2026-07-08 01:15:26.999717,1.0,8.0,7.0,2.0,0.0,108.0,141.0,141.0,147.0,128.83333333333334,13.28783905180586,153.66666666666666,9.0,134.0,
Lahore,129,108.93220435200364,72.18864205976375,19.778532355076152,21.61950728295855,10.633030326409354,3.384012491767432,40.855318020136615,62.62433736983572,993.8226361012556,5.52838815739803,2026-07-08 02:15:26.999717,2.0,8.0,7.0,2.0,0.0,117.0,138.0,132.0,134.0,128.33333333333334,13.201010062366356,153.45833333333334,12.0,142.0,
Lahore,123,93.53310580986484,76.65210586680398,42.0837855080748,61.74670910674589,1.2669643543286466,4.751190728714355,18.99017160391458,53.164076007103546,1006.6614062393708,8.122626201078926,2026-07-08 03:15:26.999717,3.0,8.0,7.0,2.0,0.0,129.0,108.0,137.0,137.0,126.0,12.585706178043216,152.875,-6.0,129.0,
Lahore,166,137.8356666823658,97.94284314359248,50.86296344937615,28.21648770519881,6.806407137871316,1.0058212007507696,35.13033469685448,56.5522329466376,996.6515547581232,6.458873378965606,2026-07-08 04:15:26.999717,4.0,8.0,7.0,2.0,0.0,123.0,117.0,141.0,177.0,130.16666666666666,20.311737165163763,152.41666666666666,43.0,163.0,
Lahore,151,122.48072481513115,88.00666640189394,38.01207318915263,74.15984941470577,4.2833988480700285,2.533363993104082,32.17568632155954,61.41603438355424,998.9135535803568,7.55761329266318,2026-07-08 05:15:26.999717,5.0,8.0,7.0,2.0,0.0,166.0,129.0,138.0,129.0,132.33333333333334,21.9423487044275,153.33333333333334,-15.0,119.0,
Lahore,164,130.06261870023295,102.66600772525776,22.750182625053785,54.2542029842548,25.438854582644588,1.365849670492127,20.063257294557143,37.7037703081351,1013.5139815189212,7.160447678255535,2026-07-08 06:15:26.999717,6.0,8.0,7.0,2.0,0.0,151.0,123.0,108.0,168.0,141.66666666666666,21.425841095898075,153.16666666666666,13.0,146.0,
Lahore,163,126.28032256514,97.94715295838776,23.12751150100001,37.72633957277088,8.496681312286547,4.523484192790764,19.60976605505234,51.56926403112719,996.011203135202,7.989873168667108,2026-07-08 07:15:26.999717,7.0,8.0,7.0,2.0,0.0,164.0,166.0,117.0,151.0,149.33333333333334,18.917364157478744,153.66666666666666,-1.0,135.0,
Lahore,181,141.20445274275409,111.18322222967984,11.962652653549997,64.2434001277134,9.25624109773911,4.840610836107437,38.498845030026686,33.80697365259621,992.3750690455732,2.395567784078055,2026-07-08 08:15:26.999717,8.0,8.0,7.0,2.0,0.0,163.0,151.0,129.0,163.0,158.0,19.636700333813213,154.41666666666666,18.0,120.0,
Lahore,169,145.44906047892965,96.49337031741268,25.272211327424085,66.34359695349985,28.83816058216764,2.654157568506576,26.33176293448912,88.78008782534394,991.7321225361056,3.2244794404404025,2026-07-08 09:15:26.999717,9.0,8.0,7.0,2.0,0.0,181.0,164.0,123.0,196.0,165.66666666666666,9.709102258532118,153.29166666666666,-12.0,163.0,
Lahore,145,116.00341409478742,79.97591528036247,47.23018395016901,26.786120420670773,11.993514968416711,0.9680463397766332,32.67356588270174,37.11168172920757,1002.6153777524866,5.279557794092304,2026-07-08 10:15:26.999717,10.0,8.0,7.0,2.0,0.0,169.0,163.0,166.0,182.0,162.16666666666666,12.843935014886965,151.75,-24.0,169.0,
Lahore,184,151.1106500076573,110.93603981020064,12.37588786035552,30.478590787706327,1.2779835641874422,4.033826000252029,28.609917104130176,45.51148431269727,1006.0427870571071,5.353536113030237,2026-07-08 11:15:26.999717,11.0,8.0,7.0,2.0,0.0,145.0,181.0,151.0,187.0,167.66666666666666,14.109098719146813,151.625,39.0,206.0,
Lahore,166,128.84550309166224,98.00576822252634,20.964764125241533,75.19663652964526,9.23153830203796,3.637136077215796,34.63854496105091,83.47757560220384,998.1823410892722,9.292940539042853,2026-07-08 12:15:26.999717,12.0,8.0,7.0,2.0,0.0,184.0,169.0,164.0,200.0,168.0,14.028542333398825,150.20833333333334,-18.0,191.0,
Lahore,169,131.30073526889183,104.53217336226972,45.3116249265891,17.355577877245395,4.459687837452561,2.096018719746397,27.939544126061925,58.96260277434851,1007.256493544827,4.408723910754384,2026-07-08 13:15:26.999717,13.0,8.0,7.0,2.0,0.0,166.0,145.0,163.0,172.0,169.0,13.813037319864206,150.08333333333334,3.0,159.0,
Lahore,189,156.60992404624972,113.00045773668724,49.13257814114383,8.161281272220066,3.981448290339765,4.493333632860336,22.759257711900347,38.13823209123782,991.525842964331,1.9500618727101884,2026-07-08 14:15:26.999717,14.0,8.0,7.0,2.0,0.0,169.0,184.0,181.0,161.0,170.33333333333334,15.487629472150532,151.25,20.0,215.0,
Lahore,199,152.45211894224235,120.42537669617316,32.765920503096424,39.054149195716185,3.247131413936736,4.891243504022182,24.811351016905405,53.053832282360936,1011.433366123072,3.01759164589291,2026-07-08 15:15:26.999717,15.0,8.0,7.0,2.0,0.0,189.0,166.0,169.0,153.0,175.33333333333334,19.335632047249387,153.16666666666666,10.0,198.0,
Lahore,169,133.12393116047366,93.28308735029375,44.90371692393244,65.09074251827218,18.204524635085946,3.01034232108588,38.19509775015925,36.952079651483146,1010.4141802434808,2.5768020286107407,2026-07-08 16:15:26.999717,16.0,8.0,7.0,2.0,0.0,199.0,169.0,145.0,129.0,179.33333333333334,13.366625103840194,154.83333333333334,-30.0,180.0,
Lahore,168,134.57013705536116,110.24218469807128,29.3976084327446,62.87510797330594,6.491083985265901,3.045775601049316,27.63693670891363,42.012959825070105,1014.637406784802,8.779920231072264,2026-07-08 17:15:26.999717,17.0,8.0,7.0,2.0,0.0,169.0,189.0,184.0,203.0,176.66666666666666,13.837148068392397,153.375,-1.0,157.0,
Lahore,188,150.95686300920028,111.97879007483984,17.995662251206376,73.96479716846244,11.476041027189304,1.838810773012,20.76313197060445,33.1217908169907,1013.412624522546,5.644075375511784,2026-07-08 18:15:26.999717,18.0,8.0,7.0,2.0,0.0,168.0,199.0,166.0,132.0,180.3333333333333,13.351654079798848,155.70833333333334,20.0,134.0,
Lahore,150,119.10453357491922,93.487934851696,29.907474676145327,44.990049827678014,25.998513767770486,3.130277161924914,40.23434547808584,56.293649672946,998.9049290979732,8.5035683756518,2026-07-08 19:15:26.999717,19.0,8.0,7.0,2.0,0.0,188.0,169.0,169.0,141.0,177.16666666666666,18.01573386422585,156.08333333333334,-38.0,138.0,
Lahore,190,153.97909890547962,109.81954164890186,38.99839101015714,12.50485036749,13.305806054091994,2.478390442361809,36.50821232545618,78.39816730351558,999.9818846003894,4.994636169091523,2026-07-08 20:15:26.999717,20.0,8.0,7.0,2.0,0.0,150.0,168.0,189.0,132.0,177.33333333333334,18.15121667179956,158.5,40.0,159.0,
Lahore,142,117.06427877908908,86.74004951108671,57.402664092644514,49.15167307520121,27.55504915149749,1.8598596211762333,16.502985943517377,65.15815072199374,1008.6491211869564,10.67682723004686,2026-07-08 21:15:26.999717,21.0,8.0,7.0,2.0,0.0,190.0,188.0,199.0,137.0,167.83333333333334,19.41562944296757,158.70833333333334,-48.0,168.0,
Lahore,90,75.67318772729665,47.48577618237627,13.437547604433869,63.37967107649087,15.44020354847258,0.802333384357556,41.97145997347398,66.3807183290767,993.3520692988744,11.802243692672814,2026-07-08 22:15:26.999717,22.0,8.0,7.0,2.0,0.0,142.0,150.0,169.0,141.0,154.66666666666666,37.15194028131841,156.58333333333334,-52.0,156.0,
Lahore,136,103.87098095666089,83.86033919129835,35.36970469224803,11.99960902023698,12.566261830352916,1.637185368691062,33.76302080388276,42.03504180499442,997.8503677561208,8.03811010443134,2026-07-08 23:15:26.999717,23.0,8.0,7.0,2.0,0.0,90.0,190.0,168.0,138.0,149.33333333333334,37.15194028131853,156.5,46.0,111.0,
Lahore,127,100.17922451035602,74.42012957807084,26.44598891053622,17.94930508231923,22.761278885630347,1.39034592354949,19.327198174095848,50.633630595142,992.9635234243912,10.365750686834629,2026-07-09 00:15:26.999717,0.0,9.0,7.0,3.0,0.0,136.0,142.0,188.0,108.0,139.16666666666666,32.511023771432875,157.29166666666666,-9.0,97.0,
Lahore,146,122.7738143093847,87.74595251967783,35.415584713834726,5.921799586675317,3.122077864272061,2.93918893049277,21.403527395062103,80.71452623044992,1001.3721612268208,6.095199206064752,2026-07-09 01:15:26.999717,1.0,9.0,7.0,3.0,0.0,127.0,90.0,150.0,117.0,138.5,32.28467128530207,158.5,19.0,123.0,
Lahore,136,113.27323593786936,85.08987015065048,11.198772368826583,49.52394345851078,3.5948731064901045,3.2075150979361724,33.69602799352177,35.27137105959088,1003.800106997133,11.215450084246894,2026-07-09 02:15:26.999717,2.0,9.0,7.0,3.0,0.0,146.0,136.0,190.0,129.0,129.5,20.39362645534191,158.79166666666666,-10.0,87.0,
Lahore,125,93.13570274259467,68.8372984438986,25.651267735079067,71.50507939594283,19.90723770376586,3.238572759377074,36.05354849253629,81.47583922011202,995.2790117490688,9.979037828073936,2026-07-09 03:15:26.999717,3.0,9.0,7.0,3.0,0.0,136.0,127.0,142.0,123.0,126.66666666666669,19.46963447696675,158.875,-11.0,134.0,
Lahore,109,88.95739950176102,61.97754134693601,50.99340737635025,55.299748700157465,15.1212806839382,2.246814504705556,21.453970465044765,59.02140157588714,990.6657921728528,11.90134286119247,2026-07-09 04:15:26.999717,4.0,9.0,7.0,3.0,0.0,125.0,146.0,90.0,166.0,129.83333333333334,12.671490309615814,156.5,-16.0,131.0,
Lahore,137,99.70887375312596,84.48662140543382,37.69708669273187,78.65300656932365,23.922042259257097,2.395533801584732,21.93815905528032,80.22884587950703,1007.983895793763,7.477124823933367,2026-07-09 05:15:26.999717,5.0,9.0,7.0,3.0,0.0,109.0,136.0,136.0,151.0,130.0,12.774975538137856,155.91666666666666,28.0,132.0,
Lahore,132,105.83467451030184,89.69110737273374,32.52912464080587,9.727523937482118,27.571854282962413,4.25407293338288,23.292258761545643,49.08038516366402,990.5001291106544,9.350480883218744,2026-07-09 06:15:26.999717,6.0,9.0,7.0,3.0,0.0,137.0,125.0,127.0,164.0,130.83333333333334,12.703018014105387,154.58333333333334,-5.0,118.0,
Lahore,138,119.88883508372987,82.10958832669259,24.27625358576698,72.72508138636222,12.26263945247488,2.643047660827231,31.14649585058919,50.33057709498125,1014.3350652232087,6.514417679738562,2026-07-09 07:15:26.999717,7.0,9.0,7.0,3.0,0.0,132.0,109.0,146.0,163.0,129.5,11.113055385447396,153.54166666666666,6.0,160.0,
Lahore,169,130.4605364136551,104.35568058961964,24.902126139567795,66.05512155400106,18.295890770954745,4.944979994617051,19.63903681413448,75.09629209938856,995.54018141856,3.109441251257074,2026-07-09 08:15:26.999717,8.0,9.0,7.0,3.0,0.0,138.0,137.0,136.0,181.0,135.0,19.76866206904284,153.04166666666666,31.0,147.0,
Lahore,198,154.22838477254209,118.2651426507076,29.15507167952922,28.56811403746287,15.520202206063988,2.478277535039892,17.814566369888993,77.09977040353321,1006.5975023029072,4.257062053557092,2026-07-09 09:15:26.999717,9.0,9.0,7.0,3.0,0.0,169.0,132.0,125.0,169.0,147.16666666666666,31.416025634485685,154.25,29.0,142.0,
Lahore,179,147.02014890786432,117.1112279737815,51.77853549822802,78.01449138779388,29.46670901363056,3.423114250780276,33.329330405308866,43.77868067940881,1000.8687931559996,10.728064976775794,2026-07-09 10:15:26.999717,10.0,9.0,7.0,3.0,0.0,198.0,138.0,109.0,145.0,158.83333333333334,27.110268657219983,155.66666666666666,-19.0,114.0,
Lahore,152,113.88599242395178,82.46389166517372,58.36066034041342,26.59533111285613,25.10144781334126,0.7266334954702811,36.0356443744156,88.37227948931434,991.4918465084276,0.6713753591834468,2026-07-09 11:15:26.999717,11.0,9.0,7.0,3.0,0.0,179.0,169.0,137.0,184.0,161.33333333333334,25.3271922381191,154.33333333333334,-27.0,176.0,
Lahore,188,147.2362248505748,113.2731052233468,31.932769067518727,71.69785428711639,27.440393540043253,3.4400296598846487,28.52509391924565,35.06940625468974,1001.8045901658616,7.097758632892898,2026-07-09 12:15:26.999717,12.0,9.0,7.0,3.0,0.0,152.0,198.0,132.0,166.0,170.66666666666666,22.51814083503845,155.25,36.0,214.0,
Lahore,203,165.38220568790877,113.67227983218967,29.66764193738809,71.0561432805642,8.375862539750521,4.331418774867528,24.82348317724641,34.11017778612785,1002.91901585742,4.469808390049304,2026-07-09 13:15:26.999717,13.0,9.0,7.0,3.0,0.0,188.0,179.0,138.0,169.0,181.5,19.023669467270047,156.66666666666666,15.0,213.0,
Lahore,166,129.628570761553,87.06714214731642,52.32753879099314,61.82432124522293,23.40326627171524,4.7410602733998335,26.66515326521486,65.73025291716617,1011.3670802023216,4.640310456066668,2026-07-09 14:15:26.999717,14.0,9.0,7.0,3.0,0.0,203.0,152.0,169.0,189.0,181.0,19.45250626525907,155.70833333333334,-37.0,169.0,
Lahore,171,135.62015006394515,104.08731026558908,31.34526603181518,47.26028553596389,8.698723524931818,4.987942752378968,25.4870115145427,73.36444606629729,1008.3087267411976,10.614854476965208,2026-07-09 15:15:26.999717,15.0,9.0,7.0,3.0,0.0,166.0,188.0,198.0,199.0,176.5,17.784824992109158,154.54166666666666,5.0,162.0,
Lahore,169,138.9209285515752,102.09748898073728,37.60090861478256,14.000206221266604,7.053533469423307,1.769803905421549,40.91959252241723,87.65316775349842,991.9825618688346,10.24586849455472,2026-07-09 16:15:26.999717,16.0,9.0,7.0,3.0,0.0,171.0,203.0,179.0,169.0,174.83333333333334,17.971273373543116,154.54166666666666,-2.0,178.0,
Lahore,146,118.9077304176828,86.17581531128899,21.547083229937225,44.89788008723737,28.38371863001097,3.0891652917157257,35.73842744091679,54.29674684793169,995.2290670858066,7.186108506869624,2026-07-09 17:15:26.999717,17.0,9.0,7.0,3.0,0.0,169.0,166.0,152.0,168.0,173.83333333333334,19.58996341667389,153.625,-23.0,141.0,
Lahore,167,134.934091981477,99.66902954980124,47.17512678895376,31.759719174120093,1.5598280848181327,2.528230934894663,20.61835480095298,31.517484539377985,997.7971921053736,3.275026168852007,2026-07-09 18:15:26.999717,18.0,9.0,7.0,3.0,0.0,146.0,171.0,188.0,188.0,170.33333333333334,18.392027258206937,152.75,21.0,160.0,
Lahore,143,112.70438860364982,101.29149717035628,36.59941591353909,64.41627748665138,28.99627240623946,3.037178662588269,25.373107105457464,66.17378036678443,992.9101921616204,5.705476153944288,2026-07-09 19:15:26.999717,19.0,9.0,7.0,3.0,0.0,167.0,169.0,203.0,150.0,160.33333333333334,12.42041330498478,152.45833333333334,-24.0,161.0,
Lahore,146,118.6503055763448,86.30912430984283,50.45172751201708,61.85969048726336,5.32859501267538,1.20853830735431,29.688331866803964,47.38176123592631,1001.4224767728624,4.899520725470593,2026-07-09 20:15:26.999717,20.0,9.0,7.0,3.0,0.0,143.0,146.0,166.0,190.0,157.0,13.25141501878126,150.625,3.0,162.0,
Lahore,113,89.78133659950122,70.35062180625037,49.036636501433485,73.29593805294539,24.76370437200477,4.352673076681737,31.55061827571959,55.97682727172413,1014.6077297715634,4.243416350429944,2026-07-09 21:15:26.999717,21.0,9.0,7.0,3.0,0.0,146.0,167.0,171.0,142.0,147.33333333333334,20.28464115203085,149.41666666666666,-33.0,129.0,
Lahore,116,95.08902804962894,66.35317590193058,20.750238413501428,6.112262182378091,9.00175403897499,4.593060245050644,27.64096519277671,59.30816893499612,1002.865319780944,1.233426942687557,2026-07-09 22:15:26.999717,22.0,9.0,7.0,3.0,0.0,113.0,143.0,169.0,90.0,138.5,20.501219475924128,150.5,3.0,121.0,
Lahore,136,106.31533987441011,83.07616287520301,45.78177752788812,65.68274126172847,11.170367495491094,2.5234774840081515,36.8734191453229,33.87075664428203,1008.5470542080792,6.517366640583845,2026-07-09 23:15:26.999717,23.0,9.0,7.0,3.0,0.0,116.0,146.0,146.0,136.0,136.83333333333334,20.173414848921343,150.5,20.0,104.0,
Lahore,112,88.6871551281023,66.00883162472192,50.00272039756857,75.38465398435017,7.285973628337564,1.7619343770810958,35.725362525372255,59.158907073846166,1007.0734449424835,3.621975574493803,2026-07-10 00:15:26.999717,0.0,10.0,7.0,4.0,0.0,136.0,113.0,167.0,127.0,127.66666666666669,15.731073284003696,149.875,-24.0,103.0,
Lahore,155,119.05021103723992,90.94740758635136,27.30536203911976,64.19753368311126,17.97990723195131,1.1337504244385554,28.6392638029605,55.57918000825889,1011.2477858773036,7.929695315130341,2026-07-10 01:15:26.999717,1.0,10.0,7.0,4.0,0.0,112.0,116.0,143.0,146.0,129.66666666666666,18.57597014066,150.25,43.0,116.0,
Lahore,115,91.82496194996882,78.09449266100162,18.630455645113727,14.764584490277503,11.09477087772835,3.57694171150012,38.069593443106726,72.7526559171956,995.3930872616404,3.830447229906369,2026-07-10 02:15:26.999717,2.0,10.0,7.0,4.0,0.0,155.0,136.0,146.0,136.0,124.5,17.398275776640432,149.375,-40.0,130.0,
Lahore,132,101.54499568185578,85.0859248159217,10.13160777897941,11.09593286306658,20.06439814534524,1.9050432782933084,35.27941732194442,68.73995467274068,1008.8456565423256,5.173961917617621,2026-07-10 03:15:26.999717,3.0,10.0,7.0,4.0,0.0,115.0,112.0,113.0,125.0,127.66666666666669,16.597188516935475,149.66666666666666,17.0,146.0,
Lahore,153,116.82976774919004,92.48373323699614,32.54518265465741,6.563392985577561,1.4537722203199133,4.592923564610249,36.021709915457365,41.112943089033664,1012.0338810076436,0.6283244903328904,2026-07-10 04:15:26.999717,4.0,10.0,7.0,4.0,0.0,132.0,155.0,116.0,109.0,133.83333333333334,18.192489292746195,151.5,21.0,118.0,
Lahore,113,91.69330573927697,56.27894032028016,27.62163657694208,52.15589193710533,2.866871621936149,3.519556136801916,40.82282104470225,42.36833509262382,994.287745574506,11.910456838865732,2026-07-10 05:15:26.999717,5.0,10.0,7.0,4.0,0.0,153.0,115.0,136.0,137.0,130.0,19.97998998998809,150.5,-40.0,171.0,
Lahore,114,92.2636988792883,66.59495388373715,37.745491691270445,52.225448889491545,3.890173429206211,3.405583963284083,22.19460741264848,45.0603707264624,998.6700554947,6.09132459930211,2026-07-10 06:15:26.999717,6.0,10.0,7.0,4.0,0.0,113.0,132.0,112.0,132.0,130.33333333333334,19.63330503676573,149.75,1.0,144.0,
Lahore,119,99.11436867474286,84.91513782202541,19.402054629439288,79.01852856636592,13.150816873996702,3.017309521542084,22.226500383904927,40.73702641783064,1014.252544108289,0.2908511299700738,2026-07-10 07:15:26.999717,7.0,10.0,7.0,4.0,0.0,114.0,153.0,155.0,138.0,124.33333333333331,15.692885861647646,148.95833333333334,5.0,149.0,
Lahore,183,144.2443721521245,108.64669166680146,52.98327738332376,34.853238057807175,24.629089007139303,0.7059935274292652,39.00171090364728,69.43279198010802,1009.5196961494948,6.494767905133729,2026-07-10 08:15:26.999717,8.0,10.0,7.0,4.0,0.0,119.0,113.0,115.0,169.0,135.66666666666666,27.623661355198404,149.54166666666666,64.0,143.0,
Lahore,154,125.24026423418378,97.91608786026828,22.887760781405483,29.892971367312256,26.75715940097309,4.693650960585141,35.85011208141334,89.66581075201623,997.0647708134384,10.444247991667796,2026-07-10 09:15:26.999717,9.0,10.0,7.0,4.0,0.0,183.0,114.0,132.0,198.0,139.33333333333334,28.486253994982835,147.70833333333334,-29.0,117.0,
Lahore,223,181.1539878613684,141.00971200976298,21.3214802543825,51.83186953882944,8.099511461766122,3.32571871984757,40.01672961876194,69.12650043095618,1004.0985442411122,9.270625611194433,2026-07-10 10:15:26.999717,10.0,10.0,7.0,4.0,0.0,154.0,119.0,153.0,179.0,151.0,44.84194465007054,149.54166666666666,69.0,189.0,
Lahore,165,134.22386903915796,100.09481957927989,34.03570282421779,66.92065043806954,17.656722002931406,4.973278925223997,16.704514328760233,66.40089277147747,1000.108153071237,8.410880209553449,2026-07-10 11:15:26.999717,11.0,10.0,7.0,4.0,0.0,223.0,183.0,113.0,152.0,159.66666666666666,40.87868230100674,150.08333333333334,-58.0,191.0,
Lahore,183,142.2717315859893,105.59089184065924,34.94255118721371,75.25804621422515,23.282584788085416,2.918103821477992,31.949441086063107,54.59567600106435,1002.2491294081782,1.6735758551884188,2026-07-10 12:15:26.999717,12.0,10.0,7.0,4.0,0.0,165.0,154.0,114.0,188.0,171.16666666666666,34.70110468942774,149.875,18.0,173.0,
Lahore,210,168.74681741135595,113.82343834108556,20.75426143925464,65.2343124634279,9.376053467668653,3.695499013577959,18.90496512933308,48.75481553158564,998.8791547847676,7.892844947849668,2026-07-10 13:15:26.999717,13.0,10.0,7.0,4.0,0.0,183.0,223.0,119.0,203.0,186.3333333333333,26.181418347114025,150.16666666666666,27.0,181.0,
Lahore,218,176.2207014802733,134.22081604304475,23.59303633629579,37.00054854618536,12.861224365351925,0.7529430103979997,28.60522435389973,84.66442541438875,996.9832754632586,9.195580536147125,2026-07-10 14:15:26.999717,14.0,10.0,7.0,4.0,0.0,210.0,165.0,183.0,166.0,192.16666666666663,29.033888245748088,152.33333333333334,8.0,188.0,
Lahore,215,172.0358923345397,124.92621998588226,18.485261957762248,52.61856764840481,16.195251877885703,3.342812795705349,19.205167160043,88.14011244852918,1006.8690760347856,6.869028767585959,2026-07-10 15:15:26.999717,15.0,10.0,7.0,4.0,0.0,218.0,183.0,154.0,171.0,202.3333333333333,23.0622346416511,154.16666666666666,-3.0,143.0,
Lahore,193,143.96761170814457,116.68075225943846,45.92300891615834,69.22244950370877,4.911370545833384,3.940923252156608,18.45811974259174,59.80657053526367,1009.463545377153,10.71298805424422,2026-07-10 16:15:26.999717,16.0,10.0,7.0,4.0,0.0,215.0,210.0,223.0,169.0,197.3333333333333,20.829466307771312,155.16666666666666,-22.0,158.0,
Lahore,182,146.4024481198674,102.95089830205318,48.5044515627041,41.79572662338046,1.7534865180476291,4.003314326836508,15.328545325314897,47.41202973039345,1011.8489280686836,3.323877381418625,2026-07-10 17:15:26.999717,17.0,10.0,7.0,4.0,0.0,193.0,218.0,165.0,146.0,200.16666666666663,16.191561588264907,156.66666666666666,-11.0,177.0,
Lahore,165,143.0626551969862,97.673812297649,33.11642487296413,21.251498277904453,5.431368470230214,3.9655024350362846,32.016447934338416,76.20733246018605,993.8832491829548,2.905736396871007,2026-07-10 18:15:26.999717,18.0,10.0,7.0,4.0,0.0,182.0,215.0,183.0,167.0,197.16666666666663,20.970614360732988,156.58333333333334,-17.0,128.0,
Lahore,161,126.9998036562151,96.76859527450526,45.70435113425087,17.72925798109047,19.17875501635247,1.5182718228215044,24.693610650632323,37.94740745201271,1010.571388091131,10.434836939311753,2026-07-10 19:15:26.999717,19.0,10.0,7.0,4.0,0.0,165.0,193.0,210.0,143.0,189.0,24.25695776473068,157.33333333333334,-4.0,151.0,
Lahore,127,97.9596145107234,77.54296790522149,46.796769596872274,5.011830843354255,3.1349295844767684,4.8892931492235165,17.840083691732236,75.9352942586209,996.3700206119266,7.504778915897429,2026-07-10 20:15:26.999717,20.0,10.0,7.0,4.0,0.0,161.0,182.0,218.0,146.0,173.83333333333334,30.21533826828057,156.54166666666666,-34.0,110.0,
Lahore,114,93.066742798557,62.82588906323792,16.91377638389043,58.86784962359632,6.501194580653721,4.978319542812224,23.716619998745365,79.13690245868032,1000.6834097477512,0.0173666462519919,2026-07-10 21:15:26.999717,21.0,10.0,7.0,4.0,0.0,127.0,165.0,215.0,113.0,157.0,30.822070014844577,156.58333333333334,-13.0,140.0,
Lahore,125,101.56189105233284,80.98455474380677,58.30890124172684,13.332290663449289,10.797762685163809,0.8401814382272057,19.5614904691928,37.49423667763004,1012.5360921462312,4.237576902132631,2026-07-10 22:15:26.999717,22.0,10.0,7.0,4.0,0.0,114.0,161.0,193.0,116.0,145.66666666666666,27.229885542665546,156.95833333333334,11.0,124.0,
Lahore,118,100.36367582708208,67.81552607634013,51.05159735482155,23.28793247719553,3.258231864884624,4.714008902652908,40.4257604505448,88.61168812779383,1001.3625900245652,10.294271829776092,2026-07-10 23:15:26.999717,23.0,10.0,7.0,4.0,0.0,125.0,127.0,182.0,136.0,135.0,22.22611077089324,156.20833333333334,-7.0,89.0,
Lahore,111,82.51065922045558,58.22765269773377,20.224173059791177,27.340724864209506,6.559278863687399,1.802521374369662,23.6401319155564,89.13073742330872,994.926588351108,0.3278341397009194,2026-07-11 00:15:26.999717,0.0,11.0,7.0,5.0,1.0,118.0,114.0,165.0,112.0,126.0,18.22086715828945,156.16666666666666,-7.0,143.0,
Lahore,134,110.85690126287496,79.85488290018267,19.30825178730351,47.02848951025762,27.42682388052182,3.6017783678793416,24.016745128813525,86.20316875964107,993.996716380928,0.0389751391381065,2026-07-11 01:15:26.999717,1.0,11.0,7.0,5.0,1.0,111.0,125.0,161.0,155.0,121.5,8.689073598493614,155.29166666666666,23.0,105.0,
Lahore,142,116.55211030625732,85.37187654513231,16.283057278979136,34.84679579718269,1.559674834582558,2.0214991433125946,37.676166091788815,59.76208856437586,1001.8245941663032,3.375111486301557,2026-07-11 02:15:26.999717,2.0,11.0,7.0,5.0,1.0,134.0,118.0,127.0,115.0,124.0,12.083045973596008,156.41666666666666,8.0,107.0,
Lahore,129,102.48926731529728,78.20294716585879,16.918928127095917,55.60054940173713,19.949525801056502,4.854894455179047,32.48940555472211,44.764448536609706,1009.066810599414,10.968000444111334,2026-07-11 03:15:26.999717,3.0,11.0,7.0,5.0,1.0,142.0,111.0,114.0,132.0,126.5,11.113055385447812,156.29166666666666,-13.0,132.0,
Lahore,163,132.09343658960844,104.6106620184254,47.40808995143481,9.172899449652704,12.147858996540362,0.9567673623659096,34.17463339988103,64.92055685291479,1014.9301285993575,10.817730977640196,2026-07-11 04:15:26.999717,4.0,11.0,7.0,5.0,1.0,129.0,134.0,125.0,153.0,132.83333333333334,18.476110701841087,156.70833333333334,34.0,157.0,
Lahore,119,100.3472874079918,70.21775581632069,33.482712847581176,14.295439569832958,20.506813443538764,2.739860676303692,32.17204870770193,55.19603030828614,1009.6852157107726,6.225143349618096,2026-07-11 05:15:26.999717,5.0,11.0,7.0,5.0,1.0,163.0,142.0,118.0,113.0,133.0,18.31938863608772,156.95833333333334,-44.0,121.0,
Lahore,146,121.16157690014226,87.00190187815613,49.14670863699336,42.440862764995,18.07205989053873,2.426215063739336,40.54729966661127,42.35691868303182,1011.9252989735712,6.638842453675471,2026-07-11 06:15:26.999717,6.0,11.0,7.0,5.0,1.0,119.0,129.0,111.0,114.0,138.83333333333334,15.22388474295168,158.29166666666666,27.0,151.0,
Lahore,135,102.28490343963136,75.48407809383453,47.31274471751027,30.27235908851224,7.481463876284684,1.967105535250932,20.58902245206722,55.420584577070855,1008.6958090233722,3.984096135806266,2026-07-11 07:15:26.999717,7.0,11.0,7.0,5.0,1.0,146.0,163.0,134.0,119.0,139.0,15.165750888103428,158.95833333333334,-11.0,158.0,
Lahore,120,100.10079093377742,76.10276751443948,40.23063567526109,27.18600220635198,25.569075139628268,3.404902958960669,41.704059527406486,69.83339014065544,1012.3858775189028,2.9248399443337183,2026-07-11 08:15:26.999717,8.0,11.0,7.0,5.0,1.0,135.0,119.0,142.0,183.0,135.33333333333334,16.86020956769763,156.33333333333334,-15.0,171.0,
Lahore,163,130.07655697483742,98.72154532039052,44.318330328933975,10.027105927814205,15.266271095671344,1.0897508453975036,37.435816794025854,34.25479864715946,991.9073385828478,9.78266225054542,2026-07-11 09:15:26.999717,9.0,11.0,7.0,5.0,1.0,120.0,146.0,129.0,154.0,141.0,19.76866206904268,156.70833333333334,43.0,169.0,
Lahore,169,135.5643704900776,99.29986136352916,10.91778621895709,72.1789381061001,24.85354454849068,3.724980881601636,30.90225989966124,50.00508008676099,1013.2482899745412,1.2755383259956972,2026-07-11 10:15:26.999717,10.0,11.0,7.0,5.0,1.0,163.0,135.0,163.0,223.0,142.0,21.20377324911784,154.45833333333334,6.0,164.0,
Lahore,206,165.1659849550085,114.07662653267268,25.588882340251097,56.88639395937881,12.774363549458355,4.912664557121543,32.88403385869872,31.06769340076951,999.9101538431414,5.8482524505436295,2026-07-11 11:15:26.999717,11.0,11.0,7.0,5.0,1.0,169.0,120.0,119.0,165.0,156.5,30.177806414648188,156.16666666666666,37.0,160.0,
Lahore,191,152.0487850560087,121.82206097527543,41.891108962970506,14.121361761473704,29.55588106354193,4.120514215108836,32.51829866551658,74.96973032770055,1013.0403555820112,7.612767113965013,2026-07-11 12:15:26.999717,12.0,11.0,7.0,5.0,1.0,206.0,163.0,146.0,183.0,164.0,32.54535297089231,156.5,-15.0,181.0,
Lahore,159,133.15853748553533,89.2616001777197,10.46724767431221,9.878446830285547,23.344191396537592,4.370075388092954,16.576698049597155,68.44147605700205,991.8933209364868,1.2441634844523506,2026-07-11 13:15:26.999717,13.0,11.0,7.0,5.0,1.0,191.0,169.0,135.0,210.0,168.0,29.61080883731416,154.375,-32.0,158.0,
Lahore,215,171.58141020075394,126.04360995315147,11.64884718412967,78.11544000734322,29.01255594826463,2.118365344305511,20.886445460362346,33.76032808211795,1007.8810739280284,6.235285145668154,2026-07-11 14:15:26.999717,14.0,11.0,7.0,5.0,1.0,159.0,206.0,120.0,218.0,183.8333333333333,23.60014124251385,154.25,56.0,119.0,
Lahore,198,152.80226935808415,120.59172255538002,52.59439912351916,56.08794128296287,15.915467888385908,1.961989729165484,40.95971388216823,87.88425357611807,1008.3922187167552,6.930255454949318,2026-07-11 15:15:26.999717,15.0,11.0,7.0,5.0,1.0,215.0,191.0,163.0,215.0,189.66666666666663,21.66717948110906,153.54166666666666,-17.0,183.0,
Lahore,180,142.03235072015136,102.01721035691656,44.20124308460359,36.309205332030615,14.737042836430314,2.8267175961055995,29.42783957920324,31.35729342762604,1014.9227722324443,8.909952726088378,2026-07-11 16:15:26.999717,16.0,11.0,7.0,5.0,1.0,198.0,159.0,169.0,193.0,191.5,19.96747355075057,153.0,-18.0,187.0,
Lahore,157,126.49347358405238,86.73245110873428,23.268486656017195,57.62982805668386,22.90816047043248,0.7057697664302272,25.215547288071622,65.39763878856532,1009.2213817672454,2.8180325897703944,2026-07-11 17:15:26.999717,17.0,11.0,7.0,5.0,1.0,180.0,215.0,206.0,182.0,183.3333333333333,22.68626603623002,151.95833333333334,-23.0,114.0,
Lahore,134,113.34607392148526,69.78026208649666,44.39814200593545,61.72488398601193,26.528446627389474,4.754111605054397,35.57503851150503,76.58204770794335,999.5643426453902,3.5199300394890995,2026-07-11 18:15:26.999717,18.0,11.0,7.0,5.0,1.0,157.0,198.0,191.0,165.0,173.83333333333334,29.68782017371129,150.66666666666666,-23.0,133.0,
Lahore,138,113.41547342474418,86.40498476452818,49.62283345696317,63.49716517915845,28.96022808010118,1.147033278572865,29.16201145170686,77.27377878268338,1003.9312137904636,6.834253759596401,2026-07-11 19:15:26.999717,19.0,11.0,7.0,5.0,1.0,134.0,180.0,159.0,161.0,170.33333333333334,32.85523804002378,149.70833333333334,4.0,158.0,
Lahore,159,122.9473236062648,92.6740687763684,25.339714155505064,40.84079792397932,10.412005274942493,4.563558676256416,15.355394828661234,32.05710813559223,999.1637734541648,11.797516919779367,2026-07-11 20:15:26.999717,20.0,11.0,7.0,5.0,1.0,138.0,157.0,215.0,127.0,161.0,24.527535546808902,151.04166666666666,21.0,179.0,
Lahore,168,146.82594958339448,115.43635046236663,11.801868874959371,37.2412068593636,24.162432641436528,0.8761199990016006,34.878415111308186,84.38490795842635,994.9004661326214,2.609918193841373,2026-07-11 21:15:26.999717,21.0,11.0,7.0,5.0,1.0,159.0,134.0,198.0,114.0,156.0,17.5385290147145,153.29166666666666,9.0,131.0,
Lahore,156,126.1238765548899,88.62822467184563,56.638956234386725,5.827106320167525,7.108722331430564,4.20181217455352,34.76987412142726,85.10710031562732,996.2125581875569,11.830845925481569,2026-07-11 22:15:26.999717,22.0,11.0,7.0,5.0,1.0,168.0,138.0,180.0,125.0,152.0,13.16054710108926,154.58333333333334,-12.0,110.0,
Lahore,111,95.17695368999507,61.99274488285539,27.258991914781525,74.49178363563786,16.821656055617915,1.183831366451968,19.459015226969303,63.68342238926236,995.550263356858,8.572110396653775,2026-07-11 23:15:26.999717,23.0,11.0,7.0,5.0,1.0,156.0,159.0,157.0,118.0,144.33333333333334,20.829466307773423,154.29166666666666,-45.0,118.0,
Lahore,97,76.84142783211387,55.37303514857299,15.324088164235318,50.24809087917073,6.215596303866776,0.6715922634116271,40.82982238745376,58.92499193322877,1003.7203832540804,9.91298483556028,2026-07-12 00:15:26.999717,0.0,12.0,7.0,6.0,1.0,111.0,168.0,134.0,111.0,138.16666666666666,28.54762103340099,153.70833333333334,-14.0,147.0,
Lahore,123,101.06679622352723,75.01567327569245,34.59284356965737,20.23654528924761,11.074523490759828,3.737702526167339,21.045519551610088,32.69204778375599,1012.6540158632972,1.0756952188360709,2026-07-12 01:15:26.999717,1.0,12.0,7.0,6.0,1.0,97.0,156.0,138.0,134.0,135.66666666666666,29.21415182179149,153.25,26.0,107.0,
Lahore,87,73.79734252259203,49.84898330607344,48.42338978320669,73.97025645660774,28.00939264898732,1.7611938507849274,27.359232919319386,63.71724855059212,1012.81816565221,3.605042249167587,2026-07-12 02:15:26.999717,2.0,12.0,7.0,6.0,1.0,123.0,111.0,159.0,142.0,123.66666666666669,32.33367697411946,150.95833333333334,-36.0,107.0,
Lahore,134,113.29097355877128,83.46166107001255,21.08236573087796,73.61989263277223,5.236630293419497,3.7152326875295727,18.09787095404469,54.56274490621384,991.3690944381456,0.6928353558117726,2026-07-12 03:15:26.999717,3.0,12.0,7.0,6.0,1.0,87.0,97.0,168.0,129.0,118.0,25.2031744032383,151.16666666666666,47.0,118.0,
Lahore,131,110.08684152689112,73.70705805005672,23.474502506668166,79.1888123274572,19.3396259589207,2.9978836271276887,31.288622625165885,76.36838444451936,991.9974850237974,4.458563940038102,2026-07-12 04:15:26.999717,4.0,12.0,7.0,6.0,1.0,134.0,123.0,156.0,163.0,113.83333333333331,18.956968815364977,149.83333333333334,-3.0,115.0,
Lahore,132,109.9609850003649,72.29204140768209,22.13574933992916,70.55424223542342,18.19567391489469,0.9896332560352952,25.137180241544737,54.23301401316528,996.1279764293084,11.775475919040623,2026-07-12 05:15:26.999717,5.0,12.0,7.0,6.0,1.0,131.0,87.0,111.0,119.0,117.33333333333331,20.22539657625319,150.375,1.0,144.0,
Lahore,118,92.82456634402946,61.80892630295446,59.58365264158391,79.83382908650485,4.501412228560608,4.6945853298552365,24.535683479662048,71.01484999948258,996.3764863117368,1.2632767464760617,2026-07-12 06:15:26.999717,6.0,12.0,7.0,6.0,1.0,132.0,134.0,97.0,146.0,120.83333333333331,17.65691554792932,149.20833333333334,-14.0,182.0,
Lahore,160,125.1412697902197,84.88212916031401,19.870186686527127,23.351464109245445,10.453392269295552,2.535413786435649,37.32837568496558,36.08448877425185,992.3722293809813,6.748473388454394,2026-07-12 07:15:26.999717,7.0,12.0,7.0,6.0,1.0,118.0,131.0,123.0,135.0,127.0,23.916521486203443,150.25,42.0,156.0,
Lahore,147,119.263037551621,85.60965490262473,38.7760108483062,68.16871888994257,17.326463630942705,3.805012750094096,15.258166246962912,37.977136245958015,999.711583529336,0.0728474737657478,2026-07-12 08:15:26.999717,8.0,12.0,7.0,6.0,1.0,160.0,132.0,87.0,120.0,137.0,14.560219778561512,151.375,-13.0,153.0,
Lahore,142,118.26564036170537,83.6950984380339,56.26323208284822,66.72712315968234,6.428179660666218,2.7545925740703128,36.54456281409541,38.3826114389495,1004.6931348172822,8.552193792528753,2026-07-12 09:15:26.999717,9.0,12.0,7.0,6.0,1.0,147.0,118.0,134.0,163.0,138.33333333333334,14.596803303007077,150.5,-5.0,159.0,
Lahore,114,90.08639649611696,65.24281486258407,17.344828443888964,22.32052694155503,24.21808603597165,3.219626637325421,30.429111275198125,32.73152998798461,1004.4540550149866,2.366312308464493,2026-07-12 10:15:26.999717,10.0,12.0,7.0,6.0,1.0,142.0,160.0,131.0,169.0,135.5,17.63802710055794,148.20833333333334,-28.0,140.0,
Lahore,176,146.12585982857195,111.8170289859358,58.54270989338501,12.382816175074309,29.192538776507742,1.862481165605116,41.62465986396538,62.47973155618823,1003.5857420314647,1.555014445497155,2026-07-12 11:15:26.999717,11.0,12.0,7.0,6.0,1.0,114.0,147.0,132.0,206.0,142.83333333333334,23.92000557413545,146.95833333333334,62.0,194.0,
Lahore,214,178.46308372743093,134.54015104804068,57.37386171978123,78.45653852581998,7.22802259891169,1.4016213680155265,30.91496695631472,77.63806356261816,998.4667981221876,4.044213745929452,2026-07-12 12:15:26.999717,12.0,12.0,7.0,6.0,1.0,176.0,142.0,118.0,191.0,158.83333333333334,33.978915030745824,147.91666666666666,38.0,177.0,
Lahore,213,165.8183954046329,126.12598506277747,54.22859935291313,27.201841364045777,6.420446978926702,2.941565915336305,16.495236621994863,66.62467222161996,1007.6613921329146,9.252531575267778,2026-07-12 13:15:26.999717,13.0,12.0,7.0,6.0,1.0,214.0,114.0,160.0,159.0,167.66666666666666,40.58899686696667,150.16666666666666,-1.0,176.0,
Lahore,169,131.01539648101863,92.43039443404018,20.72782606650012,70.31688428508545,14.193117082125896,2.480985378369509,16.36742381398061,64.49729313317138,1010.6620985245268,1.2793570357345296,2026-07-12 14:15:26.999717,14.0,12.0,7.0,6.0,1.0,213.0,176.0,147.0,215.0,171.33333333333334,39.322597404884434,148.25,-44.0,242.0,
Lahore,162,128.89812470547332,94.36647445972474,41.70275280054916,5.309536600595292,22.68519303706093,2.255509460452699,38.84513063203946,70.83743570416419,998.6568566619352,2.7580679495843445,2026-07-12 15:15:26.999717,15.0,12.0,7.0,6.0,1.0,169.0,214.0,142.0,198.0,174.66666666666666,37.1250140291774,146.75,-7.0,180.0,
Lahore,178,143.938063340946,103.80089303041468,48.044573648062006,6.5768605414701655,9.166417696822291,3.526552377925804,37.71278192879844,50.37871938432089,992.1383839824864,0.1015730594077144,2026-07-12 16:15:26.999717,16.0,12.0,7.0,6.0,1.0,162.0,213.0,114.0,180.0,185.3333333333333,22.53589729002602,146.66666666666666,16.0,153.0,
Lahore,141,110.17716493116475,81.3143251886097,59.301396409821486,39.94034815222763,1.5765173522211318,3.607279844050112,24.339032040714628,51.71724429889373,997.4082562772963,11.620978352347416,2026-07-12 17:15:26.999717,17.0,12.0,7.0,6.0,1.0,178.0,169.0,176.0,157.0,179.5,29.02929554777285,146.0,-37.0,153.0,
Lahore,160,134.76101339433572,92.51140548050876,19.02119110406852,22.903601295129768,16.695398212953926,0.7066402524106836,31.686877072890702,48.85620589325535,993.4342163643726,7.105747199866366,2026-07-12 18:15:26.999717,18.0,12.0,7.0,6.0,1.0,141.0,162.0,214.0,134.0,170.5,24.15574465836148,147.08333333333334,19.0,177.0,
Lahore,161,130.92033430759227,93.33268552137596,48.30129497596482,56.73809625769732,28.74141646525192,2.0243502240965245,28.218966640501208,72.72653597121453,1001.6839681806796,8.638795636616393,2026-07-12 19:15:26.999717,19.0,12.0,7.0,6.0,1.0,160.0,178.0,213.0,138.0,161.83333333333334,12.254250963100082,148.04166666666666,1.0,148.0,
Lahore,162,129.79723524120368,95.2672919205112,26.940058496355647,47.417324417596575,12.347028806801422,2.352940476018698,41.11342948867341,39.698420140246455,993.898378782902,7.816598053872174,2026-07-12 20:15:26.999717,20.0,12.0,7.0,6.0,1.0,161.0,141.0,169.0,159.0,160.66666666666666,11.758684733703898,148.16666666666666,1.0,109.0,
Lahore,129,96.02045238065736,74.2222945059222,18.78132327840012,10.811434808786858,13.183902071309912,0.9360147252387564,40.64894432367608,30.78151681877546,1001.5711189414494,1.7323747064360924,2026-07-12 21:15:26.999717,21.0,12.0,7.0,6.0,1.0,162.0,160.0,162.0,168.0,155.16666666666666,17.38294183004275,146.54166666666666,-33.0,149.0,
Lahore,121,90.22092091786249,73.64161254312795,31.068847060692747,17.197122223678782,29.0981497963071,1.5615539001422976,41.56365323060091,65.77178680334954,995.5250723081164,7.139279267927929,2026-07-12 22:15:26.999717,22.0,12.0,7.0,6.0,1.0,129.0,161.0,178.0,156.0,145.66666666666666,17.974055376198923,145.08333333333334,-8.0,112.0,
Lahore,104,84.60504625140904,64.20184357952431,49.69179560743082,34.103695254381066,21.143620737175123,0.7323880875024049,38.39411707712513,86.54288188405232,1008.46827763656,1.576987141695145,2026-07-12 23:15:26.999717,23.0,12.0,7.0,6.0,1.0,121.0,162.0,141.0,111.0,139.5,24.90582261239345,144.79166666666666,-17.0,159.0,
Lahore,103,71.73702186922583,57.246774564087545,33.24249018520261,18.920304796657486,21.85598576242163,4.983089443776593,39.55789295092774,66.56447501977829,990.689206020896,4.814837447557535,2026-07-13 00:15:26.999717,0.0,13.0,7.0,0.0,0.0,104.0,129.0,160.0,97.0,130.0,26.35147054720144,145.04166666666666,-1.0,141.0,
Lahore,116,97.86318704822035,75.95532663003516,36.87615501015242,64.41667604329464,17.31835815576096,3.814507413364301,20.86652702671268,76.9752991764537,1003.868657595798,6.827557631103517,2026-07-13 01:15:26.999717,1.0,13.0,7.0,0.0,0.0,103.0,121.0,161.0,123.0,122.5,21.769244359877007,144.75,13.0,111.0,
Lahore,130,103.2092307781384,73.09968849079692,59.75797051000606,36.205267666496,29.263667115034007,0.8935257042623915,37.43718330272391,70.3674425679618,994.2372068730016,6.706573369225871,2026-07-13 02:15:26.999717,2.0,13.0,7.0,0.0,0.0,116.0,104.0,162.0,87.0,117.16666666666669,11.788412389576145,146.54166666666666,14.0,148.0,
Lahore,146,133.01546484797367,79.51099693092331,29.9554649778713,12.007390013187443,20.977128048341125,0.5911222090554145,34.13914205651542,59.84619921138098,990.0247966117408,1.4288811117928917,2026-07-13 03:15:26.999717,3.0,13.0,7.0,0.0,0.0,130.0,103.0,129.0,134.0,120.0,16.358484037344077,147.04166666666666,16.0,129.0,
Lahore,118,105.93958125308056,72.70389035682526,40.77003773546199,41.32571767040936,26.95594979654992,3.736795100685261,40.99523573835789,73.10354410703076,1011.7300022016202,0.4132316357582661,2026-07-13 04:15:26.999717,4.0,13.0,7.0,0.0,0.0,146.0,116.0,121.0,131.0,119.5,16.367651022674018,146.5,-28.0,151.0,
Lahore,171,135.89275465376244,98.5129593279283,28.2622100807686,11.812863579606065,21.28198710626341,2.4763647455720013,30.42406936795072,79.44624743131331,1006.7881946953516,9.578811766485764,2026-07-13 05:15:26.999717,5.0,13.0,7.0,0.0,0.0,118.0,130.0,104.0,132.0,130.66666666666666,24.50850192620288,148.125,53.0,151.0,
Lahore,144,114.66831498734342,88.00645735378693,29.63928231643525,14.670297906486288,22.318358920371484,4.040585190790592,17.29951350118502,43.48389865030188,992.473570551263,8.711069243952064,2026-07-13 06:15:26.999717,6.0,13.0,7.0,0.0,0.0,171.0,146.0,103.0,118.0,137.5,20.66639784771436,149.20833333333334,-27.0,133.0,
Lahore,149,124.17790757001016,77.38165699449733,44.782037672270405,22.9707374021154,9.421916742125148,4.655642170182727,31.12977006205313,50.16782882898873,1006.6018091920964,0.9818268547768568,2026-07-13 07:15:26.999717,7.0,13.0,7.0,0.0,0.0,144.0,118.0,116.0,160.0,143.0,18.0222085217102,148.75,5.0,137.0,
Lahore,143,122.9158630495902,92.76227970741532,56.894348804744176,69.46457789356174,9.800882242400752,3.196851750573676,33.53768505657477,43.42354395019703,1005.29118331844,1.5289862256186413,2026-07-13 08:15:26.999717,8.0,13.0,7.0,0.0,0.0,149.0,171.0,130.0,147.0,145.16666666666666,16.892799254909374,148.58333333333334,-6.0,178.0,
Lahore,117,85.40985471281992,73.56146704020202,37.11794752461607,74.3459399249729,23.706554837704847,1.3419879031276387,20.948667775235563,57.13037733542646,1001.83391717608,10.711005316675443,2026-07-13 09:15:26.999717,9.0,13.0,7.0,0.0,0.0,143.0,144.0,146.0,142.0,140.33333333333334,20.39280919016981,147.54166666666666,-26.0,158.0,
Lahore,189,142.26812267322657,105.89761725418498,48.41999644743899,66.96932969990519,9.604482385927088,4.019873162209036,25.641061354843664,83.10387305500007,1000.4814524606404,9.229546819461358,2026-07-13 10:15:26.999717,10.0,13.0,7.0,0.0,0.0,117.0,149.0,118.0,114.0,152.16666666666666,24.93524948073821,150.66666666666666,72.0,163.0,
Lahore,191,149.6898259722281,107.20611438076855,14.460327940848192,30.05579130633854,17.320332053244417,4.801152844284685,31.15959217939536,50.71242605011994,1012.1767440728934,11.95392355460009,2026-07-13 11:15:26.999717,11.0,13.0,7.0,0.0,0.0,189.0,143.0,171.0,176.0,155.5,28.96722285618667,151.29166666666666,2.0,157.0,
Lahore,173,141.31368791586934,112.16132952048764,20.55790187159635,25.43348308316237,8.231217016294357,3.1110407917698017,25.10085490754565,52.46801334783321,996.1287004974364,3.0478493904602604,2026-07-13 12:15:26.999717,12.0,13.0,7.0,0.0,0.0,191.0,117.0,144.0,214.0,160.33333333333334,29.08378700696733,149.58333333333334,-18.0,187.0,
Lahore,181,147.284367952538,104.9131004825102,35.10658204597662,46.18667680926794,24.69251804346301,3.5689885127633008,25.12358836544393,81.6220340803159,999.9577514253344,5.853635866425779,2026-07-13 13:15:26.999717,13.0,13.0,7.0,0.0,0.0,173.0,189.0,149.0,213.0,165.66666666666666,29.520614266417866,148.25,8.0,221.0,
Lahore,188,155.74885727491926,108.62907575633687,11.00058618143874,59.13898703998343,4.20453918560301,2.0186361276650286,18.59333925766553,60.92245984468051,998.2278853223706,2.837514912748268,2026-07-13 14:15:26.999717,14.0,13.0,7.0,0.0,0.0,181.0,191.0,143.0,169.0,173.16666666666666,28.30135450233119,149.04166666666666,7.0,156.0,
Lahore,143,108.40151235817346,74.46973952925359,22.64274893812794,79.50295911201312,25.05395255308827,2.2168746259714007,40.40016152309698,62.12693997884607,1009.2800257259158,7.473601661727717,2026-07-13 15:15:26.999717,15.0,13.0,7.0,0.0,0.0,188.0,173.0,117.0,162.0,177.5,18.152134860669936,148.25,-45.0,174.0,
Lahore,158,114.81928068515562,93.04610897199224,35.87006449124831,14.867803390919466,18.47916421472045,3.805945240338787,35.26334838136761,81.64807219993277,1012.9116326558136,1.3849708690958158,2026-07-13 16:15:26.999717,16.0,13.0,7.0,0.0,0.0,143.0,181.0,189.0,178.0,172.33333333333334,18.629725351347066,147.41666666666666,15.0,197.0,
Lahore,177,145.8900709765107,105.06140192582124,10.748059912815036,8.696899926785333,6.420376509985241,4.674969942830686,15.033572849384754,59.43160422152839,1011.2445424685058,1.5269180729163971,2026-07-13 17:15:26.999717,17.0,13.0,7.0,0.0,0.0,158.0,188.0,191.0,141.0,170.0,16.58915308266099,148.91666666666666,19.0,160.0,
Lahore,128,98.25901863517385,80.37746548384743,23.227314311302084,57.076691674645325,16.719026179677428,3.330447742509585,35.671558668598465,70.89345207776373,1009.9425982574942,0.8626546968614717,2026-07-13 18:15:26.999717,18.0,13.0,7.0,0.0,0.0,177.0,143.0,173.0,160.0,162.5,23.63683565962188,147.58333333333334,-49.0,163.0,
Lahore,151,110.70756067805682,83.60460785907762,35.70154097379347,67.41693376279292,9.192466268572874,4.054315588184064,34.97446480176218,35.138679952443646,1014.669748639252,8.323032987170004,2026-07-13 19:15:26.999717,19.0,13.0,7.0,0.0,0.0,128.0,158.0,181.0,161.0,157.5,22.06127829478564,147.16666666666666,23.0,124.0,
Lahore,110,88.72531872979691,58.39856603879695,38.65746239906228,68.47615848998174,10.3805527071844,1.2723575783691785,15.26273592419912,40.71790278761312,1007.4286137602596,5.928870929198482,2026-07-13 20:15:26.999717,20.0,13.0,7.0,0.0,0.0,151.0,177.0,188.0,162.0,144.5,23.432882878553382,145.0,-41.0,146.0,
Lahore,140,115.96587844109338,86.25481317388238,56.28758465276528,55.88476618078705,11.19431320630953,1.453815906160881,24.97931603557164,54.26257204297474,1008.7763447803384,7.41277459625556,2026-07-13 21:15:26.999717,21.0,13.0,7.0,0.0,0.0,110.0,128.0,143.0,129.0,144.0,23.503191272676165,145.45833333333334,30.0,127.0,
Lahore,124,98.58971433939362,79.43365035613532,42.2672811625304,76.55118530893903,2.836258162197307,2.894156090750255,31.38218763878933,59.69034406919249,1014.5700634926254,10.551612559072309,2026-07-13 22:15:26.999717,22.0,13.0,7.0,0.0,0.0,140.0,151.0,158.0,121.0,138.33333333333334,23.551362310207807,145.58333333333334,-16.0,145.0,
Lahore,89,68.91075806908756,45.544238244410586,30.736790126499688,43.32535726584402,29.592888847641103,1.2944938650927824,27.224267600166968,87.94402207417377,990.1747696349794,8.883941817064304,2026-07-13 23:15:26.999717,23.0,13.0,7.0,0.0,0.0,124.0,110.0,177.0,104.0,123.66666666666669,22.00605977149703,144.95833333333334,-35.0,145.0,
Lahore,143,113.60318883927047,91.20757043149872,56.51755885665339,73.53610987521594,1.9145042158054988,3.357477815994156,36.0056252054537,88.2390979828674,1005.8512094109092,5.540675018000291,2026-07-14 00:15:26.999717,0.0,14.0,7.0,1.0,0.0,89.0,140.0,128.0,103.0,126.16666666666669,23.404415537814565,146.625,54.0,171.0,
Lahore,105,82.14708618799608,63.18770920743411,49.24414916938972,77.58591027436422,20.212409322344072,1.812439334276145,26.48737498112972,81.0718252487257,1008.4742882988322,11.812271860730718,2026-07-14 01:15:26.999717,1.0,14.0,7.0,1.0,0.0,143.0,124.0,151.0,116.0,118.5,21.05943968865367,146.16666666666666,-38.0,132.0,
Lahore,107,78.85976444029917,69.65902669537323,20.00044605563738,68.53680927523308,11.765601784965488,4.061896784001014,19.1543001752536,48.93593011713448,1012.94567634393,5.475073213703679,2026-07-14 02:15:26.999717,2.0,14.0,7.0,1.0,0.0,105.0,89.0,110.0,130.0,118.0,21.33541656495232,145.20833333333334,2.0,129.0,
Lahore,132,102.02659661504784,78.84889819241192,16.54211806744099,28.231892244396548,19.734298437454267,4.136496559764545,41.36322185539337,87.84169744994638,1012.0961076046086,1.3494080788023983,2026-07-14 03:15:26.999717,3.0,14.0,7.0,1.0,0.0,107.0,143.0,140.0,146.0,116.66666666666669,19.88634372293486,144.625,25.0,131.0,
Lahore,157,128.2063995250691,81.58861041256026,43.790581787136645,19.716173837772143,11.33119933953993,2.587043550899089,21.53507980495326,71.36045188057275,1011.0490170308448,11.911856967032591,2026-07-14 04:15:26.999717,4.0,14.0,7.0,1.0,0.0,132.0,105.0,124.0,118.0,122.16666666666669,25.95701575040363,146.25,25.0,127.0,
Lahore,121,98.40839270688252,71.8401630884198,37.99415827884919,46.10900487363638,20.538768741506903,1.3136478576693589,34.37769238461597,53.57640766904402,1013.6447817985426,0.2738487601781676,2026-07-14 05:15:26.999717,5.0,14.0,7.0,1.0,0.0,157.0,107.0,89.0,171.0,127.5,20.491461636496968,144.16666666666666,-36.0,148.0,
Lahore,151,121.64029902983413,95.90071909335634,49.48368068963779,38.97610627851414,22.147829774582465,3.4104873248686967,18.865220414929944,72.10049501908598,1003.4344796978428,6.598602713853026,2026-07-14 06:15:26.999717,6.0,14.0,7.0,1.0,0.0,121.0,132.0,143.0,144.0,128.83333333333334,21.912705598959967,144.45833333333334,30.0,144.0,
Lahore,158,121.4242575907331,90.33126990458145,46.940252503934325,70.83187566445497,21.0260265715897,4.967541582186139,23.883340572166183,30.991363787191595,990.1730023896208,3.709145864396511,2026-07-14 07:15:26.999717,7.0,14.0,7.0,1.0,0.0,151.0,157.0,105.0,149.0,137.66666666666666,21.04914883473148,144.83333333333334,7.0,153.0,
Lahore,171,135.89248418932166,100.66017515546274,41.26057669287575,12.502375330036529,4.304897459386416,3.301659040741355,26.934745427621444,38.769280936452816,990.2763599674252,6.042625812203818,2026-07-14 08:15:26.999717,8.0,14.0,7.0,1.0,0.0,158.0,121.0,107.0,143.0,148.33333333333334,18.457157599876016,146.0,13.0,184.0,
Lahore,169,124.31467476778576,100.5193324822451,59.31910858144461,24.33050459836389,20.049903804985853,0.6609861082130353,20.19026412223073,79.78114269338207,1003.6159763904463,6.704555431134259,2026-07-14 09:15:26.999717,9.0,14.0,7.0,1.0,0.0,171.0,151.0,132.0,117.0,154.5,18.08590611498314,148.16666666666666,-2.0,145.0,
Lahore,164,132.09238331942697,83.90243060065758,36.67948650552043,61.38492083890314,9.119638934168822,0.5778228909518717,27.148908561952457,68.73441821239027,1000.8818059715984,2.881150755341851,2026-07-14 10:15:26.999717,10.0,14.0,7.0,1.0,0.0,169.0,158.0,157.0,189.0,155.66666666666666,18.50045044496618,147.125,-5.0,194.0,
Lahore,160,135.14428853906784,104.35673787718738,15.655287825085992,12.12399837329841,1.835239746510672,1.9416288672153776,19.24339622077725,51.85168207751304,1001.2811263341362,6.682305068847143,2026-07-14 11:15:26.999717,11.0,14.0,7.0,1.0,0.0,164.0,171.0,121.0,191.0,162.16666666666666,7.413950813610704,145.83333333333334,-4.0,202.0,
Lahore,181,137.4293393397895,104.09312160051412,51.41367824079942,29.057331051627514,13.030089484779664,1.3810271308718218,30.093176552619035,60.03999841336312,1000.0101184302508,9.07273334406645,2026-07-14 12:15:26.999717,12.0,14.0,7.0,1.0,0.0,160.0,169.0,151.0,173.0,167.16666666666666,8.424171571533355,146.16666666666666,21.0,177.0,
Lahore,158,123.47036163341124,97.328677162364,22.59266811728545,34.03665455404874,13.57274998131023,4.158730432144887,32.92025781804524,84.30852897874601,1012.9431452272808,3.19811804692798,2026-07-14 13:15:26.999717,13.0,14.0,7.0,1.0,0.0,181.0,164.0,158.0,181.0,167.16666666666666,8.424171571533355,145.20833333333334,-23.0,137.0,
Lahore,119,96.84553389355064,70.96649431925894,48.86510740719592,51.69453474220175,14.548049867220948,4.301625501662002,16.68572566875629,67.89468656874519,998.9792587792448,4.601113599766885,2026-07-14 14:15:26.999717,14.0,14.0,7.0,1.0,0.0,158.0,160.0,171.0,188.0,158.5,21.021417649625302,142.33333333333334,-39.0,166.0,
Lahore,183,152.66421317213744,116.0880952817968,57.85535480000257,16.859948428952343,21.43990079633077,1.6637844708971428,38.52056726921854,53.88895703605981,1011.4056735440772,3.218912317968695,2026-07-14 15:15:26.999717,15.0,14.0,7.0,1.0,0.0,119.0,181.0,169.0,143.0,160.83333333333334,23.09473244414493,144.0,64.0,200.0,
Lahore,187,147.35887691849925,114.2302806121404,44.83977569821706,69.54533677622821,9.956470465131314,1.965401496274517,19.99880389613496,37.2195994438521,1012.571619844791,9.846716771858429,2026-07-14 16:15:26.999717,16.0,14.0,7.0,1.0,0.0,183.0,158.0,164.0,158.0,164.66666666666666,25.508168626278025,145.20833333333334,4.0,168.0,
Lahore,114,87.73874835367052,67.22537864239511,39.80150804749006,38.56566765997057,10.143134880013754,1.563111354718016,21.084785483648744,47.62480809753366,1002.487544249974,8.69978711051516,2026-07-14 17:15:26.999717,17.0,14.0,7.0,1.0,0.0,187.0,119.0,160.0,177.0,157.0,33.00303016391042,142.58333333333334,-73.0,141.0,
Lahore,133,96.5553842879196,75.3324245374036,33.01930878375203,73.77662839104174,2.756015430996557,4.587721463170688,32.8564456822427,88.700413967795,1001.1734509341272,10.454357246620887,2026-07-14 18:15:26.999717,18.0,14.0,7.0,1.0,0.0,114.0,183.0,181.0,128.0,149.0,31.81823376619128,142.79166666666666,19.0,143.0,
Lahore,158,126.91719064654052,98.7892535069107,28.22049329977016,40.09024352254487,20.917815263776586,2.76192200580027,27.65627863172918,56.241783771106654,1009.025515105386,2.0405987148199114,2026-07-14 19:15:26.999717,19.0,14.0,7.0,1.0,0.0,133.0,187.0,158.0,151.0,149.0,31.81823376619128,143.08333333333334,25.0,162.0,
Lahore,179,153.41038020071875,98.0327934802269,27.65023754859181,25.628019420555,17.466956650587935,3.4526166983690896,28.483681177618774,58.31036783069165,1007.699287690997,0.8829556579170186,2026-07-14 20:15:26.999717,20.0,14.0,7.0,1.0,0.0,158.0,114.0,119.0,110.0,159.0,29.87306479087771,145.95833333333334,21.0,148.0,
Lahore,131,106.1867923098234,81.82945210137946,41.81863528547953,15.637162151575616,11.133328268119854,2.369669390148215,18.460184583204583,59.91588194382092,998.2133779149052,1.4326020463040805,2026-07-14 21:15:26.999717,21.0,14.0,7.0,1.0,0.0,179.0,133.0,183.0,140.0,150.33333333333334,29.049383240727483,145.58333333333334,-48.0,126.0,
Lahore,110,87.88860510408144,60.50477624222564,47.56365584688729,5.280882103346361,21.450480388603285,3.33956387077039,36.75486719066302,83.04624137689267,992.563703148116,1.9322199938908369,2026-07-14 22:15:26.999717,22.0,14.0,7.0,1.0,0.0,131.0,158.0,187.0,124.0,137.5,26.50848920629037,145.0,-21.0,118.0,
Lahore,118,96.01041155383491,77.06141830978319,43.92585347422072,44.91181137386267,16.58337472757944,2.2363491952478123,31.66046464481367,66.2356970631186,996.621310004562,6.396991928097629,2026-07-14 23:15:26.999717,23.0,14.0,7.0,1.0,0.0,110.0,179.0,114.0,89.0,138.16666666666666,25.841181603531187,146.20833333333334,8.0,113.0,
Lahore,147,117.544539980257,89.00649771331348,19.92050505967813,13.036752269519257,14.60810343024565,2.0285529697815146,18.655315169355312,71.62062218711533,993.2757126453076,11.650944844353178,2026-07-15 00:15:26.999717,0.0,15.0,7.0,2.0,0.0,118.0,131.0,133.0,143.0,140.5,25.91331703970004,146.375,29.0,101.0,
Lahore,107,81.53492813869936,67.42061883925055,34.699359007174564,34.37958227233837,15.828411766172668,3.355160329280661,25.09798290969109,53.36481255294624,997.3683068944172,4.286824999401384,2026-07-15 01:15:26.999717,1.0,15.0,7.0,2.0,0.0,147.0,110.0,158.0,105.0,132.0,27.34958866235509,146.45833333333334,-40.0,152.0,
Lahore,107,89.71639957838853,64.6099440691236,49.58200360915315,49.1953820927815,19.45409563274464,3.159779351220452,36.88106818384581,31.74525711533846,996.54553913952,11.50209923232246,2026-07-15 02:15:26.999717,2.0,15.0,7.0,2.0,0.0,107.0,118.0,179.0,107.0,120.0,16.074825037929397,146.45833333333334,0.0,116.0,
Lahore,118,95.52880761555878,62.03811452429501,33.78520390945281,25.676442267702523,20.140075532663385,1.820875793755773,30.34558624163876,85.85837485457066,1005.9427855971678,0.4584095398701566,2026-07-15 03:15:26.999717,3.0,15.0,7.0,2.0,0.0,107.0,147.0,131.0,132.0,117.83333333333331,15.144856112446632,145.875,11.0,152.0,
Lahore,115,92.08806625966828,64.6963541830233,36.83116398677469,18.141821927458643,9.379776755080798,1.1720680264376304,17.933517036589123,86.94766085498438,1013.8624007113694,11.1224664337759,2026-07-15 04:15:26.999717,4.0,15.0,7.0,2.0,0.0,118.0,107.0,110.0,157.0,118.66666666666669,14.760307133210702,144.125,-3.0,164.0,
Lahore,144,110.32316986360875,89.76194668805691,48.55680240854111,63.10412169570062,5.081557538343444,2.1585951222716195,25.064980236310745,86.94918320088307,1007.143593308262,2.173831287659654,2026-07-15 05:15:26.999717,5.0,15.0,7.0,2.0,0.0,115.0,107.0,118.0,121.0,123.0,17.988885457416114,145.08333333333334,29.0,161.0,
Lahore,182,152.11753965967378,110.03327908679924,43.063265313254576,76.00933792112154,5.542391254525044,2.3683893761385915,21.55274875830484,86.62122519880299,1013.1662352016142,10.949699828632186,2026-07-15 06:15:26.999717,6.0,15.0,7.0,2.0,0.0,144.0,118.0,147.0,151.0,128.83333333333334,29.38990756478649,146.375,38.0,141.0,
Lahore,156,128.12351372666555,99.50494952652836,30.46724604411963,12.53303133964745,19.54233569118705,3.329079500410722,28.97156994865061,78.91451646417366,1009.6033064652112,0.674729161385534,2026-07-15 07:15:26.999717,7.0,15.0,7.0,2.0,0.0,182.0,115.0,107.0,158.0,137.0,28.913664589602178,146.29166666666666,-26.0,158.0,
Lahore,153,119.6353958131635,93.81637281518586,54.77063555971095,16.669274328875588,26.31332528724665,4.615379436365886,37.77075047954372,71.07576300697961,1008.1969405517792,11.378633369940392,2026-07-15 08:15:26.999717,8.0,15.0,7.0,2.0,0.0,156.0,144.0,107.0,171.0,144.66666666666666,25.232254490367467,145.54166666666666,-3.0,157.0,
Lahore,159,132.20912426840968,90.56649054648668,18.128353433173928,77.0009492939539,12.875392072021002,0.6628315888981631,26.779212639719333,80.67059509603715,1000.3515485053337,2.40957917182633,2026-07-15 09:15:26.999717,9.0,15.0,7.0,2.0,0.0,153.0,182.0,118.0,169.0,151.5,21.897488440458,145.125,6.0,147.0,
Lahore,140,109.51214580807395,80.01967931139683,59.77582242951624,7.83381663591847,5.916084649554409,1.596474556438302,26.700234819944725,66.03277434006218,998.1198625715842,3.632568720877929,2026-07-15 10:15:26.999717,10.0,15.0,7.0,2.0,0.0,159.0,156.0,115.0,164.0,155.66666666666666,14.787382008545384,144.125,-19.0,178.0,
Lahore,194,151.28998253744484,116.91458695261618,15.94262892381186,78.32242524128542,22.941472450521783,1.3717217402580215,39.44447436282999,38.06217683352142,1011.156934311823,5.891308129235497,2026-07-15 11:15:26.999717,11.0,15.0,7.0,2.0,0.0,140.0,153.0,144.0,160.0,164.0,20.049937655762733,145.54166666666666,54.0,153.0,
Lahore,177,137.80148441259857,94.62977966999948,10.747498555211944,5.348336231374158,25.14219475816401,2.7603248391220263,30.557006137696355,53.47308990248526,1012.6348308232252,4.568650574825703,2026-07-15 12:15:26.999717,12.0,15.0,7.0,2.0,0.0,194.0,159.0,182.0,181.0,163.16666666666666,19.23971586761718,145.375,-17.0,203.0,
Lahore,176,131.94465723455954,113.96720942811493,54.50094505743824,70.52514917384985,26.53689085050803,2.433653631694219,30.287159359729984,88.27769471837625,1001.2970623412732,8.0103356311578,2026-07-15 13:15:26.999717,13.0,15.0,7.0,2.0,0.0,177.0,140.0,156.0,158.0,166.5,19.48075973877735,146.125,-1.0,170.0,
Lahore,242,195.95771190209103,147.40873368188778,22.247675418297803,28.049388574081213,18.598111438498265,3.780669307190848,22.07156708063552,51.06826881573938,990.226577454666,11.697693207000928,2026-07-15 14:15:26.999717,14.0,15.0,7.0,2.0,0.0,176.0,194.0,153.0,119.0,181.3333333333333,34.91513520905529,151.25,66.0,182.0,
Lahore,180,134.84427560830824,114.13517298524437,46.48498137233605,75.39416436329724,25.96112822225445,1.5908716064518873,31.40851419160241,82.06967482388217,1009.8132764726618,7.277117889659289,2026-07-15 15:15:26.999717,15.0,15.0,7.0,2.0,0.0,242.0,177.0,159.0,183.0,184.8333333333333,33.24103889270923,151.125,-62.0,180.0,
Lahore,153,116.2577808436712,83.89698029595415,50.55076874660347,28.77089664766891,1.4470337950038226,3.1752426458739134,30.549582620269703,35.59268824649217,997.1267210118071,8.657824913238592,2026-07-15 16:15:26.999717,16.0,15.0,7.0,2.0,0.0,180.0,176.0,140.0,187.0,187.0,29.99999999999896,149.70833333333334,-27.0,163.0,
Lahore,153,112.02205995460734,98.02282580177628,52.94931955160584,54.0729741150542,4.109838251316182,4.4773576861998166,25.71498969923033,50.05103054252818,990.247196625423,1.056063003668418,2026-07-15 17:15:26.999717,17.0,15.0,7.0,2.0,0.0,153.0,242.0,194.0,114.0,180.16666666666663,32.63995506532775,151.33333333333334,0.0,173.0,
Lahore,177,141.16965153604554,117.35749455513874,59.57971178320834,11.00244273244525,3.684705944510864,4.598049829632371,41.748780279277874,51.057199483642776,1010.124713974403,7.533749148840064,2026-07-15 18:15:26.999717,18.0,15.0,7.0,2.0,0.0,153.0,180.0,177.0,133.0,180.16666666666663,32.63995506532775,153.16666666666666,24.0,144.0,
Lahore,148,117.64839769864064,82.19560822311341,24.70198550199996,23.174735859030424,21.665535843387257,4.81453072126264,38.81105605359834,33.09615258653881,1002.9353547204224,5.446197324556958,2026-07-15 19:15:26.999717,19.0,15.0,7.0,2.0,0.0,177.0,153.0,176.0,158.0,175.5,35.25195030065649,152.75,-29.0,163.0,
Lahore,109,85.56651893406818,69.25700897451883,45.51216709636296,63.02595098594381,3.0178717227637915,3.979675184359949,35.23882983207402,37.1456598112053,1007.1302686584618,10.62938829503554,2026-07-15 20:15:26.999717,20.0,15.0,7.0,2.0,0.0,148.0,153.0,242.0,179.0,153.33333333333334,25.55516907920304,149.83333333333334,-39.0,111.0,
Lahore,149,113.98711152664713,89.40554972343645,15.76999291404141,44.65143902591148,15.394566801522904,4.576945578165118,29.50833088715101,41.58991266730626,1012.867245528612,4.658533195717224,2026-07-15 21:15:26.999717,21.0,15.0,7.0,2.0,0.0,109.0,177.0,180.0,131.0,148.16666666666666,21.96740008891956,150.58333333333334,40.0,133.0,
Lahore,112,83.7388312328168,59.47783075875879,30.34046456784247,74.59767963402835,14.708500060452383,1.555388923933734,27.475614651155016,80.26893544860678,1003.5293457534526,8.153449728599028,2026-07-15 22:15:26.999717,22.0,15.0,7.0,2.0,0.0,149.0,148.0,153.0,110.0,141.33333333333334,26.143195418056184,150.66666666666666,-37.0,164.0,
Lahore,159,129.5218493177329,97.86441985925934,52.39858466562952,37.15635562560157,10.010402183188988,1.389114249577147,19.992229671026383,33.80411939638839,1002.5798518144742,2.737844739108949,2026-07-15 23:15:26.999717,23.0,15.0,7.0,2.0,0.0,112.0,109.0,153.0,118.0,142.33333333333334,26.78556825357029,152.375,47.0,101.0,
Lahore,141,110.04724034145757,88.76801602418674,28.38290230295542,70.23592743604424,26.241749928320896,0.5291963770123691,23.25491179839484,47.92205408066323,997.2665530337066,3.112470402290352,2026-07-16 00:15:26.999717,0.0,16.0,7.0,3.0,0.0,159.0,149.0,177.0,147.0,136.33333333333334,20.8390658779774,152.125,-18.0,106.0,
Lahore,111,90.38179160768074,63.59436723665576,39.554769026780704,38.67165781086781,5.942562854519884,3.6807996084309424,35.89694159522668,30.61050015535605,997.6298458609988,4.513469171067284,2026-07-16 01:15:26.999717,1.0,16.0,7.0,3.0,0.0,141.0,112.0,148.0,107.0,130.16666666666666,22.1306725308268,152.29166666666666,-30.0,130.0,
Lahore,148,113.97375656937888,94.62958260127613,35.1886721862317,78.4436209026489,11.221420747577955,4.71860234516185,27.25122175631389,71.73766472418149,1009.9135516507412,3.6487624500780327,2026-07-16 02:15:26.999717,2.0,16.0,7.0,3.0,0.0,111.0,159.0,109.0,107.0,136.66666666666666,20.32404159282009,154.0,37.0,126.0,
Lahore,129,104.1053137138554,69.066182966054,42.297576555602255,76.98757860491575,23.450973500664944,1.3412090526875438,38.82127694737653,67.21818540260278,1001.2257311396484,3.046546072680898,2026-07-16 03:15:26.999717,3.0,16.0,7.0,3.0,0.0,148.0,141.0,149.0,118.0,133.33333333333334,19.52092893964544,154.45833333333334,-19.0,135.0,
Lahore,151,127.31639018658034,83.12621926775178,58.644719469384746,29.685252916706023,1.882247117405243,3.366246089420955,18.99360068132928,68.6989357231885,994.088155215203,0.5960244708097115,2026-07-16 04:15:26.999717,4.0,16.0,7.0,3.0,0.0,129.0,111.0,112.0,115.0,139.83333333333334,17.37143248746851,155.95833333333334,22.0,144.0,
Lahore,151,123.73082900196393,91.28298697794376,12.786776325070106,71.44427528126025,20.51556160714469,3.859068916497999,28.725371592368184,52.46296708287713,992.3632191000124,10.040955981029509,2026-07-16 05:15:26.999717,5.0,16.0,7.0,3.0,0.0,151.0,148.0,159.0,144.0,138.5,15.846135175493483,156.25,0.0,154.0,
Lahore,133,104.3379309089176,79.92692638986135,38.698075875081486,68.5708530661737,24.675534064485547,4.674264058166254,32.468073468575334,42.49606927605414,1001.8230029215443,0.7716183706954118,2026-07-16 06:15:26.999717,6.0,16.0,7.0,3.0,0.0,151.0,129.0,141.0,182.0,137.16666666666666,15.930055450835086,154.20833333333334,-18.0,172.0,
Lahore,137,110.88599485177964,78.61713255787947,53.15143896251424,20.80102979956721,28.03576732630685,3.410871008077497,28.954908320314,73.219212797162,1001.6238755904432,10.648386187235612,2026-07-16 07:15:26.999717,7.0,16.0,7.0,3.0,0.0,133.0,151.0,111.0,156.0,141.5,9.710818709048532,153.41666666666666,4.0,158.0,
Lahore,178,141.19667412734893,110.84797217985944,34.06913558742137,51.821780058745226,26.412602574253064,4.866321797369386,39.00912607279466,78.66707236444171,1006.3364569551348,1.5055846688167231,2026-07-16 08:15:26.999717,8.0,16.0,7.0,3.0,0.0,137.0,151.0,148.0,153.0,146.5,17.952715672009038,154.45833333333334,41.0,153.0,
Lahore,158,126.43940092347364,97.45447157107976,13.92635929707864,10.451173669236114,10.26213938817687,2.051029134556465,41.71820860938678,38.3160898858921,1001.7766869436284,0.7831408447519084,2026-07-16 09:15:26.999717,9.0,16.0,7.0,3.0,0.0,178.0,133.0,129.0,159.0,151.33333333333334,16.107969042267793,154.41666666666666,-20.0,179.0,
Lahore,163,128.7719447392575,102.09069535467007,38.02696762083855,67.75330404375961,18.004560098365623,2.0746784019713345,18.127535775216984,59.20976567624528,993.5868926033554,6.756057167768365,2026-07-16 10:15:26.999717,10.0,16.0,7.0,3.0,0.0,158.0,137.0,151.0,140.0,153.33333333333334,16.788885212147182,155.375,5.0,209.0,
Lahore,157,124.77832397057306,93.58431782323866,26.60369454119102,18.09094126276224,3.2415113013635097,2.943556295064555,18.50878241007687,44.92294091873176,1002.6950721199628,6.029301510896661,2026-07-16 11:15:26.999717,11.0,16.0,7.0,3.0,0.0,163.0,178.0,151.0,194.0,154.33333333333334,16.800793632047643,153.83333333333334,-6.0,173.0,
Lahore,187,150.66046676537087,115.2129013398917,17.747089266896793,10.31110260393234,8.47823010289225,2.225758465021582,18.51875106612327,40.08641167236802,1012.6697350971506,5.894814825982621,2026-07-16 12:15:26.999717,12.0,16.0,7.0,3.0,0.0,157.0,158.0,133.0,177.0,163.33333333333334,17.534727447743176,154.25,30.0,159.0,
Lahore,221,171.83320650209026,130.37174848485003,52.45172566417365,35.01643216541084,3.732448983677714,0.5064157772938969,33.39178159390424,74.05951880969994,993.9860352905054,6.894051930016774,2026-07-16 13:15:26.999717,13.0,16.0,7.0,3.0,0.0,187.0,163.0,137.0,176.0,177.33333333333334,24.467665738002363,156.125,34.0,202.0,
Lahore,156,119.72060586505012,103.86909345043296,36.07997564955608,48.26916039497326,10.140431414464953,3.792974112891443,25.062254578387623,62.28581612837022,1007.2438660244436,3.444679273429869,2026-07-16 14:15:26.999717,14.0,16.0,7.0,3.0,0.0,221.0,157.0,178.0,242.0,173.66666666666666,25.95123632250728,152.54166666666666,-65.0,175.0,
Lahore,174,132.25728723084396,100.33727114939006,56.66382061895333,69.11877189198283,26.38042919030314,3.882726686653175,34.79949585417946,42.97111994272007,1004.8464816241382,7.955391281155334,2026-07-16 15:15:26.999717,15.0,16.0,7.0,3.0,0.0,156.0,187.0,158.0,180.0,176.33333333333334,24.81666107006776,152.29166666666666,18.0,131.0,
Lahore,197,149.59864447748149,128.72648714729155,50.30082523015345,78.06818941413025,11.067838350554489,3.861385721090467,25.947729767948424,48.6000006726927,1008.7146431677952,6.028826636486199,2026-07-16 16:15:26.999717,16.0,16.0,7.0,3.0,0.0,174.0,221.0,163.0,153.0,182.0,25.04396134799645,154.125,23.0,185.0,
Lahore,160,121.9135865388976,96.17443973544704,44.648589688683366,37.96193844273977,17.295044987041365,2.0525929997471,31.94538147596572,87.99922027966454,993.76500683569,4.016921603487903,2026-07-16 17:15:26.999717,17.0,16.0,7.0,3.0,0.0,197.0,156.0,157.0,153.0,182.5,24.468346899615828,154.41666666666666,-37.0,151.0,
Lahore,163,131.19731253402065,90.92244555215628,10.251275168265597,9.533519223895263,13.568044595333284,2.850302629900274,35.78616615333013,80.9207738825134,1013.54013342265,9.918008003768737,2026-07-16 18:15:26.999717,18.0,16.0,7.0,3.0,0.0,160.0,174.0,187.0,177.0,178.5,25.524498036199383,153.83333333333334,3.0,152.0,
Lahore,124,94.73606242254058,81.24039675244299,31.3911728319125,61.1836684269403,14.308579204663324,2.1198808317950126,29.801829587682857,82.7968045723877,1005.5241606941788,8.732653155920522,2026-07-16 19:15:26.999717,19.0,16.0,7.0,3.0,0.0,163.0,197.0,221.0,148.0,162.33333333333334,23.888630489557983,152.83333333333334,-39.0,152.0,
Lahore,146,119.3680723211555,88.22950694197479,19.87431408260161,47.387994216795306,29.117589503260188,0.5721638001379059,29.566596942150163,57.600725824842485,1011.1767784422784,4.723324103335464,2026-07-16 20:15:26.999717,20.0,16.0,7.0,3.0,0.0,124.0,160.0,156.0,109.0,160.66666666666666,24.7521042876488,154.375,22.0,141.0,
Lahore,127,101.77356874376282,80.45562049190119,55.53989555244339,38.591850863334734,9.58847957965188,3.0310202357213845,17.38232678271213,67.4284358352525,996.1651690920058,10.171413422746474,2026-07-16 21:15:26.999717,21.0,16.0,7.0,3.0,0.0,146.0,163.0,174.0,149.0,152.83333333333334,27.021596301230147,153.45833333333334,-19.0,145.0,
Lahore,145,106.15747893280974,93.11927959271296,18.72919923381801,28.195165909414225,19.192409616171968,1.0569229973780496,26.09110705855474,52.6060644122647,1008.4853222349492,11.04309900134129,2026-07-16 22:15:26.999717,22.0,16.0,7.0,3.0,0.0,127.0,124.0,197.0,112.0,144.16666666666666,16.191561588267774,154.83333333333334,18.0,116.0,
Lahore,145,119.27487792110846,88.68977777072513,24.303002582964275,42.679889588265176,13.181817417803964,0.8601859584114827,29.735983137073315,34.66271854133343,1009.525767608348,6.44239520501235,2026-07-16 23:15:26.999717,23.0,16.0,7.0,3.0,0.0,145.0,146.0,160.0,159.0,141.66666666666666,14.306175822583493,154.25,0.0,131.0,
Lahore,171,140.85399322795857,99.63879577593592,35.84183838672496,30.40097033427732,2.7732392503829,3.8997458091355424,27.47348229299307,54.06415863940696,999.9358818096767,2.5794294018830493,2026-07-17 00:15:26.999717,0.0,17.0,7.0,4.0,0.0,145.0,127.0,163.0,141.0,143.0,16.840427548016812,155.5,26.0,114.0,
Lahore,132,100.63068662582576,84.07856688834626,23.168180949903963,61.77589008105202,15.190594117102844,0.5427779108814753,39.32111400508749,65.63884519242868,999.5988363220856,10.989505878563843,2026-07-17 01:15:26.999717,1.0,17.0,7.0,4.0,0.0,171.0,145.0,124.0,111.0,144.33333333333334,15.279616051022618,156.375,-39.0,135.0,
Lahore,129,105.30095771447496,77.40377753727297,20.493233863956057,45.79202723694808,24.58695654230814,4.815537996239268,39.47632706722621,47.22865624608789,1006.4449066256436,2.273755441146206,2026-07-17 02:15:26.999717,2.0,17.0,7.0,4.0,0.0,132.0,145.0,146.0,148.0,141.5,16.440802900102106,155.58333333333334,-3.0,135.0,
Lahore,131,100.51750881295402,82.0292890930421,39.95496625513762,70.76358306155839,3.863836091768962,2.818649138506596,37.19176927589657,80.87703448364495,992.3351920440056,0.5810787170072298,2026-07-17 03:15:26.999717,3.0,17.0,7.0,4.0,0.0,129.0,171.0,127.0,129.0,142.16666666666666,15.804007930479896,155.66666666666666,2.0,109.0,
Lahore,127,102.08835188374168,65.4313471310427,14.446476137751194,45.76579359870816,3.01816357449296,4.923573938177668,25.13304803507424,39.06600955047592,1008.3906037554376,3.9298441064775695,2026-07-17 04:15:26.999717,4.0,17.0,7.0,4.0,0.0,131.0,132.0,145.0,151.0,139.16666666666666,16.833498349026446,154.66666666666666,-4.0,156.0,
Lahore,148,112.07750796522518,91.03490858504924,12.908387936046235,22.86968100049475,5.455314091404733,0.7609890761271879,34.36707709556343,52.02774536621519,991.0721689959852,8.723596133532478,2026-07-17 05:15:26.999717,5.0,17.0,7.0,4.0,0.0,127.0,129.0,145.0,151.0,139.66666666666666,17.084105673598348,154.54166666666666,21.0,131.0,
Lahore,144,106.23446773732712,83.20707087427485,28.61226475930357,68.83189116741084,23.16760323028988,3.125882969896609,25.672788448879466,37.494234319452175,994.7647575280206,11.079289036242594,2026-07-17 06:15:26.999717,6.0,17.0,7.0,4.0,0.0,148.0,131.0,171.0,133.0,135.16666666666666,8.658329323067024,155.0,-4.0,166.0,
Lahore,153,120.48591405193515,100.06654818589266,46.03322272539312,46.7914283697533,21.9958661401974,2.0719716618916006,21.28002717234549,54.28992803911352,1006.6035939310342,7.647427761773279,2026-07-17 07:15:26.999717,7.0,17.0,7.0,4.0,0.0,144.0,127.0,132.0,137.0,138.66666666666666,11.03932365078028,155.66666666666666,9.0,157.0,
Lahore,184,146.58135526862583,113.51543673944546,37.7403379136974,20.51307786076709,17.385515298277205,4.295671217664286,24.258371375873804,32.37967829845623,992.4580916772992,11.42206256359992,2026-07-17 08:15:26.999717,8.0,17.0,7.0,4.0,0.0,153.0,148.0,129.0,178.0,147.83333333333334,20.33142067506997,155.91666666666666,31.0,194.0,
Lahore,145,114.01160153192698,88.19928872924649,31.143823423338944,51.76308574671666,14.57856571868634,2.1255023085542883,16.916045098709457,46.35296370369873,1014.2960522869198,1.1084500713107597,2026-07-17 09:15:26.999717,9.0,17.0,7.0,4.0,0.0,184.0,144.0,131.0,158.0,150.16666666666666,18.75544365422101,155.375,-39.0,161.0,
Lahore,194,149.27984720888722,118.8315499667511,38.28757821122912,31.828757370682062,26.76144862637604,1.672194105758071,23.95799274312548,54.04411530682102,1011.7099052365476,0.7290447550562407,2026-07-17 10:15:26.999717,10.0,17.0,7.0,4.0,0.0,145.0,153.0,127.0,163.0,161.33333333333334,21.88759161412333,156.66666666666666,49.0,164.0,
Lahore,202,159.60050468934435,116.2077957356164,28.27257423266368,68.33042092190493,23.234236891171,4.35898907194961,27.440039866051634,58.689921796601496,1005.6575583101684,7.250303408923969,2026-07-17 11:15:26.999717,11.0,17.0,7.0,4.0,0.0,194.0,184.0,148.0,157.0,170.33333333333334,26.020504735047467,158.54166666666666,8.0,176.0,
Lahore,177,142.94647376290365,114.31628345264028,56.80731677160564,38.99748039849072,24.54632528775235,2.185938912439674,40.79798415908241,62.62178150850851,1010.4764363917336,11.593395869913058,2026-07-17 12:15:26.999717,12.0,17.0,7.0,4.0,0.0,202.0,145.0,144.0,187.0,175.83333333333334,22.604571808964195,158.125,-25.0,173.0,
Lahore,137,109.37553484938732,92.15685209208452,12.745244545538716,59.48310185805625,24.58460673916897,0.5757499393725266,23.462085827929872,46.49946778739513,1012.1895012147392,6.032655707456688,2026-07-17 13:15:26.999717,13.0,17.0,7.0,4.0,0.0,177.0,194.0,153.0,221.0,173.16666666666666,26.453103157599926,154.625,-40.0,195.0,
Lahore,166,133.71250515299607,101.56456755274108,43.66957395149176,12.165215572717788,19.638797487621183,2.256300953777002,39.36624555854905,61.38248007689234,996.4868912392956,0.6181827112716616,2026-07-17 14:15:26.999717,14.0,17.0,7.0,4.0,0.0,137.0,202.0,184.0,156.0,170.16666666666666,25.99551243323793,155.04166666666666,29.0,145.0,
Lahore,200,156.64942399772883,127.9520178428682,54.56413324138752,34.70182597267596,14.28242410516243,3.4453502105492384,21.17917344723442,60.54027729372359,1011.235289698733,2.654623872929474,2026-07-17 15:15:26.999717,15.0,17.0,7.0,4.0,0.0,166.0,177.0,145.0,174.0,179.33333333333334,25.02532051076696,156.125,34.0,153.0,
Lahore,168,140.2585895735808,97.95425900663732,50.19423543676267,78.7431077354299,26.07565482498386,1.6446179246287185,20.156160239499734,48.9706830525725,994.86984459094,2.937514876989248,2026-07-17 16:15:26.999717,16.0,17.0,7.0,4.0,0.0,200.0,137.0,194.0,197.0,175.0,24.215697388263536,154.91666666666666,-32.0,147.0,
Lahore,141,106.91913331722613,80.61443216887508,19.20205174107234,65.63452171078612,27.85421511049427,2.443944165913208,29.01287732366845,79.8120198393887,1000.3335566037204,4.054285549643399,2026-07-17 17:15:26.999717,17.0,17.0,7.0,4.0,0.0,168.0,166.0,202.0,160.0,164.83333333333334,23.404415537813307,154.125,-27.0,180.0,
Lahore,143,116.8378014854336,86.00462374364461,24.796317449014417,16.99556017751965,1.6903752544919477,0.7552181222700148,33.15780697102996,62.73846759561391,1003.9564907812148,0.5232406030345516,2026-07-17 18:15:26.999717,18.0,17.0,7.0,4.0,0.0,141.0,200.0,177.0,163.0,159.16666666666666,23.978462558442864,153.29166666666666,2.0,188.0,
Lahore,162,135.5094554647998,99.3747051918395,45.85239693535524,25.83230371079413,2.495091324721288,3.1464175618128074,16.196970771661597,49.9361831247927,1007.8472740768508,10.858712405974996,2026-07-17 19:15:26.999717,19.0,17.0,7.0,4.0,0.0,143.0,168.0,137.0,124.0,163.33333333333334,21.38847041437604,154.875,19.0,143.0,
Lahore,148,120.80454046374447,86.8300665937844,14.213527959038275,29.73618566422708,28.80355561034468,3.903327157371772,20.96877835627485,86.84031072484659,990.7535329430632,6.186767336657943,2026-07-17 20:15:26.999717,20.0,17.0,7.0,4.0,0.0,162.0,141.0,166.0,146.0,160.33333333333334,22.1870833294204,154.95833333333334,-14.0,134.0,
Lahore,126,99.78737886467586,78.28884095184242,50.593084991629205,53.77741703715843,9.037657801481648,2.3599065263049965,27.303458995535543,80.70674478426966,997.2627353194548,8.05116951544931,2026-07-17 21:15:26.999717,21.0,17.0,7.0,4.0,0.0,148.0,143.0,200.0,127.0,148.0,15.19210321186632,154.91666666666666,-22.0,132.0,
Lahore,118,91.75851476668512,72.33194741036706,45.94534723023951,61.77460696172417,26.327713749833144,2.39104684760657,23.9371170715459,88.95526869310805,1005.2129774552598,0.8060740427401076,2026-07-17 22:15:26.999717,22.0,17.0,7.0,4.0,0.0,126.0,162.0,168.0,145.0,139.66666666666666,15.731073284003218,153.79166666666666,-8.0,148.0,
Lahore,113,95.58043825523129,62.80846612354472,46.48033246176713,61.21449566059324,12.275058449880676,0.897271243632124,34.24076914240469,71.53403247872524,998.934216978728,0.6493856136437928,2026-07-17 23:15:26.999717,23.0,17.0,7.0,4.0,0.0,118.0,148.0,141.0,145.0,135.0,19.0578067993151,152.45833333333334,-5.0,103.0,
Lahore,101,73.68512537369165,63.19396508725861,15.01206851337957,43.24055422298021,4.453901670671312,1.4087338903039217,28.80133609311555,52.693374330362815,1009.3756263907374,7.037613264486566,2026-07-18 00:15:26.999717,0.0,18.0,7.0,5.0,1.0,113.0,126.0,143.0,171.0,128.0,22.86482013924519,149.54166666666666,-12.0,124.0,
Lahore,152,116.7493786981018,95.5176412126076,45.888027240811546,65.81154033786135,3.3328528060706937,1.196038864075607,19.329695851305303,46.85164000074074,1006.291304028768,10.647552126050496,2026-07-18 01:15:26.999717,1.0,18.0,7.0,5.0,1.0,101.0,118.0,162.0,132.0,126.33333333333331,20.08647969821247,150.375,51.0,140.0,
Lahore,116,90.8122111725414,70.45734658795195,43.9909062609985,37.78085620681063,5.538729073333238,2.667594958976921,39.15056524150744,69.79907062046885,995.8600363430934,6.341784011514564,2026-07-18 02:15:26.999717,2.0,18.0,7.0,5.0,1.0,152.0,113.0,148.0,129.0,121.0,17.227884373887697,149.83333333333334,-36.0,133.0,
Lahore,152,127.78826878756,96.96324051630846,51.54612454109253,14.291042397167145,8.246902651153576,2.8816499342783755,22.908453238050708,88.84899494971822,993.6482244898084,10.533830070840857,2026-07-18 03:15:26.999717,3.0,18.0,7.0,5.0,1.0,116.0,101.0,126.0,131.0,125.33333333333331,21.4817752214919,150.70833333333334,36.0,131.0,
Lahore,164,133.0988381802045,92.31298103251524,12.079797812823475,47.333138124036,15.16703226399396,4.77023059077917,34.74053994203943,67.60290480623092,1005.7261748396762,9.731895276662872,2026-07-18 04:15:26.999717,4.0,18.0,7.0,5.0,1.0,152.0,152.0,118.0,127.0,133.0,26.06146580681954,152.25,12.0,154.0,
Lahore,161,123.95977120744878,98.93975211065926,11.15553342338961,76.422603845083,21.343439116407723,0.8295417692475526,36.05772603584607,82.89689645939029,1001.261683192619,0.910245429539049,2026-07-18 05:15:26.999717,5.0,18.0,7.0,5.0,1.0,164.0,116.0,113.0,148.0,141.0,26.06146580681929,152.79166666666666,-3.0,87.0,
Lahore,141,111.2484614730755,78.74859646801612,28.65035499392804,64.47452385443836,29.6055587180737,3.199405879197712,41.00525790691476,49.74620586286612,994.2239260275328,2.4234896926282787,2026-07-18 06:15:26.999717,6.0,18.0,7.0,5.0,1.0,161.0,152.0,101.0,144.0,147.66666666666666,17.489044189625307,152.66666666666666,-20.0,163.0,
Lahore,158,123.32838427951852,89.22959320883456,17.439414192457644,48.40254857691818,13.80369555538596,2.869243372977086,28.459701596150737,54.41722694845534,998.1593551329596,7.89252802986411,2026-07-18 07:15:26.999717,7.0,18.0,7.0,5.0,1.0,141.0,164.0,152.0,153.0,148.66666666666666,17.951787283350505,152.875,17.0,136.0,
Lahore,157,122.05105503883232,91.04534583131104,37.9192238785111,53.51042452618227,16.027363327950184,2.823048940711231,31.62755891753967,84.3765143753612,997.5761687079648,5.322016590600499,2026-07-18 08:15:26.999717,8.0,18.0,7.0,5.0,1.0,158.0,161.0,116.0,184.0,155.5,8.167006795637358,151.75,-1.0,121.0,
Lahore,147,122.4944477927839,83.48969908212878,55.86744507533744,74.79215202766795,16.13265534011441,4.429216793222719,24.04165992394741,75.41200211746913,992.7032993084844,3.4883977637630466,2026-07-18 09:15:26.999717,9.0,18.0,7.0,5.0,1.0,157.0,141.0,152.0,145.0,154.66666666666666,8.824209124145622,151.83333333333334,-10.0,175.0,
Lahore,178,135.54128435368247,104.06002090629433,29.573986516700785,37.12570958262204,16.643596309150148,1.424923118129689,33.31084092212579,88.88461922207435,1003.6727254816308,5.0236062725757495,2026-07-18 10:15:26.999717,10.0,18.0,7.0,5.0,1.0,147.0,158.0,164.0,194.0,157.0,12.759310326188652,151.16666666666666,31.0,199.0,
Lahore,153,130.44390427867188,90.72924844644405,52.247518863630205,29.8545604206978,16.014479056029405,0.6834797345361716,27.511354118390635,76.48585258393452,1009.0912158478138,5.342395755247612,2026-07-18 11:15:26.999717,11.0,18.0,7.0,5.0,1.0,178.0,157.0,161.0,202.0,155.66666666666666,12.675435561220498,149.125,-25.0,173.0,
Lahore,203,166.54114845092312,125.98577243165693,10.012043725893324,78.29311737503367,1.2544678967956169,3.5252217843538665,26.8166138475594,56.91094243309391,1004.3866722213248,10.92662700985916,2026-07-18 12:15:26.999717,12.0,18.0,7.0,5.0,1.0,153.0,147.0,141.0,177.0,166.0,20.91889098398789,150.20833333333334,50.0,198.0,
Lahore,170,141.4543083530185,100.39420480647148,18.42573217295921,69.75823501327501,1.0500198411853805,2.053208588611911,38.09762328613485,61.86408118934179,1010.6572841234338,1.2414994044594363,2026-07-18 13:15:26.999717,13.0,18.0,7.0,5.0,1.0,203.0,178.0,158.0,137.0,168.0,20.571825392997248,151.58333333333334,-33.0,212.0,
Lahore,182,143.2853024398737,101.27187146615204,11.52117698270428,29.22826884639517,3.832323225657565,0.5791546229563607,16.354558774464593,84.03092954778819,993.1892136803858,3.35676896169138,2026-07-18 14:15:26.999717,14.0,18.0,7.0,5.0,1.0,170.0,153.0,157.0,166.0,172.16666666666666,20.42955375593472,152.25,12.0,204.0,
Lahore,180,143.25029640460446,113.7003392324758,26.40735902575344,39.78354480206921,3.945141499446186,1.6311830328068622,38.81298555146045,63.09880416588288,1000.8902964455556,6.450777798992567,2026-07-18 15:15:26.999717,15.0,18.0,7.0,5.0,1.0,182.0,203.0,147.0,200.0,177.66666666666666,16.329931618553008,151.41666666666666,-2.0,207.0,
Lahore,163,123.23424092737643,93.6145493319248,55.40947978482514,36.13085967558493,21.442010359689085,1.8919704839756533,38.00588562137104,45.32384244986671,1005.2353775914524,8.3794431195671,2026-07-18 16:15:26.999717,16.0,18.0,7.0,5.0,1.0,180.0,170.0,178.0,168.0,175.16666666666666,17.382941830041926,151.20833333333334,-17.0,183.0,
Lahore,173,135.776687964666,103.50639786447684,14.847606179949388,16.182175900357542,6.942564942963993,3.2757726955290893,28.671888846168308,56.13718876619697,1006.9000390235476,7.567647467510923,2026-07-18 17:15:26.999717,17.0,18.0,7.0,5.0,1.0,163.0,182.0,153.0,141.0,178.5,13.838352503096218,152.54166666666666,10.0,163.0,
Lahore,144,117.66827423821576,88.63268253470355,40.32048883719002,76.83644928599443,26.94670903791277,1.2766360732217246,28.23547706355196,60.97895933094708,1007.3946576605856,11.299712852848732,2026-07-18 18:15:26.999717,18.0,18.0,7.0,5.0,1.0,173.0,180.0,203.0,143.0,168.66666666666666,13.909229549713816,152.58333333333334,-29.0,122.0,
Lahore,163,136.88031530890697,98.7980520920139,32.57479695597221,35.323432341481904,27.929583557733565,2.358744565790291,24.76879893695824,35.80319001306778,1008.2241356774472,9.54730709783368,2026-07-18 19:15:26.999717,19.0,18.0,7.0,5.0,1.0,144.0,163.0,170.0,162.0,167.5,14.067693485428494,152.625,19.0,140.0,
Lahore,111,83.26421591598775,72.07089773760737,56.92341061829063,70.6496811978431,29.300906798981064,2.6711394998802462,41.84269237540683,74.6257604551734,1006.2857453049004,6.684922103693164,2026-07-18 20:15:26.999717,20.0,18.0,7.0,5.0,1.0,163.0,173.0,182.0,148.0,155.66666666666666,25.025320510767752,151.08333333333334,-52.0,121.0,
Lahore,133,104.57247031507367,82.1950157169638,16.125957126854694,19.20171707604988,28.233357841723585,2.5665682611384093,18.001571984353713,36.56123600129838,992.3557022235216,2.57619230008209,2026-07-18 21:15:26.999717,21.0,18.0,7.0,5.0,1.0,111.0,144.0,180.0,126.0,147.83333333333334,23.17254122159816,151.375,22.0,174.0,
Lahore,164,130.4435038988374,94.09345210151446,20.601392525111446,46.09031079779148,8.884761335637215,4.882733450000518,30.93581136197239,54.29506280212834,1007.3826419400574,5.410490776826878,2026-07-18 22:15:26.999717,22.0,18.0,7.0,5.0,1.0,133.0,163.0,163.0,118.0,148.0,23.306651411131515,153.29166666666666,31.0,121.0,
Lahore,101,73.82105398903758,71.4928108699583,11.477098430574664,6.7971038843202365,15.783528496401862,0.7047690700563325,33.40540293303526,78.27734649242427,1008.1195664193596,8.320586930333729,2026-07-18 23:15:26.999717,23.0,18.0,7.0,5.0,1.0,164.0,111.0,173.0,113.0,136.0,26.21449980449786,152.79166666666666,-63.0,124.0,
Lahore,106,87.75674620879201,64.57166731669116,31.696762481568687,62.31653628817314,6.088194135711289,4.779356839035797,40.2269102218575,58.05422169679781,1014.8369983583408,10.05554609803302,2026-07-19 00:15:26.999717,0.0,19.0,7.0,6.0,1.0,101.0,133.0,144.0,101.0,129.66666666666666,28.394835211120625,153.0,5.0,131.0,
Lahore,130,100.38004834128697,77.26329886689247,23.891644978232712,48.56854236847088,24.38008000000056,3.11871746297315,36.06549441513256,80.52093118311048,1007.3340609175282,11.516834693068647,2026-07-19 01:15:26.999717,1.0,19.0,7.0,6.0,1.0,106.0,164.0,163.0,152.0,124.16666666666669,23.40441553781476,152.08333333333334,24.0,121.0,
Lahore,126,99.82304824411489,80.41962711527785,53.49529669451604,51.91921876023145,26.764519449178785,4.080774717364273,32.38387447591177,50.5128793233669,1007.1707598937888,7.265433193655012,2026-07-19 02:15:26.999717,2.0,19.0,7.0,6.0,1.0,130.0,101.0,111.0,116.0,126.66666666666669,22.50037036732286,152.5,-4.0,157.0,
Lahore,135,105.7402531404406,82.24725472965036,40.24704065988775,8.879066191599009,25.68737633962793,2.43676678107234,18.153932553927312,87.45817763990613,1002.8703322545492,6.323032407653189,2026-07-19 03:15:26.999717,3.0,19.0,7.0,6.0,1.0,126.0,106.0,133.0,152.0,127.0,22.627416997970258,151.79166666666666,9.0,115.0,
Lahore,144,111.25330747140164,88.39614096469663,40.70453689878508,20.82787476564616,13.567641512208212,2.542270465656412,25.09080495444962,42.56810590831414,1011.698072714628,0.2123030774537797,2026-07-19 04:15:26.999717,4.0,19.0,7.0,6.0,1.0,135.0,130.0,164.0,164.0,123.66666666666669,16.812693617225815,150.95833333333334,9.0,138.0,
Lahore,154,123.16477507259722,104.86091999300342,36.59553484406512,10.574815426518512,23.001542655916648,4.456969245571206,18.7487243487956,32.295848699358075,1014.920869049029,0.8651888298021593,2026-07-19 05:15:26.999717,5.0,19.0,7.0,6.0,1.0,144.0,126.0,101.0,161.0,132.5,16.44080290010266,150.66666666666666,10.0,127.0,
Lahore,172,136.52195210715988,101.82439285872476,14.59251686146005,26.66857368528588,3.829795917711814,4.531705233313559,38.79274377656887,82.34559257942512,1009.4761217549358,1.8732599716488032,2026-07-19 06:15:26.999717,6.0,19.0,7.0,6.0,1.0,154.0,135.0,106.0,141.0,143.5,17.22498185775547,151.95833333333334,18.0,123.0,
Lahore,158,124.54071058860669,93.211195529913,32.25093418626776,52.05792557616133,2.16709834795827,1.5740999664408393,35.23977120021836,75.13216295702449,1005.3125094464452,0.6571191742755369,2026-07-19 07:15:26.999717,7.0,19.0,7.0,6.0,1.0,172.0,144.0,130.0,158.0,148.16666666666666,16.618263046018495,151.95833333333334,-14.0,137.0,
Lahore,153,118.75769189159828,92.38289256006232,59.97525948542582,47.46394882380314,22.843856014954063,1.3965884536307818,35.45349324352519,43.919030224042366,991.9738706732892,4.810358865659118,2026-07-19 08:15:26.999717,8.0,19.0,7.0,6.0,1.0,158.0,154.0,126.0,157.0,152.66666666666666,12.580408048495736,151.79166666666666,-5.0,157.0,
Lahore,179,144.7976233539148,112.75757967790518,51.76146454230074,50.91123662100427,13.335302955531828,2.73305828241478,32.61092597988569,89.08449642820044,1008.1684782932408,4.0425425416664655,2026-07-19 09:15:26.999717,9.0,19.0,7.0,6.0,1.0,153.0,172.0,135.0,147.0,160.0,13.038404810404424,153.125,26.0,157.0,
Lahore,209,175.46808634246145,117.867329849048,54.672952708355794,46.19384535334207,29.870928677447505,4.551246622074612,28.69017549729116,60.13680775611167,1007.7140392145488,7.648249894420715,2026-07-19 10:15:26.999717,10.0,19.0,7.0,6.0,1.0,179.0,158.0,144.0,178.0,170.83333333333334,21.404828115792608,154.41666666666666,30.0,158.0,
Lahore,173,139.09943616419565,93.97222054261746,51.16131796232497,25.477159675689453,3.82037225981044,1.9505979203277928,19.049218605514422,87.06392640864982,1009.3892036952358,6.427981295200833,2026-07-19 11:15:26.999717,11.0,19.0,7.0,6.0,1.0,209.0,153.0,154.0,153.0,174.0,19.75854245636438,155.25,-36.0,148.0,
Lahore,159,132.18059107455565,92.46442364689923,15.152084671549131,23.338062300831893,25.813202764521776,3.4340657690260907,23.9017619410364,60.30172628321996,993.1138847099872,7.151649112654317,2026-07-19 12:15:26.999717,12.0,19.0,7.0,6.0,1.0,173.0,179.0,172.0,203.0,171.83333333333334,20.711510487326223,153.41666666666666,-14.0,177.0,
Lahore,202,154.6488903742327,113.03038520470356,21.37241270323998,15.279476265243597,14.91950890034076,3.686682594832705,18.696726396876045,58.31247520627746,1006.3433125031536,5.663726435251849,2026-07-19 13:15:26.999717,13.0,19.0,7.0,6.0,1.0,159.0,209.0,158.0,170.0,179.16666666666666,22.54255235474925,154.75,43.0,149.0,
Lahore,175,140.78880719646884,102.8758432623718,10.156082567820482,68.6803156177619,24.98735566961244,4.004035992023701,34.57265485701326,56.9483122286679,997.3930976237918,3.3328457826510856,2026-07-19 14:15:26.999717,14.0,19.0,7.0,6.0,1.0,202.0,173.0,153.0,182.0,182.8333333333333,18.935856639365564,154.45833333333334,-27.0,193.0,
Lahore,131,99.31315840514468,81.11249848064645,25.175506243905573,51.23595189059333,24.6966911829342,3.0376600606443347,19.32617695259413,50.092516567977015,1009.0067810850708,11.433903779357724,2026-07-19 15:15:26.999717,15.0,19.0,7.0,6.0,1.0,175.0,159.0,179.0,180.0,174.83333333333334,28.568630815399946,152.41666666666666,-44.0,176.0,
Lahore,185,140.6153753623405,106.54625568223868,15.430370117324628,18.988325937804483,27.563768039500243,2.3110483022553634,33.95706585463551,62.0220898305931,996.0093488507866,1.0369099171216676,2026-07-19 16:15:26.999717,16.0,19.0,7.0,6.0,1.0,131.0,202.0,209.0,163.0,170.83333333333334,24.16954005906249,153.33333333333334,54.0,139.0,
Lahore,151,117.10314296270482,83.46586711609328,33.639667265079154,18.290703486592964,9.63765032729698,4.851571949595378,33.69089551908942,57.15327971691407,1007.0994669205104,11.266691993583686,2026-07-19 17:15:26.999717,17.0,19.0,7.0,6.0,1.0,185.0,175.0,173.0,173.0,167.16666666666666,25.411939451105123,152.41666666666666,-34.0,155.0,
Lahore,152,127.55949667206788,91.54668580857674,43.8563744286951,70.47767011446025,28.54418125039809,3.250988389862837,27.4012209327648,32.20481259741325,997.3748236745996,3.734856562376816,2026-07-19 18:15:26.999717,18.0,19.0,7.0,6.0,1.0,151.0,131.0,159.0,144.0,166.0,26.01538006641395,152.75,1.0,139.0,
Lahore,152,126.35007914334824,95.51271742307586,53.72526475190385,60.70481478224895,5.398341850370988,3.778543452349719,18.65117366118741,45.62611400541015,990.2248573204358,6.151937344407569,2026-07-19 19:15:26.999717,19.0,19.0,7.0,6.0,1.0,152.0,185.0,202.0,163.0,157.66666666666666,19.3252856813722,152.29166666666666,0.0,152.0,
Lahore,141,114.015023610272,76.12513280741693,47.46085825454491,54.45493099290285,3.377094550211225,2.0524228056314526,23.499622305618992,42.7873680063335,1005.8339477993272,1.3061078739305536,2026-07-19 20:15:26.999717,20.0,19.0,7.0,6.0,1.0,152.0,151.0,175.0,111.0,152.0,18.176908428002616,153.54166666666666,-11.0,164.0,
Lahore,145,108.33649720055034,91.10116199152992,56.92927978892526,35.51480806544748,13.516850003798126,3.5147713145138604,23.642513945039887,82.046136139264,992.831727078973,0.8511728204521112,2026-07-19 21:15:26.999717,21.0,19.0,7.0,6.0,1.0,141.0,152.0,131.0,133.0,154.33333333333334,15.667375870472217,154.04166666666666,4.0,93.0,
Lahore,116,91.81859674306033,73.68653101869162,12.69491451968944,24.648167320888817,25.02136609061344,1.6600894797385666,33.91039859486892,65.93219863361048,1006.4822868197052,5.154545384623235,2026-07-19 22:15:26.999717,22.0,19.0,7.0,6.0,1.0,145.0,152.0,185.0,164.0,142.83333333333334,13.876839217439816,152.04166666666666,-29.0,127.0,
Lahore,131,106.30850004450868,83.37042551078314,10.608991770827071,78.45880723346178,14.729212788369924,1.6029361288788628,18.07106152417056,75.82098602698365,1013.1402362089234,8.900368516556139,2026-07-19 23:15:26.999717,23.0,19.0,7.0,6.0,1.0,116.0,141.0,151.0,101.0,139.5,13.924798023670398,153.29166666666666,15.0,118.0,
Lahore,114,92.077681147893,74.49240107435843,43.06690569181063,64.79296812671001,25.04931364838491,3.7162499081424185,37.38485344783445,87.40956226495683,1014.2311483552772,3.232377330582587,2026-07-20 00:15:26.999717,0.0,20.0,7.0,0.0,0.0,131.0,145.0,152.0,106.0,133.16666666666666,15.638627390749251,153.625,-17.0,133.0,
Lahore,135,98.78103208259628,92.01006962329808,24.46762051111231,27.63344173522073,22.16091736803485,2.846276313183208,35.54719683501968,68.6423563515846,995.8980771831904,6.748174667223841,2026-07-20 01:15:26.999717,1.0,20.0,7.0,0.0,0.0,114.0,116.0,152.0,130.0,130.33333333333334,12.83225103661465,153.83333333333334,21.0,124.0,
Lahore,135,103.54841075990063,79.21953975690472,22.675050805288656,68.56735972088711,7.073423198029073,3.5747447469007536,20.0302867907054,88.95659948428465,1010.2313306912664,3.34380408627382,2026-07-20 02:15:26.999717,2.0,20.0,7.0,0.0,0.0,135.0,131.0,141.0,126.0,129.33333333333334,12.044362443346662,154.20833333333334,0.0,108.0,
Lahore,109,86.87961117925641,65.94785790038928,26.544354384689715,61.91989614610111,28.51756712208445,1.7124732083664125,34.417438308030015,48.705843099127776,998.838831921811,4.66335673071649,2026-07-20 03:15:26.999717,3.0,20.0,7.0,0.0,0.0,135.0,114.0,145.0,135.0,123.33333333333331,11.639014849492648,153.125,-26.0,121.0,
Lahore,156,127.48145454758595,91.51780783375986,23.489802894618208,27.28104124084988,2.762653890252699,3.1942550347552867,33.04985589963119,41.17603093877364,1012.5114268186996,10.877355821685896,2026-07-20 04:15:26.999717,4.0,20.0,7.0,0.0,0.0,109.0,135.0,116.0,144.0,130.0,16.876018487784133,153.625,47.0,118.0,
Lahore,131,93.81936089450028,78.60988422377905,35.571820315079364,36.99146406812298,27.05011151877005,2.4977014236640063,35.19926160299501,54.19859327957469,1009.6872392157344,10.270075505939037,2026-07-20 05:15:26.999717,5.0,20.0,7.0,0.0,0.0,156.0,135.0,131.0,154.0,130.0,16.876018487784133,152.66666666666666,-25.0,163.0,
Lahore,166,131.98938012260072,107.26436677818155,32.00742236120662,18.946508404327,9.828860020720846,3.186321290804876,20.10107099711475,58.24796489614848,991.848042916144,6.192210521011559,2026-07-20 06:15:26.999717,6.0,20.0,7.0,0.0,0.0,131.0,109.0,114.0,172.0,138.66666666666666,20.066555924390286,152.41666666666666,35.0,150.0,
Lahore,157,126.31524384939478,87.47492758034666,35.621427568832814,13.3289333283582,15.50429441176758,1.8089587950989872,19.25493869822465,83.7216925711551,1000.178424846932,2.857267529664945,2026-07-20 07:15:26.999717,7.0,20.0,7.0,0.0,0.0,166.0,156.0,135.0,158.0,142.33333333333334,21.23833012895967,152.375,-9.0,188.0,
Lahore,194,159.4480599425811,112.09475163917212,43.63568057502181,59.207152462977255,13.2482043083213,3.719529336421057,21.385067619914363,63.59642634220058,998.432945650242,2.318206952796274,2026-07-20 08:15:26.999717,8.0,20.0,7.0,0.0,0.0,157.0,131.0,135.0,153.0,152.16666666666666,29.29448184670038,154.08333333333334,37.0,156.0,
Lahore,161,132.2642879211872,103.4859046825228,29.356525448557417,25.06338930154,5.98320215059057,4.126682147717595,24.878535985022346,47.53085996508102,1009.629525518082,11.44904823642857,2026-07-20 09:15:26.999717,9.0,20.0,7.0,0.0,0.0,194.0,166.0,109.0,179.0,160.83333333333334,20.27231281000375,153.33333333333334,-33.0,151.0,
Lahore,164,134.11285659404405,103.50018253451044,22.56538435710784,66.50445243096902,11.3862591256491,1.6696241323597565,36.42895448796664,74.55805697205125,1000.257142766329,2.4325991581282502,2026-07-20 10:15:26.999717,10.0,20.0,7.0,0.0,0.0,161.0,157.0,156.0,209.0,162.16666666666666,20.153577019145747,151.45833333333334,3.0,141.0,
Lahore,176,136.80029746649035,103.7843417659146,18.31002684043728,79.67065336358196,6.595098652491063,1.8527925193503887,34.92394631192895,60.349916228344256,1007.1147099413272,9.69801973095047,2026-07-20 11:15:26.999717,11.0,20.0,7.0,0.0,0.0,164.0,194.0,131.0,173.0,169.66666666666666,13.515423288474022,151.58333333333334,12.0,140.0,
Lahore,173,128.85998931438343,108.0720100056036,27.47370597663128,10.74648604472365,6.912707788355192,3.4751942137359184,39.9871929915204,39.72791671651021,1005.060881389761,4.427642514426447,2026-07-20 12:15:26.999717,12.0,20.0,7.0,0.0,0.0,176.0,161.0,166.0,159.0,170.83333333333334,13.437509689917391,152.16666666666666,-3.0,147.0,
Lahore,195,154.034736214693,118.70607921246015,47.0903237623086,40.47763438127752,6.42464824476503,3.630133284365949,16.582998095662617,64.60918725547513,1014.3909679774408,11.82791817069886,2026-07-20 13:15:26.999717,13.0,20.0,7.0,0.0,0.0,173.0,164.0,157.0,202.0,177.16666666666666,14.524691620361926,151.875,22.0,185.0,
Lahore,145,121.0081591260428,94.50137304500494,47.83524550557348,65.15469194831023,15.181504030051231,3.668448579788525,15.312019587383013,84.68367220843703,1013.4446239200404,4.417868884353455,2026-07-20 14:15:26.999717,14.0,20.0,7.0,0.0,0.0,195.0,176.0,194.0,175.0,169.0,16.7690190530025,150.625,-50.0,188.0,
Lahore,153,129.36727263762216,92.17254796913386,43.34526933421051,64.17131724059251,24.140009657828152,3.572143271491265,33.876748401921574,80.5573570485492,1000.692487868468,4.218199498928714,2026-07-20 15:15:26.999717,15.0,20.0,7.0,0.0,0.0,145.0,173.0,161.0,131.0,167.66666666666666,17.817594300764345,151.54166666666666,8.0,142.0,
Lahore,147,121.15274551148892,93.32816056936292,21.70140876534373,61.99978687482264,17.50013097907599,2.2676347262864245,22.54076238644248,65.20859835811987,1008.0894552910288,7.649563546531477,2026-07-20 16:15:26.999717,16.0,20.0,7.0,0.0,0.0,153.0,195.0,164.0,185.0,164.83333333333334,19.76275959137882,149.95833333333334,-6.0,186.0,
Lahore,180,146.14670411400868,121.2100595524631,39.404312292734886,31.17462014764332,26.902991067974416,2.2768415348165525,24.02013017941308,52.624990433099285,1010.7365023495304,11.538201679521832,2026-07-20 17:15:26.999717,17.0,20.0,7.0,0.0,0.0,147.0,145.0,176.0,151.0,165.5,20.275601100829725,151.16666666666666,33.0,152.0,
Lahore,188,152.29819824192984,115.79049577523732,38.5344830788424,39.03899417637892,19.459790168725,1.6466793063997165,29.76365469969183,35.21872506385267,1012.4721438465536,11.714515269557197,2026-07-20 18:15:26.999717,18.0,20.0,7.0,0.0,0.0,180.0,153.0,173.0,152.0,168.0,22.217110523197267,152.66666666666666,8.0,157.0,
Lahore,143,111.61940626619612,86.04664082897422,34.21330990548627,49.62262680061027,20.990863353345528,1.2057516495336331,17.76515432442356,58.17893539989743,991.703356594412,8.486473757603822,2026-07-20 19:15:26.999717,19.0,20.0,7.0,0.0,0.0,188.0,147.0,195.0,152.0,159.33333333333334,19.56186766816109,152.29166666666666,-45.0,178.0,
Lahore,134,106.5496985322319,84.0122349261049,37.498949319193216,78.04554376799429,20.360609662083093,3.616598207286076,32.352749246797345,75.12476625177476,997.5519699818374,9.055276387636244,2026-07-20 20:15:26.999717,20.0,20.0,7.0,0.0,0.0,143.0,180.0,145.0,141.0,157.5,21.58471681537617,152.0,-9.0,155.0,
Lahore,132,113.94534762913166,77.37359570898057,34.589531631183405,29.56604532038697,14.034316602328492,0.9193495368754078,23.778981048241057,51.61642318398064,998.005751024213,6.760826111676332,2026-07-20 21:15:26.999717,21.0,20.0,7.0,0.0,0.0,134.0,188.0,153.0,145.0,154.0,24.024986992712183,151.45833333333334,-2.0,125.0,
Lahore,148,113.68720997104064,100.73983852762366,38.27281830370541,74.23579157876433,20.9908258438024,4.720065290540517,32.08330835612678,44.126809533099866,1000.8611487804968,9.069308869587982,2026-07-20 22:15:26.999717,22.0,20.0,7.0,0.0,0.0,132.0,143.0,147.0,116.0,154.16666666666666,23.970120288948404,152.79166666666666,16.0,107.0,
Lahore,103,90.47389395354926,62.700355188479904,45.77529773105644,25.20176886353706,3.0215246475998736,4.220088366521531,37.51818665298141,85.8827831562572,994.2316187678856,10.31735585964596,2026-07-20 23:15:26.999717,23.0,20.0,7.0,0.0,0.0,148.0,134.0,180.0,131.0,141.33333333333334,27.695968419007848,151.625,-45.0,78.0,
Lahore,124,97.5898592275397,73.03533339887242,15.481409720171987,79.18058491052784,25.93569268555423,4.358775829807652,19.6200060001106,79.29334202747955,1002.4051469987502,5.833143638340279,2026-07-21 00:15:26.999717,0.0,21.0,7.0,1.0,0.0,103.0,132.0,188.0,114.0,130.66666666666666,15.970806700561496,152.04166666666666,21.0,105.0,
Lahore,140,118.6271605454754,79.82155497489983,47.48128760745119,55.26977651206938,23.556552159873604,4.580009665768356,40.133573508692045,68.29653716520868,1006.5803581824614,7.438347153961237,2026-07-21 01:15:26.999717,1.0,21.0,7.0,1.0,0.0,124.0,148.0,143.0,135.0,130.16666666666666,15.548847760097882,152.25,16.0,116.0,
Lahore,133,99.36592495251232,85.2861009580322,16.79430750637971,39.76336102689132,8.111668788718685,2.3387223682545804,29.32857980868598,38.20700063523116,1002.434098005418,6.447800342796572,2026-07-21 02:15:26.999717,2.0,21.0,7.0,1.0,0.0,140.0,103.0,134.0,135.0,130.0,15.50483795465256,152.16666666666666,-7.0,103.0,
Lahore,131,107.72952100582326,82.93593706413868,13.331399920518734,51.00428210477037,23.27294117336839,4.310153255076805,39.91904965969714,38.694530424370384,1006.6448273799404,6.749647362344127,2026-07-21 03:15:26.999717,3.0,21.0,7.0,1.0,0.0,133.0,124.0,132.0,109.0,129.83333333333334,15.484400752586508,153.08333333333334,-2.0,125.0,
Lahore,154,119.51614932026187,89.91322814292953,58.80398431107338,25.43983767801551,1.3666354406005363,1.211275851312422,20.60871221944801,36.193175487346736,991.6610407954475,10.680574918487292,2026-07-21 04:15:26.999717,4.0,21.0,7.0,1.0,0.0,131.0,140.0,148.0,156.0,130.83333333333334,17.010780895264617,153.0,23.0,135.0,
Lahore,87,62.523664040379074,55.08225672561211,57.84958844352207,25.56303931336,7.300150601945532,0.5973880757370605,31.323191944314413,66.97780001356459,1011.8996832926852,4.267401962466843,2026-07-21 05:15:26.999717,5.0,21.0,7.0,1.0,0.0,154.0,133.0,103.0,131.0,128.16666666666666,22.58686934186996,151.16666666666666,-67.0,137.0,
Lahore,163,131.49267021205475,90.25722015893572,13.021827247028202,13.516590788262038,2.888979921455982,4.032011275987326,25.904952167737328,36.93376778840016,1013.4767298025268,2.4982083072074905,2026-07-21 06:15:26.999717,6.0,21.0,7.0,1.0,0.0,87.0,131.0,124.0,166.0,134.66666666666666,26.43230346879916,151.04166666666666,76.0,136.0,
Lahore,136,113.84735894297984,82.52485287536578,32.16267207374811,13.553772327904907,23.626580581918944,0.8365849159862269,35.903999161212354,80.55763193175798,1005.4476856029662,5.47536132328355,2026-07-21 07:15:26.999717,7.0,21.0,7.0,1.0,0.0,163.0,154.0,140.0,157.0,134.0,26.32109420217987,150.16666666666666,-27.0,153.0,
Lahore,121,92.57529280703253,74.86378176038346,19.312246914988737,31.07538061016835,22.92035038417323,4.948361002966648,31.359541466759,89.57790010915933,1012.0347749659225,2.497022285775182,2026-07-21 08:15:26.999717,8.0,21.0,7.0,1.0,0.0,136.0,87.0,133.0,194.0,132.0,26.86261342460988,147.125,-15.0,166.0,
Lahore,175,132.504920197708,113.53664904779612,34.26724485672091,62.21416084222788,24.59544469025309,3.5365839332070017,28.3519173378746,51.98089108251992,993.2861504162051,5.98080510794423,2026-07-21 09:15:26.999717,9.0,21.0,7.0,1.0,0.0,121.0,163.0,131.0,161.0,139.33333333333334,32.041639575194694,147.70833333333334,54.0,143.0,
Lahore,199,158.74077617832523,115.54590598635654,51.50886214997937,50.597837569862186,1.129969106440336,3.890523696089475,39.650605973637234,57.22019081802585,1009.9362230019076,10.842097264284703,2026-07-21 10:15:26.999717,10.0,21.0,7.0,1.0,0.0,175.0,136.0,154.0,164.0,146.83333333333334,40.3505472907948,149.16666666666666,24.0,200.0,
Lahore,173,137.96282335611411,97.40823685598838,57.53058873714451,12.693842024826562,15.535749073673832,1.6061173532503967,25.182160732635367,72.70003061914073,992.9787048368148,7.409202245789734,2026-07-21 11:15:26.999717,11.0,21.0,7.0,1.0,0.0,199.0,121.0,87.0,176.0,161.16666666666666,28.32960759817613,149.04166666666666,-26.0,174.0,
Lahore,198,161.1415981377725,114.3228601953748,41.71263267257687,68.91773937319331,21.44024972800276,3.5323942726385966,20.9394655322509,86.22918037954595,1000.2002557874384,10.265194239636934,2026-07-21 12:15:26.999717,12.0,21.0,7.0,1.0,0.0,173.0,175.0,163.0,173.0,167.0,32.130981933329714,150.08333333333334,25.0,179.0,
Lahore,212,174.34797285682245,120.5171574984254,27.695283360590853,50.10257202425498,5.506632733431449,0.6944897176473075,31.418732045006475,83.6456264133831,998.0954633639568,1.9942910353861416,2026-07-21 13:15:26.999717,13.0,21.0,7.0,1.0,0.0,198.0,199.0,136.0,195.0,179.66666666666666,32.444824959715866,150.79166666666666,14.0,194.0,
Lahore,204,162.90292409363755,129.0832867887949,40.16627828222992,77.06416825885847,19.843931097866115,4.270215739656204,31.84876780366597,33.45550972499092,1004.6397956305112,10.81048311044612,2026-07-21 14:15:26.999717,14.0,21.0,7.0,1.0,0.0,212.0,173.0,121.0,145.0,193.5,15.909116883092755,153.25,-8.0,182.0,
Lahore,207,174.87751657397135,131.94319647512015,25.60006530542252,55.26391005584057,3.4391928799808857,1.263308418642076,26.855554782440635,40.1443081534059,997.5378633809884,7.221445972885389,2026-07-21 15:15:26.999717,15.0,21.0,7.0,1.0,0.0,204.0,198.0,175.0,153.0,198.8333333333333,13.673575489482008,155.5,3.0,193.0,
Lahore,183,147.52117372267645,111.40108288974416,55.49118204160302,18.138114777813577,6.258449827025082,3.638111300751968,28.13847117961332,75.27583191346753,1005.9328407416784,0.3811174648857576,2026-07-21 16:15:26.999717,16.0,21.0,7.0,1.0,0.0,207.0,212.0,199.0,147.0,196.16666666666663,15.118421434348512,157.0,-24.0,174.0,
Lahore,163,128.6678674699655,103.90647472842574,53.520023155291845,40.53375217308667,14.79810763484343,1.5101622555472776,40.9079421860973,71.33358648194684,999.1846822287988,7.597427463420441,2026-07-21 17:15:26.999717,17.0,21.0,7.0,1.0,0.0,183.0,204.0,173.0,180.0,194.5,18.38205646819488,156.29166666666666,-20.0,149.0,
Lahore,122,89.54216320448587,73.86979190290118,37.91158751398305,53.63731981604031,19.95338942775196,0.8080392624171924,34.78251366771363,37.9931156424074,1011.5197595257616,11.416763475131017,2026-07-21 18:15:26.999717,18.0,21.0,7.0,1.0,0.0,163.0,207.0,198.0,188.0,181.8333333333333,34.556716665021845,153.54166666666666,-41.0,161.0,
Lahore,140,110.68670239841916,83.52444176149616,26.23994576901803,7.119852578748327,5.230204681662986,2.666721553472274,17.986247290029578,60.12387492009406,1005.8470960054902,0.9500040057043448,2026-07-21 19:15:26.999717,19.0,21.0,7.0,1.0,0.0,122.0,183.0,212.0,143.0,169.83333333333334,34.4871956915407,153.41666666666666,18.0,123.0,
Lahore,121,95.11806527294434,70.93481190473119,24.66948377914892,6.118269811610592,6.371476594097199,1.2617879462275523,20.727511913506497,76.84887786511774,995.3824574330362,6.989473565634865,2026-07-21 20:15:26.999717,20.0,21.0,7.0,1.0,0.0,140.0,163.0,204.0,134.0,156.0,34.68717342188586,152.875,-19.0,140.0,
Lahore,174,144.00152398140736,102.84804504311217,11.670899735252974,14.705225044892591,6.9289446449042265,3.7824979474694738,41.34056912976009,43.12684093576162,998.4032355507022,10.985743234436576,2026-07-21 21:15:26.999717,21.0,21.0,7.0,1.0,0.0,121.0,122.0,207.0,132.0,150.5,26.67395733669821,154.625,53.0,130.0,
Lahore,121,99.11241812033428,64.86099221845484,50.79104255126476,23.874832628410307,7.922323336270375,1.5690462952256818,34.61456995242534,82.27725814407998,1011.1855221906663,0.1163420200124947,2026-07-21 22:15:26.999717,22.0,21.0,7.0,1.0,0.0,174.0,140.0,183.0,148.0,140.16666666666666,23.37020895641894,153.5,-53.0,121.0,
Lahore,124,93.30315439183693,75.72127381803669,32.5191606519504,37.21618426405067,7.570061607262446,2.04112650306123,39.70621840590563,33.17830648922208,999.6619937496864,7.570955117589879,2026-07-21 23:15:26.999717,23.0,21.0,7.0,1.0,0.0,121.0,121.0,163.0,103.0,133.66666666666666,21.05864826304616,154.375,3.0,119.0,
Lahore,131,105.6612719320552,78.39833044892977,26.256646420013222,41.55803553198413,12.459324146431465,3.053476630690128,23.20425952769549,76.93170510408444,1003.3949766391412,5.698827501971552,2026-07-22 00:15:26.999717,0.0,22.0,7.0,2.0,0.0,124.0,174.0,122.0,124.0,135.16666666666666,20.37073063654552,154.66666666666666,7.0,82.0,
Lahore,121,100.15765585864528,76.32680362038937,33.5555177498877,15.35207067034226,19.959899874264963,1.782357249097902,35.03040522233799,66.94913398739222,1006.2235483988084,4.163871823783327,2026-07-22 01:15:26.999717,1.0,22.0,7.0,2.0,0.0,131.0,121.0,140.0,140.0,132.0,20.938003725284645,153.875,-10.0,109.0,
Lahore,157,133.24015679693915,94.66761748219304,50.9368995227326,55.50436843368731,13.70292171089962,2.2009465229448275,34.278073130134814,48.91196079926095,998.695241239648,7.530437879344513,2026-07-22 02:15:26.999717,2.0,22.0,7.0,2.0,0.0,121.0,124.0,121.0,133.0,138.0,22.271057451320573,154.875,36.0,125.0,
Lahore,115,96.4375198370703,68.18648149215454,16.23071038537606,49.71035462724012,23.50324335374676,4.17029796968174,22.956629606863128,73.25595290051467,997.3494657689516,0.6324251350490031,2026-07-22 03:15:26.999717,3.0,22.0,7.0,2.0,0.0,157.0,131.0,174.0,131.0,128.16666666666666,15.052131631988493,154.20833333333334,-42.0,131.0,
Lahore,138,114.2042332715574,78.44403484996184,52.882799412091366,27.084807413087017,21.85878667250983,1.3064443230246157,29.872040787169045,76.94194770906958,1001.8813725652008,9.036756555448802,2026-07-22 04:15:26.999717,4.0,22.0,7.0,2.0,0.0,115.0,121.0,121.0,154.0,131.0,15.033296378374104,153.54166666666666,23.0,113.0,
Lahore,127,101.90042997307584,76.56076618410881,54.8754417554177,6.0244912576469005,4.669280507423195,0.8699071526687016,31.94020800429797,86.03393827823815,995.3720243023196,0.0537537230364915,2026-07-22 05:15:26.999717,5.0,22.0,7.0,2.0,0.0,138.0,157.0,124.0,87.0,131.5,14.8020268882351,155.20833333333334,-11.0,167.0,
Lahore,123,100.34156002711724,77.49118615408081,57.335395751694406,10.823593651496806,2.416407076301574,1.9776100330985869,27.99055889234156,52.06648032925582,997.1052646729764,3.683228925508226,2026-07-22 06:15:26.999717,6.0,22.0,7.0,2.0,0.0,127.0,115.0,131.0,163.0,130.16666666666666,15.210741818422411,153.54166666666666,-4.0,132.0,
Lahore,137,115.8475245035308,76.4833050445807,29.87439962113139,34.377108163312954,26.460305355988577,2.409695451562452,37.33382507976634,71.1610041587973,991.5519621008008,6.047503652216141,2026-07-22 07:15:26.999717,7.0,22.0,7.0,2.0,0.0,123.0,138.0,121.0,136.0,132.83333333333334,14.675376201879756,153.58333333333334,14.0,169.0,
Lahore,157,118.93611301260177,94.6373687684037,20.8570202018836,16.548076337426295,3.315100930323329,2.9419667696145546,37.48746412854572,66.15697661608145,997.5992568992752,4.52426700679862,2026-07-22 08:15:26.999717,8.0,22.0,7.0,2.0,0.0,137.0,127.0,157.0,121.0,132.83333333333334,14.675376201879756,155.08333333333334,20.0,166.0,
Lahore,157,123.85280336391524,95.36521475764742,28.682040923334924,33.261470461097815,5.30183624087168,2.175906632787532,37.96621480414203,61.5123641674253,998.0176023340892,3.6897112224669897,2026-07-22 09:15:26.999717,9.0,22.0,7.0,2.0,0.0,157.0,123.0,115.0,175.0,139.83333333333334,14.4833237437642,154.33333333333334,0.0,152.0,
Lahore,158,122.5371562562188,91.20967608190868,26.645604811570163,52.11369533827664,1.6418649911854235,4.054602651002623,36.6924363656504,83.42498844930228,1014.045829157283,9.970021745617151,2026-07-22 10:15:26.999717,10.0,22.0,7.0,2.0,0.0,157.0,137.0,138.0,199.0,143.16666666666666,16.179204760020706,152.625,1.0,207.0,
Lahore,148,120.29576559363062,85.86071847545999,18.807695625143005,46.04280709094626,19.22175459366096,0.6769376945081297,28.178253884322903,30.19003884830402,1004.743220636647,11.217990891262907,2026-07-22 11:15:26.999717,11.0,22.0,7.0,2.0,0.0,158.0,157.0,127.0,173.0,146.66666666666666,14.123266855323136,151.58333333333334,-10.0,152.0,
Lahore,177,147.75111087825394,107.35305424383108,40.3633335050744,22.338191235304567,17.88874633159211,2.442953921893511,25.2988340500232,46.92669636621586,1009.6845606353952,10.484552218870665,2026-07-22 12:15:26.999717,12.0,22.0,7.0,2.0,0.0,148.0,157.0,123.0,198.0,155.66666666666666,13.201010062364531,150.70833333333334,29.0,197.0,
Lahore,149,116.21512856639464,83.73289490853688,33.831208025431444,30.786686844406432,29.62020632662241,2.220151615953821,37.44715966028801,62.29663437268981,991.134431319508,6.269175756599996,2026-07-22 13:15:26.999717,13.0,22.0,7.0,2.0,0.0,177.0,158.0,137.0,212.0,157.66666666666666,10.424330514073567,148.08333333333334,-28.0,199.0,
Lahore,193,142.4484781626528,117.54961857624696,53.28504961620018,51.0523398836488,26.72103949319799,3.414103208630866,28.235439381019205,40.69759569819314,992.6634173402092,10.609970102321796,2026-07-22 14:15:26.999717,14.0,22.0,7.0,2.0,0.0,149.0,148.0,157.0,204.0,163.66666666666666,17.750117370502995,147.625,44.0,164.0,
Lahore,176,138.73889627487767,101.123228131704,11.605479024102912,69.56412710325866,12.91445214694638,4.848243133538282,21.65202776295551,84.4719920239655,1010.3634240215648,11.050338782178525,2026-07-22 15:15:26.999717,15.0,22.0,7.0,2.0,0.0,193.0,177.0,157.0,207.0,166.83333333333334,18.015733864226164,146.33333333333334,-17.0,202.0,
Lahore,139,115.76736866008704,88.71426846516607,42.19339637775632,61.49100790541579,11.775989386463516,2.79668932982988,28.69827537269984,68.85570705678091,1005.5887387354408,4.910860764569544,2026-07-22 16:15:26.999717,16.0,22.0,7.0,2.0,0.0,176.0,149.0,158.0,183.0,163.66666666666666,21.257155657957444,144.5,-37.0,163.0,
Lahore,155,126.6881495147494,104.6891387269415,48.14744392557806,46.50500201250612,9.608708994119567,4.940945811237742,18.829945191819537,58.67297967791939,994.7745507635052,3.401350314065345,2026-07-22 17:15:26.999717,17.0,22.0,7.0,2.0,0.0,139.0,193.0,148.0,163.0,164.83333333333334,20.40016339803752,144.16666666666666,16.0,167.0,
Lahore,139,113.34093123905288,79.0962159914909,47.97432845941536,32.17197487373647,5.419800681098559,1.8601222771093888,33.67399624616757,78.88210554399927,1000.1198851465434,1.179182469759844,2026-07-22 18:15:26.999717,18.0,22.0,7.0,2.0,0.0,155.0,176.0,177.0,122.0,158.5,21.723259423944125,144.875,-16.0,159.0,
Lahore,152,120.2000334906276,93.87103931187336,54.30369835477626,32.37884581563541,5.004426041458262,0.6389065964410745,24.06987460384547,57.05317148790623,1003.4668124995404,5.7491030525907485,2026-07-22 19:15:26.999717,19.0,22.0,7.0,2.0,0.0,139.0,139.0,149.0,140.0,159.0,21.49418526020412,145.375,13.0,143.0,
Lahore,164,124.80484631890108,94.7662904755899,46.4516871414747,70.9562982698297,4.836227532278557,1.2454842536438573,22.037787558081263,63.51918071580057,1011.090245728436,11.355563045261295,2026-07-22 20:15:26.999717,20.0,22.0,7.0,2.0,0.0,152.0,155.0,193.0,121.0,154.16666666666666,14.41411345406486,147.16666666666666,12.0,154.0,
Lahore,93,76.97647160812234,61.00477086898894,56.39050308238482,7.94326820304098,4.309327958416578,2.278061981485553,40.82573614833812,30.16505973323526,991.5102997923624,6.730890336844452,2026-07-22 21:15:26.999717,21.0,22.0,7.0,2.0,0.0,164.0,139.0,176.0,174.0,140.33333333333334,25.121040318161285,143.79166666666666,-71.0,146.0,
Lahore,127,97.42859094982688,69.87370795457393,26.632829991044574,79.09869833151957,7.97484922976057,1.923502591348485,35.97578688547431,51.94203181170441,1004.918057234184,8.010745221434059,2026-07-22 22:15:26.999717,22.0,22.0,7.0,2.0,0.0,93.0,152.0,139.0,121.0,138.33333333333334,25.718994277900705,144.04166666666666,34.0,90.0,
Lahore,118,105.32048366690228,73.20293379213857,35.16047083757715,54.82815581386717,9.893390279080377,0.9367435894251996,36.25087657354615,38.32742834105819,1007.9258980396672,1.354605821902171,2026-07-22 23:15:26.999717,23.0,22.0,7.0,2.0,0.0,127.0,164.0,155.0,124.0,132.16666666666666,25.3567873885219,143.79166666666666,-9.0,147.0,
Lahore,133,109.2525360417726,75.43505516555324,10.703983164144534,56.08532743042929,28.88579016012856,2.446970484608226,31.84049317053796,71.38132083973747,1014.4472964477616,1.722235969707075,2026-07-23 00:15:26.999717,0.0,23.0,7.0,3.0,0.0,118.0,93.0,139.0,131.0,131.16666666666666,25.15087804961699,143.875,15.0,86.0,
Lahore,124,96.29675848723024,73.36507705450815,10.34787936516456,7.849837797855661,17.775724279054685,2.021520972468032,37.65766588377802,58.74161753854403,1010.1790019573046,5.57367914351607,2026-07-23 01:15:26.999717,1.0,23.0,7.0,3.0,0.0,133.0,127.0,152.0,121.0,126.5,23.019556902774,144.0,-9.0,141.0,
Lahore,108,83.34307376305686,59.64487362426346,22.006331022575992,50.41469561684541,29.640277460885148,1.051786492058473,35.49738699141129,48.10545343501384,996.9056828391318,11.41517758780471,2026-07-23 02:15:26.999717,2.0,23.0,7.0,3.0,0.0,124.0,118.0,164.0,157.0,117.16666666666669,14.579666205600804,141.95833333333334,-16.0,145.0,
Lahore,121,96.33527896693208,76.71175235447876,15.040359856954264,41.35835450678353,11.801541486944524,1.8325270877535904,31.166890011607645,58.06994036230454,1007.7394798469568,4.329415699098346,2026-07-23 03:15:26.999717,3.0,23.0,7.0,3.0,0.0,108.0,133.0,93.0,115.0,121.83333333333331,8.518607084889366,142.20833333333334,13.0,106.0,
Lahore,118,93.20249038989124,66.61509822780206,23.010568396787683,12.933418017055024,14.27117234509379,4.488962249099258,40.95035884999636,42.57779327708077,1009.0819471231744,10.529808495810403,2026-07-23 04:15:26.999717,4.0,23.0,7.0,3.0,0.0,121.0,124.0,127.0,138.0,120.33333333333331,8.213809510010007,141.375,-3.0,126.0,
Lahore,163,135.98416887764978,100.55982129665914,18.852164726419872,25.84415080770193,10.412781115793097,1.8592198947020309,20.173063641479423,85.50519794916843,1008.24338749796,1.4434631211085382,2026-07-23 05:15:26.999717,5.0,23.0,7.0,3.0,0.0,118.0,108.0,118.0,127.0,127.83333333333331,19.051684090040787,142.875,45.0,119.0,
Lahore,150,120.93208084872025,88.27950985868833,11.426001241932411,71.77358421602385,6.303741876000028,3.712799404589232,40.47125241285828,33.23835795305478,1010.5036016987968,7.404206483204521,2026-07-23 06:15:26.999717,6.0,23.0,7.0,3.0,0.0,163.0,121.0,133.0,123.0,130.66666666666666,21.125024654818905,144.0,-13.0,145.0,
Lahore,188,146.74184130545737,112.22763814100568,55.46520732030247,46.24913118994647,5.151776525549796,3.2542118584599,25.83883037396935,81.92502211776721,1012.5932494053408,7.207355722926218,2026-07-23 07:15:26.999717,7.0,23.0,7.0,3.0,0.0,150.0,118.0,124.0,137.0,141.33333333333334,30.95588258581365,146.125,38.0,143.0,
Lahore,156,134.25220342577893,94.33877953700063,10.411156569444575,36.00624313804315,28.407296736427124,2.4223152308376728,29.266772551840138,60.68152732400105,992.4607467247336,10.31849700084322,2026-07-23 08:15:26.999717,8.0,23.0,7.0,3.0,0.0,188.0,163.0,108.0,157.0,149.33333333333334,26.50031446354292,146.08333333333334,-32.0,173.0,
Lahore,151,121.04654165760113,86.79087664170575,46.80410721685427,10.451161688060822,29.61750977216392,1.5756153656165113,18.31396162769634,67.13678976832904,992.619096442028,0.039800452858818,2026-07-23 09:15:26.999717,9.0,23.0,7.0,3.0,0.0,156.0,150.0,121.0,157.0,154.33333333333334,22.633308787418816,145.83333333333334,-5.0,191.0,
Lahore,141,116.6441983798445,85.65183556770442,17.607394345975827,58.55911455517292,2.302375398753215,2.1605661470567545,29.58290085088836,48.15633725452223,1009.909999719266,2.279180006370866,2026-07-23 10:15:26.999717,10.0,23.0,7.0,3.0,0.0,151.0,188.0,118.0,158.0,158.16666666666666,16.314615124686227,145.125,-10.0,199.0,
Lahore,140,108.9588674627762,91.65167282177204,55.61148109998,57.71381175470244,5.3600303672212295,3.1644824606196926,31.502582300171223,88.00185700765928,996.3093119130368,2.6362515051537807,2026-07-23 11:15:26.999717,11.0,23.0,7.0,3.0,0.0,141.0,156.0,163.0,148.0,154.33333333333334,17.60303004220154,144.79166666666666,-1.0,165.0,
Lahore,147,119.41557813872262,84.30952607083643,54.63979697949429,51.05327052294226,13.282198676729656,2.078389466372097,41.93794162883015,46.91105751116939,991.463535548752,11.399593057088849,2026-07-23 12:15:26.999717,12.0,23.0,7.0,3.0,0.0,140.0,151.0,150.0,177.0,153.83333333333334,17.792320440759017,143.54166666666666,7.0,175.0,
Lahore,185,149.55554995571595,116.85905071636924,42.69505731846287,43.26969846654869,6.403670813987812,1.467033951084043,41.33019509893121,65.33267982841826,1000.0307295245152,1.84432387523874,2026-07-23 13:15:26.999717,13.0,23.0,7.0,3.0,0.0,147.0,141.0,188.0,149.0,153.33333333333334,16.64531966249529,145.04166666666666,38.0,146.0,
Lahore,188,140.95175353951925,120.29048816743892,43.611707490030255,37.53383016555295,11.552531415179615,1.0240823700123445,41.09272688060575,89.60500230642774,1010.496922795652,0.4435482026467245,2026-07-23 14:15:26.999717,14.0,23.0,7.0,3.0,0.0,185.0,140.0,156.0,193.0,158.66666666666666,21.95146160661379,144.83333333333334,3.0,162.0,
Lahore,142,123.6763755523032,81.11922505485978,10.266957098484427,49.49533197409942,4.743794145929368,4.458951220593043,24.40647762275555,82.86566378300674,993.1641255953496,6.4135379369016965,2026-07-23 15:15:26.999717,15.0,23.0,7.0,3.0,0.0,188.0,147.0,151.0,176.0,157.16666666666666,22.868464457996364,143.41666666666666,-46.0,193.0,
Lahore,186,155.25322230461273,104.32472697454725,59.2435783056801,22.5046588796305,14.238840944931916,2.481408390883576,41.76419546611618,62.17978951716636,1006.7960492951116,6.34270154920418,2026-07-23 16:15:26.999717,16.0,23.0,7.0,3.0,0.0,142.0,185.0,141.0,139.0,164.66666666666666,23.86350072111434,145.375,44.0,201.0,
Lahore,152,119.61402341927008,92.70980450085882,53.89163017879072,75.59442981332357,8.87914386890852,3.313437447843185,27.29791009306799,89.42247137803272,990.0903965442892,10.12856358441437,2026-07-23 17:15:26.999717,17.0,23.0,7.0,3.0,0.0,186.0,188.0,140.0,155.0,166.66666666666666,21.796024102267364,145.25,-34.0,137.0,
Lahore,157,120.08865129772072,91.46296238616564,54.7553112865046,49.159589688517215,11.205246617001164,2.706846625115624,37.99957898657132,72.08219170395688,992.7434361803112,11.386315802133623,2026-07-23 18:15:26.999717,18.0,23.0,7.0,3.0,0.0,152.0,142.0,147.0,139.0,168.33333333333334,20.32404159281848,146.0,5.0,142.0,
Lahore,178,144.13780806901778,116.143016095815,42.9622268525436,28.33943332657824,3.73506689241968,4.426549332610835,20.840639163512243,42.52202496850856,998.771258644212,6.462545305681572,2026-07-23 19:15:26.999717,19.0,23.0,7.0,3.0,0.0,157.0,186.0,185.0,152.0,167.16666666666666,19.353724878343662,147.08333333333334,21.0,145.0,
Lahore,155,124.43348849707198,93.17403770249916,27.239346432726823,38.7259888163868,13.41571347059411,2.961206836016949,28.657495850728264,54.33577262614838,992.0900570256103,11.159930189035864,2026-07-23 20:15:26.999717,20.0,23.0,7.0,3.0,0.0,178.0,152.0,188.0,164.0,161.66666666666666,16.765042996265517,146.70833333333334,-23.0,143.0,
Lahore,125,101.77834474281616,70.9890029598241,54.68243245452404,65.42635916576693,29.514470717885526,2.66351638077101,41.08232659544535,50.06960004069306,1011.147541685928,8.701909815597956,2026-07-23 21:15:26.999717,21.0,23.0,7.0,3.0,0.0,155.0,157.0,142.0,93.0,158.83333333333334,21.516660211720552,148.04166666666666,-30.0,114.0,
Lahore,107,86.55788698097045,58.46420244494145,24.575846407559617,17.12120455477231,10.536158359554518,4.660704456897707,40.56984771693254,50.64082249627135,1011.6017625786368,3.17470953594702,2026-07-23 22:15:26.999717,22.0,23.0,7.0,3.0,0.0,125.0,178.0,186.0,127.0,145.66666666666666,25.39028685672279,147.20833333333334,-18.0,133.0,
Lahore,78,64.93120494652963,52.24952479545415,38.13557716711014,26.96267168451953,26.41644897043061,3.7386031822040953,33.46084170117852,75.62738636159197,1008.889267577488,11.141048531327115,2026-07-23 23:15:26.999717,23.0,23.0,7.0,3.0,0.0,107.0,155.0,152.0,118.0,133.33333333333334,37.01170985872848,145.54166666666666,-29.0,112.0,
Lahore,105,91.23652849695904,60.144080129579066,14.98654861719412,55.963101705241655,25.452775107086868,1.001974583060858,36.54098670893261,65.05577563636761,996.0619907848904,8.009318114182497,2026-07-24 00:15:26.999717,0.0,24.0,7.0,4.0,0.0,78.0,125.0,157.0,133.0,124.66666666666669,36.445392941587535,144.375,27.0,119.0,
Lahore,116,95.64051602564324,69.81914399730213,56.09778150663751,28.66169048616679,28.609694130619108,1.2996700753856631,19.76352080826484,32.28556269537171,1003.0811768809996,4.969151192911605,2026-07-24 01:15:26.999717,1.0,24.0,7.0,4.0,0.0,105.0,107.0,178.0,124.0,114.33333333333331,25.42177544285101,144.04166666666666,11.0,131.0,
Lahore,103,77.1517225054503,66.5790137255624,17.038522888560667,64.43762613960995,23.91317585574573,4.0420528832274885,34.48478083607225,82.64690901905857,994.6047131380844,8.162905014203169,2026-07-24 02:15:26.999717,2.0,24.0,7.0,4.0,0.0,116.0,78.0,155.0,108.0,105.66666666666669,15.845083359413518,143.83333333333334,-13.0,123.0,
Lahore,125,106.81281426356226,72.57870824034585,21.244840286520365,14.784011538302062,20.128307984705632,4.261330945309794,31.68737182505505,47.80776842880987,997.0319612518276,4.815753932925011,2026-07-24 03:15:26.999717,3.0,24.0,7.0,4.0,0.0,103.0,105.0,125.0,121.0,105.66666666666669,15.845083359413518,144.0,22.0,119.0,
Lahore,135,116.20307281744144,80.77035585629919,37.906707906410745,62.20146278409564,25.84094888259627,2.9533587309063343,17.471896865283643,89.82449261478862,1002.9001323043448,1.3702052158555111,2026-07-24 04:15:26.999717,4.0,24.0,7.0,4.0,0.0,125.0,116.0,107.0,118.0,110.33333333333331,19.91649232838836,144.70833333333334,10.0,132.0,
Lahore,137,125.36028367256044,82.1171579508874,48.20465001064908,10.126378613792468,3.1936957390631395,2.9950485253998766,18.055293177921257,87.25144382008715,1008.37534521152,8.627744966122798,2026-07-24 05:15:26.999717,5.0,24.0,7.0,4.0,0.0,135.0,103.0,78.0,163.0,120.16666666666669,14.62076149407852,143.625,2.0,140.0,
Lahore,136,103.18252983380202,85.01662255758045,40.96756529681495,5.944445950062109,14.422089058765426,3.3436983328315004,17.92797767928407,86.43184300091791,992.366359509841,9.889051346048925,2026-07-24 06:15:26.999717,6.0,24.0,7.0,4.0,0.0,137.0,125.0,105.0,150.0,125.33333333333331,13.633292583478026,143.04166666666666,-1.0,142.0,
Lahore,153,123.6144100657514,94.75372167755162,21.606695640007807,72.36676391241215,29.688430919836705,2.476020984271877,34.55763724040556,78.66765624383842,997.417417440702,8.745674388232652,2026-07-24 07:15:26.999717,7.0,24.0,7.0,4.0,0.0,136.0,135.0,116.0,188.0,131.5,16.61023780684779,141.58333333333334,17.0,144.0,
Lahore,166,122.38950648405508,98.49943134372585,10.047152126374517,48.6004412699224,23.31840438754724,3.560896055677568,18.826310622684456,43.23679990101255,1013.165533714298,2.7493760130801186,2026-07-24 08:15:26.999717,8.0,24.0,7.0,4.0,0.0,153.0,137.0,103.0,156.0,142.0,14.80540441865776,142.0,13.0,190.0,
Lahore,143,117.16574578189604,86.11824530748258,47.85752901537196,31.38701728151086,28.90018596307947,0.9881656590488704,27.628771320090703,61.95796464172692,1000.7280829445472,11.479620161731354,2026-07-24 09:15:26.999717,9.0,24.0,7.0,4.0,0.0,166.0,136.0,125.0,151.0,145.0,12.280065146407145,141.66666666666666,-23.0,176.0,
Lahore,200,157.25899850916613,118.14110494238255,59.26036629555469,22.44459777228878,23.609396327870893,4.825756590653239,24.63850875869946,43.45815760949847,1013.4717418477328,0.303054740293871,2026-07-24 10:15:26.999717,10.0,24.0,7.0,4.0,0.0,143.0,153.0,135.0,141.0,155.83333333333334,24.39193855901257,144.125,57.0,166.0,
Lahore,174,148.8172289741248,97.01193796540277,50.49565601530452,51.26643374456121,26.371577055822183,3.875696707077148,29.86361180079588,45.58052733533695,1014.7850135388034,3.992223568507687,2026-07-24 11:15:26.999717,11.0,24.0,7.0,4.0,0.0,200.0,166.0,137.0,140.0,162.0,23.33238093294301,145.54166666666666,-26.0,190.0,
Lahore,179,139.3269251499071,108.68800428699063,33.01033090783076,43.17516376525536,21.48935933679254,3.340283918040531,34.07486515492388,66.65710616617665,1003.1664956527854,3.121109214418746,2026-07-24 12:15:26.999717,12.0,24.0,7.0,4.0,0.0,174.0,143.0,136.0,147.0,169.16666666666666,20.13371964309157,146.875,5.0,172.0,
Lahore,194,146.7540848101637,125.86095880416534,55.18836306995533,79.36983316474888,23.05455812809996,1.923449256542663,33.48750850497596,32.4500127211838,997.2011002446212,0.5775147313782116,2026-07-24 13:15:26.999717,13.0,24.0,7.0,4.0,0.0,179.0,200.0,153.0,185.0,176.0,20.50365821018112,147.25,15.0,203.0,
Lahore,182,143.2436812964874,104.7814042965447,30.4923836559175,78.74119899903093,16.17216228534552,1.2242996935552812,28.91903772968817,88.16751400924247,1009.7694202143144,4.8687563158640215,2026-07-24 14:15:26.999717,14.0,24.0,7.0,4.0,0.0,194.0,174.0,166.0,188.0,178.66666666666666,19.97665303965076,147.0,-12.0,185.0,
Lahore,193,144.52256114391432,111.93485145198648,36.24670421217338,52.62684246062072,27.80289332360985,2.342043337230251,27.53704158748041,85.12039035467787,993.9827683881254,7.477378081953294,2026-07-24 15:15:26.999717,15.0,24.0,7.0,4.0,0.0,182.0,179.0,143.0,142.0,187.0,10.119288512533878,149.125,11.0,172.0,
Lahore,174,142.95549727253658,100.04636114178128,33.85648836978416,38.21528795794179,24.92612840807749,3.477095332583263,25.741021068300988,52.84605432946319,996.3011714918016,10.590634361821216,2026-07-24 16:15:26.999717,16.0,24.0,7.0,4.0,0.0,193.0,194.0,200.0,186.0,182.66666666666663,8.93681524182847,148.625,-19.0,177.0,
Lahore,149,108.8745847687184,93.0229588936156,32.38119363327625,41.835572685099656,25.472664004303333,3.351693845404,38.271568604218245,60.92534688041478,1009.621997737482,11.87627659429764,2026-07-24 17:15:26.999717,17.0,24.0,7.0,4.0,0.0,174.0,182.0,174.0,152.0,178.5,16.452963258936716,148.5,-25.0,130.0,
Lahore,161,128.9422879059158,98.8424272709822,48.75953846469529,56.18592996776464,20.51726392792852,2.221885197795072,23.93299873156141,57.96716515606554,1000.8411481183008,9.697075036852777,2026-07-24 18:15:26.999717,18.0,24.0,7.0,4.0,0.0,149.0,193.0,179.0,157.0,175.5,17.91926337771531,148.66666666666666,12.0,131.0,
Lahore,123,88.01094090071902,73.00731153791772,36.3384453634746,12.618090817653602,9.83281846553022,3.259788772249084,22.00287717152236,82.93198671704819,995.0384484246916,5.624166224553898,2026-07-24 19:15:26.999717,19.0,24.0,7.0,4.0,0.0,161.0,174.0,194.0,178.0,163.66666666666666,25.21639678198742,146.375,-38.0,122.0,
Lahore,140,110.3985109773168,79.40990469180518,25.8358561012608,29.626405535803865,2.0332640663140404,4.161867330053964,35.069518328692325,71.31611257896665,1006.278143623808,8.684453111604368,2026-07-24 20:15:26.999717,20.0,24.0,7.0,4.0,0.0,123.0,149.0,182.0,155.0,156.66666666666666,24.937254593612405,145.75,17.0,140.0,
Lahore,130,112.21689077902266,78.46188395819962,22.90790838292392,10.645418075270287,28.133998752876792,0.6182814755192318,24.71361346581161,46.68667484546138,1008.319046534542,10.123485463075689,2026-07-24 21:15:26.999717,21.0,24.0,7.0,4.0,0.0,140.0,161.0,193.0,125.0,146.16666666666666,19.1772434585023,145.95833333333334,-10.0,165.0,
Lahore,121,98.603239457179,64.77688936332098,11.887365848371669,10.502056963768968,17.997490115359412,2.5277947156862406,37.86896219344625,56.81047526791781,993.1267809862642,5.583686357024176,2026-07-24 22:15:26.999717,22.0,24.0,7.0,4.0,0.0,130.0,123.0,174.0,107.0,137.33333333333334,15.68013605383229,146.54166666666666,-9.0,170.0,
Lahore,119,90.88253197517534,72.11713283428746,39.159758094152295,19.68794314206753,9.646146163296068,3.91349852810056,23.852995403202907,55.73795854120583,996.9245064993734,9.420653208306,2026-07-24 23:15:26.999717,23.0,24.0,7.0,4.0,0.0,121.0,140.0,149.0,78.0,132.33333333333334,15.995832790658438,148.25,-2.0,134.0,
Lahore,82,65.44398255530459,53.55762193043967,21.49807077005171,41.393994094492015,5.324918127578597,2.9576501170851976,33.95251026351388,87.56011009703512,995.5319188843058,5.7918290197545215,2026-07-25 00:15:26.999717,0.0,25.0,7.0,5.0,1.0,119.0,130.0,161.0,105.0,119.16666666666669,19.752636954764707,147.29166666666666,-37.0,130.0,
Lahore,109,87.29008436022224,59.1440043168316,17.406696100819154,63.8580740872092,25.056171799521884,3.431642395680815,16.217943169704075,40.51865463087838,999.4963657190611,4.6379518905206725,2026-07-25 01:15:26.999717,1.0,25.0,7.0,5.0,1.0,82.0,121.0,123.0,116.0,116.83333333333331,20.034137532390616,147.0,27.0,84.0,
Lahore,125,102.36315172921702,67.33740861585169,42.691498191383886,41.41219183744044,25.259085638979787,2.82504376672404,25.41019776297864,35.37458023766574,1009.0861223894016,6.313090053405134,2026-07-25 02:15:26.999717,2.0,25.0,7.0,5.0,1.0,109.0,119.0,140.0,103.0,114.33333333333331,17.31665864613461,147.91666666666666,16.0,112.0,
Lahore,131,97.96570818359588,86.4971894584743,44.06046289107744,30.16074579206523,24.62073107578541,4.963435451070399,24.26721472412389,82.8371299297014,1007.842702556858,8.110256851525738,2026-07-25 03:15:26.999717,3.0,25.0,7.0,5.0,1.0,125.0,82.0,130.0,125.0,114.5,17.50142851312662,148.16666666666666,6.0,112.0,
Lahore,113,93.36283636923666,64.74120180247708,47.607744612883295,11.17647427525686,19.7073980670368,0.745796914200672,37.05032596044993,83.80115937035225,1006.5630977595926,8.722584675823168,2026-07-25 04:15:26.999717,4.0,25.0,7.0,5.0,1.0,131.0,109.0,121.0,135.0,113.16666666666669,17.2094935040736,147.25,-18.0,121.0,
Lahore,167,120.07804184198612,105.8797392297191,35.17884481692957,46.27216423873472,11.6144462401644,2.7097016979756976,41.110495887164376,82.30434527472988,990.1571386467148,4.280835226705294,2026-07-25 05:15:26.999717,5.0,25.0,7.0,5.0,1.0,113.0,125.0,119.0,137.0,121.16666666666669,28.145455524235725,148.5,54.0,138.0,
Lahore,132,102.45057723818095,78.43001167401084,54.70273026019433,25.345143986238256,9.818038258627451,0.9113744710153296,27.44379447070996,60.658614937533386,993.5535828345096,6.855843018672418,2026-07-25 06:15:26.999717,6.0,25.0,7.0,5.0,1.0,167.0,131.0,82.0,136.0,129.5,20.62765134473732,148.33333333333334,-35.0,140.0,
Lahore,169,132.7586307877423,100.59022591529336,56.81713766991139,51.12006334378606,1.2480883334269357,1.2190350295110668,37.270579483151465,69.58466569616763,995.5824387275516,10.918450488965366,2026-07-25 07:15:26.999717,7.0,25.0,7.0,5.0,1.0,132.0,113.0,109.0,153.0,139.5,23.09761892490257,149.0,37.0,110.0,
Lahore,166,135.9666341303562,101.79206349748324,50.36854698962447,78.28908043493138,25.17461920195897,2.223672576882178,33.89175692584885,63.80178285365904,996.7988961509712,11.715754801327677,2026-07-25 08:15:26.999717,8.0,25.0,7.0,5.0,1.0,169.0,167.0,125.0,166.0,146.33333333333334,23.997222061452582,149.0,-3.0,173.0,
Lahore,152,121.71315426338435,86.7800057162678,41.77967410040936,13.348574110816262,3.535548227315632,1.199930411752193,41.11942166691972,34.16686956326406,993.6606635412224,2.726977094207454,2026-07-25 09:15:26.999717,9.0,25.0,7.0,5.0,1.0,166.0,132.0,131.0,143.0,149.83333333333334,22.81593010741963,149.375,-14.0,144.0,
Lahore,207,158.5721847307186,124.86248571747822,25.18604767955944,20.909404904145493,19.29189494318226,4.83659224680493,36.89992988725626,65.75009381404334,1000.2578887868472,2.3139739885600976,2026-07-25 10:15:26.999717,10.0,25.0,7.0,5.0,1.0,152.0,169.0,113.0,200.0,165.5,24.66373856494492,149.66666666666666,55.0,176.0,
Lahore,152,116.67503437091491,89.29255292587953,59.14724608101106,40.4820903574531,15.618173458362564,4.760553995263216,17.091907781020723,30.81684883536605,991.8795146253508,8.120227601143782,2026-07-25 11:15:26.999717,11.0,25.0,7.0,5.0,1.0,207.0,166.0,167.0,174.0,163.0,25.23489647293917,148.75,-55.0,218.0,
Lahore,197,158.59340004773705,111.59753278297484,23.70680835959692,77.64603615094471,16.273991408864184,2.012493407992717,34.258606504320376,49.49924457342517,1008.7505547596944,4.976206629881326,2026-07-25 12:15:26.999717,12.0,25.0,7.0,5.0,1.0,152.0,152.0,132.0,179.0,173.83333333333334,23.129346438379898,149.5,45.0,160.0,
Lahore,199,158.80466329067724,121.08741037363198,20.13284609952155,62.88573322024967,27.874672513925425,3.378864704169558,29.45849231640409,85.93755455239003,1009.6930196824028,0.2906680610176444,2026-07-25 13:15:26.999717,13.0,25.0,7.0,5.0,1.0,197.0,207.0,169.0,194.0,178.83333333333334,25.03930243969636,149.70833333333334,2.0,129.0,
Lahore,164,128.3043794518213,97.0834609656104,32.10770568932914,72.36718948721226,1.9168353268660208,2.901889942672037,15.443773564172831,48.242716178148456,1004.3566672400224,4.16234244776741,2026-07-25 14:15:26.999717,14.0,25.0,7.0,5.0,1.0,199.0,152.0,166.0,182.0,178.5,25.256682284098964,148.95833333333334,-35.0,172.0,
Lahore,202,159.19583105244013,120.41487585777644,12.842028535619423,30.02861363568447,23.4283745142344,4.170141412320959,21.78544988558697,86.38959855865488,992.2426219260492,9.680936921667026,2026-07-25 15:15:26.999717,15.0,25.0,7.0,5.0,1.0,164.0,197.0,152.0,193.0,186.8333333333333,22.90342041413386,149.33333333333334,38.0,196.0,
Lahore,163,133.88083998579646,91.7491952829292,58.92472323358954,79.4028855333946,2.5095195526519065,3.32350524417624,39.88739161572611,45.00803742895465,1012.2520792386688,9.56912316459819,2026-07-25 16:15:26.999717,16.0,25.0,7.0,5.0,1.0,202.0,199.0,207.0,174.0,179.5,22.18783450451881,148.875,-39.0,208.0,
Lahore,167,131.01153713565392,108.15700183881404,39.421677820821245,12.712461204811804,2.106454572125939,0.5011360452075295,40.00365706524233,48.87373442769195,1014.1408957177028,5.936221785798983,2026-07-25 17:15:26.999717,17.0,25.0,7.0,5.0,1.0,163.0,164.0,152.0,149.0,182.0,19.09973821809894,149.625,4.0,137.0,
Lahore,159,126.75954377985464,99.78357093193056,37.84760458320876,8.972967953457562,13.464713246100075,3.934284735243825,36.568962425417126,67.7044497863132,995.0590890080448,5.670935218650424,2026-07-25 18:15:26.999717,18.0,25.0,7.0,5.0,1.0,167.0,202.0,197.0,161.0,175.66666666666666,19.428501400432094,149.54166666666666,-8.0,164.0,
Lahore,143,125.24968294040272,90.62077942085988,42.78981399498599,69.1701970290521,2.829180055946035,3.8608165458325314,41.50804928850572,75.69761836735769,1007.615995486018,6.954089309212529,2026-07-25 19:15:26.999717,19.0,25.0,7.0,5.0,1.0,159.0,163.0,199.0,123.0,166.33333333333334,19.42850140043269,150.375,-16.0,136.0,
Lahore,154,116.0815868155804,90.87277648779158,34.85118238886034,74.54486526552397,23.88517458749445,2.7937521750491645,36.77672106485353,60.08326608029304,1011.048465766062,2.632760526762912,2026-07-25 20:15:26.999717,20.0,25.0,7.0,5.0,1.0,143.0,167.0,164.0,140.0,164.66666666666666,20.08647969821041,150.95833333333334,11.0,135.0,
Lahore,146,107.54078634212672,78.9540855524829,11.60317585472708,11.793901815957632,16.35732971580178,4.563135379548742,15.27551305670162,82.92694123164932,1003.4960880635676,6.312523498691466,2026-07-25 21:15:26.999717,21.0,25.0,7.0,5.0,1.0,154.0,159.0,202.0,130.0,155.33333333333334,9.479803092187224,151.625,-8.0,183.0,
Lahore,90,75.91794832399303,63.76458691244756,40.61556444201984,13.507057005938112,1.8421246971334588,4.588007925606807,22.77152718814082,32.414425296637155,998.0830774881688,0.1325563206797806,2026-07-25 22:15:26.999717,22.0,25.0,7.0,5.0,1.0,146.0,143.0,163.0,121.0,143.16666666666666,27.46209508880691,150.33333333333334,-56.0,95.0,
Lahore,147,114.2067846935295,87.89451245997066,45.80869384782153,7.488061831683036,2.174519907975666,2.8576025451697875,15.826852920419595,85.33169031806224,1001.9639678770088,5.706714657397605,2026-07-25 23:15:26.999717,23.0,25.0,7.0,5.0,1.0,90.0,154.0,167.0,119.0,139.83333333333334,25.103120655939986,151.5,57.0,126.0,
Lahore,86,67.2088123612869,47.856001019899736,30.837453031202656,12.838067198204309,18.767387362444904,3.23594704038442,17.540915155914107,41.77846799372448,1002.8067187696112,4.032612555007111,2026-07-26 00:15:26.999717,0.0,26.0,7.0,6.0,1.0,147.0,146.0,159.0,82.0,127.66666666666669,30.96234271928905,151.66666666666666,-61.0,129.0,
Lahore,141,108.89421810934444,86.68400787241556,47.86477860355964,20.706486260021062,24.377242712093743,4.984349323661026,20.90870205767096,83.05432470507935,1000.0159261047008,8.098435270843915,2026-07-26 01:15:26.999717,1.0,26.0,7.0,6.0,1.0,86.0,90.0,143.0,109.0,127.33333333333331,30.774448275585915,153.0,55.0,142.0,
Lahore,145,114.70099929616244,92.83560394001648,21.350064966921032,77.75574641825007,13.696186406968431,1.8446910566513788,28.596080750789103,54.05179076918283,1013.2460623408426,7.660243009831531,2026-07-26 02:15:26.999717,2.0,26.0,7.0,6.0,1.0,141.0,147.0,154.0,125.0,125.83333333333331,29.40351452916329,153.83333333333334,4.0,125.0,
Lahore,106,92.79269056048172,63.48474721957266,21.0638295533092,55.08951666797604,17.082839474533106,1.960777590401648,37.88336409347448,79.96542335226226,1008.5970777735624,4.570030562193708,2026-07-26 03:15:26.999717,3.0,26.0,7.0,6.0,1.0,145.0,86.0,146.0,131.0,119.16666666666669,28.435306691975978,152.79166666666666,-39.0,134.0,
Lahore,126,104.8106422930906,81.99287583969686,18.070849384378697,63.391476913890656,24.195054167447147,1.3224825619857337,38.27310241624192,70.29993298822171,996.032541056374,0.0872757777430988,2026-07-26 04:15:26.999717,4.0,26.0,7.0,6.0,1.0,106.0,141.0,90.0,113.0,125.16666666666669,24.58793742197012,153.33333333333334,20.0,126.0,
Lahore,119,99.5111175594349,76.81499969258434,28.59973798945809,63.21045527686416,18.70467904721276,4.531401226210406,31.637450181047004,40.55649794869573,1004.6389296829968,3.027283552739525,2026-07-26 05:15:26.999717,5.0,26.0,7.0,6.0,1.0,126.0,145.0,147.0,167.0,120.5,22.15174936658646,151.33333333333334,-7.0,147.0,
Lahore,145,108.91886472103675,81.61809406298971,52.35060176945418,45.1305312334411,7.518046892105764,3.850197754771698,40.06075035478834,85.08285419288691,1007.2172287732792,7.600174202269947,2026-07-26 06:15:26.999717,6.0,26.0,7.0,6.0,1.0,119.0,106.0,86.0,132.0,130.33333333333334,16.020819787598413,151.875,26.0,143.0,
Lahore,143,108.64423131723566,82.43104947170262,51.39560310745322,64.81167332847629,18.77850875021488,0.9753928199160884,28.501682817935617,44.731043429307576,993.5039105425532,0.8684801162100544,2026-07-26 07:15:26.999717,7.0,26.0,7.0,6.0,1.0,145.0,126.0,141.0,169.0,130.66666666666666,16.305418322346227,150.79166666666666,-2.0,162.0,
Lahore,173,124.20460670257287,108.58768581639885,29.14121039817519,49.685564929247725,19.22010431289119,4.917953080390846,39.00397319159645,44.64840712169995,998.9606435595038,1.291709062001566,2026-07-26 08:15:26.999717,8.0,26.0,7.0,6.0,1.0,143.0,119.0,145.0,166.0,135.33333333333334,23.602259778815505,151.08333333333334,30.0,150.0,
Lahore,191,148.75309589458624,101.0369371809478,39.45593679901182,28.59095732025182,22.289102445552675,3.7893276867250223,27.259761920964326,78.85073379824283,1012.638707040098,7.764420294805046,2026-07-26 09:15:26.999717,9.0,26.0,7.0,6.0,1.0,173.0,145.0,106.0,152.0,149.5,27.63874092646026,152.70833333333334,18.0,173.0,
Lahore,199,163.9835159319283,118.65272153417504,46.04081582374578,47.083258157630056,19.00535143914724,4.3273494932223855,22.48507520039082,36.352395334351264,1004.17932750463,9.069208811391508,2026-07-26 10:15:26.999717,10.0,26.0,7.0,6.0,1.0,191.0,143.0,126.0,207.0,161.66666666666666,31.078395496978693,152.375,8.0,171.0,
Lahore,165,134.58473257874186,91.84584399187663,22.06033873140115,45.01314396008851,29.1080217832831,0.7166785512794042,39.74314878871155,43.32215438222762,995.424943651508,3.858596496152545,2026-07-26 11:15:26.999717,11.0,26.0,7.0,6.0,1.0,199.0,173.0,119.0,152.0,169.33333333333334,23.096897338530265,152.91666666666666,-34.0,199.0,
Lahore,175,138.89243368523938,102.61723099283238,18.40705429473736,66.75897903194905,6.721360952794986,2.7723241352397543,25.47424704332947,60.220654405263744,993.0696199529788,5.876076786198743,2026-07-26 12:15:26.999717,12.0,26.0,7.0,6.0,1.0,165.0,191.0,145.0,197.0,174.33333333333334,19.78551658831768,152.0,10.0,178.0,
Lahore,146,116.68849858140976,86.10589955485398,58.60479966061555,78.62954130362442,28.581629707445213,3.6436922902716766,28.591910938800464,79.82862172119746,1002.955672336872,11.348536379803903,2026-07-26 13:15:26.999717,13.0,26.0,7.0,6.0,1.0,175.0,199.0,143.0,199.0,174.83333333333334,18.85117149321476,149.79166666666666,-29.0,144.0,
Lahore,162,126.15557228712296,95.40877811046246,40.87786566048092,35.82819240656979,16.61184522015047,2.943259630573286,23.879237078328284,38.84903848423605,1003.6921430757286,11.346522746111631,2026-07-26 14:15:26.999717,14.0,26.0,7.0,6.0,1.0,146.0,165.0,173.0,164.0,173.0,19.585709075750376,149.70833333333334,16.0,203.0,
Lahore,193,155.42379441200893,113.03869373943697,59.0707860916832,62.254300883101976,20.48672807435245,3.4999135956467486,32.896615207849706,62.86009407074078,998.3603612838654,3.690033293561161,2026-07-26 15:15:26.999717,15.0,26.0,7.0,6.0,1.0,162.0,175.0,191.0,202.0,173.33333333333334,19.96663884249416,149.33333333333334,31.0,156.0,
Lahore,201,164.62939139740308,115.11428175185593,26.887799356611456,12.482225302860016,3.8843863261135056,4.180433286157126,41.86584307516296,72.67443550817637,1005.760400710478,9.719854500205082,2026-07-26 16:15:26.999717,16.0,26.0,7.0,6.0,1.0,193.0,146.0,199.0,163.0,173.66666666666666,20.49064827345869,150.91666666666666,8.0,155.0,
Lahore,137,101.52056606294764,93.65955633409344,45.151584998706575,63.26235270862164,12.036702299965103,2.184516783320883,15.68886581934878,81.63571348295707,991.7171171554847,7.127328633682305,2026-07-26 17:15:26.999717,17.0,26.0,7.0,6.0,1.0,201.0,162.0,165.0,167.0,169.0,25.44798616786681,149.66666666666666,-64.0,150.0,
Lahore,142,115.09823843918674,94.53731002080676,21.13018182706189,32.85626839949241,23.311995247432005,4.319009040284193,39.29589616219174,86.13393361213318,993.6284923316535,11.70581392020456,2026-07-26 18:15:26.999717,18.0,26.0,7.0,6.0,1.0,137.0,193.0,175.0,159.0,163.5,27.384302072537004,148.95833333333334,5.0,181.0,
Lahore,145,120.66217435477334,81.18967089871859,23.060008563695646,7.9542622167265,21.50041943787072,1.2331224714438085,15.106003538710166,77.07839486813594,1003.6568455252816,5.731362836533158,2026-07-26 19:15:26.999717,19.0,26.0,7.0,6.0,1.0,142.0,201.0,146.0,143.0,163.33333333333334,27.51484447832881,149.04166666666666,3.0,103.0,
Lahore,143,112.32449855518315,93.71058375651783,35.5951060634812,32.24346339216329,2.164042256796895,1.7189872476186865,24.83415279094769,69.1697038933201,991.5453923461114,9.296482416186738,2026-07-26 20:15:26.999717,20.0,26.0,7.0,6.0,1.0,145.0,137.0,162.0,154.0,160.16666666666666,28.76398210725749,148.58333333333334,-2.0,200.0,
Lahore,114,94.70350306060293,66.40267254763573,25.98090627540356,50.79820631912336,16.851233641420095,0.695055289672966,19.552383769816885,56.01720511876595,1012.0227191247776,9.217645555378452,2026-07-26 21:15:26.999717,21.0,26.0,7.0,6.0,1.0,143.0,142.0,193.0,146.0,147.0,28.809720581775785,147.25,-29.0,152.0,
Lahore,133,120.47327222236277,80.44593736665855,18.38107819202922,13.943762576109991,3.560067596083874,2.13992065100863,35.448228078158884,36.72660925130518,993.5536592614128,5.969194411596914,2026-07-26 22:15:26.999717,22.0,26.0,7.0,6.0,1.0,114.0,145.0,201.0,90.0,135.66666666666666,11.483321238504562,149.04166666666666,19.0,129.0,
Lahore,112,89.07828603506555,66.88363020051543,23.1440350994663,74.3025869322691,29.879836446166703,2.209592951708541,16.366492700443683,72.58423155153127,1006.8479968521134,9.547561371567694,2026-07-26 23:15:26.999717,23.0,26.0,7.0,6.0,1.0,133.0,143.0,137.0,147.0,131.5,14.9231363995654,147.58333333333334,-21.0,120.0,
Lahore,119,97.16653525002664,68.10125679373016,11.787419723293231,10.825430995462892,27.021601067465543,4.123717687432629,29.94409374677685,89.56423826852921,999.7800860428606,3.132483999683958,2026-07-27 00:15:26.999717,0.0,27.0,7.0,0.0,0.0,112.0,114.0,142.0,86.0,127.66666666666669,14.637850479722427,148.95833333333334,7.0,125.0,
Lahore,131,101.10971458169304,83.51926171803073,45.221181073874334,74.75050398748746,1.6113391524275718,3.439088016303452,22.96300561382344,74.20563568392599,999.9946936885564,1.4670364354827463,2026-07-27 01:15:26.999717,1.0,27.0,7.0,0.0,0.0,119.0,133.0,145.0,141.0,125.33333333333331,12.24200419321591,148.54166666666666,12.0,131.0,
Lahore,123,99.30625581301024,74.42943265288329,34.605832854293084,58.03531384517648,25.900837788176293,2.4652515117005,18.60909671934696,31.00266562426357,1009.1222382152786,5.101964935863795,2026-07-27 02:15:26.999717,2.0,27.0,7.0,0.0,0.0,131.0,112.0,143.0,145.0,122.0,8.671793355474843,147.625,-8.0,136.0,
Lahore,119,97.50135812491152,69.01724288390379,14.712153320226282,29.728413156065272,27.66345841619382,3.434512903806867,35.8390917267713,59.77559868251032,1002.4865533543228,11.323567879603017,2026-07-27 03:15:26.999717,3.0,27.0,7.0,0.0,0.0,123.0,119.0,114.0,106.0,122.83333333333331,7.960318251597873,148.16666666666666,-4.0,139.0,
Lahore,132,106.5742117013507,72.67705278099764,18.58469965642456,34.306276078181995,11.252898454340198,0.7375250773206102,20.87025452489193,66.87879794897424,1008.1413865910966,6.008935298430345,2026-07-27 04:15:26.999717,4.0,27.0,7.0,0.0,0.0,119.0,131.0,133.0,126.0,122.66666666666669,7.711463328494963,148.41666666666666,13.0,136.0,
Lahore,140,106.90152340145572,79.5320249314044,15.1267269056322,60.560702354955815,21.86554799638521,1.3112219120826925,21.03923072548335,71.38045206617059,1002.6297807188192,7.623109663763124,2026-07-27 05:15:26.999717,5.0,27.0,7.0,0.0,0.0,132.0,123.0,112.0,119.0,127.33333333333331,8.406346808614956,149.29166666666666,8.0,137.0,
Lahore,142,114.63180885662726,76.99309942198951,40.62964041379382,50.11033256609056,13.821008640025587,3.3212653485878976,22.42707319872392,73.18355013604251,1004.8226335351316,7.489949470894504,2026-07-27 06:15:26.999717,6.0,27.0,7.0,0.0,0.0,140.0,119.0,119.0,145.0,131.16666666666666,9.064583093926672,149.16666666666666,2.0,146.0,
Lahore,144,122.51097969358818,86.46111774207584,14.710518180624687,55.37321910912089,20.00174205271398,3.38615068651386,30.84270262335674,63.48650647299144,1009.0178656967416,1.5908744072343652,2026-07-27 07:15:26.999717,7.0,27.0,7.0,0.0,0.0,142.0,132.0,131.0,143.0,133.33333333333334,10.462631918723696,149.20833333333334,2.0,146.0,
Lahore,190,154.24317882257265,108.01667203857802,47.7141166517608,34.187346238511,10.869204724647552,3.9836059641834223,32.8109801556502,43.40161996405442,1005.182718573032,4.683562588526524,2026-07-27 08:15:26.999717,8.0,27.0,7.0,0.0,0.0,144.0,140.0,123.0,173.0,144.5,24.09771773425861,149.91666666666666,46.0,180.0,
Lahore,176,145.6099359453592,104.27219743740729,11.02554596601956,41.586011135569926,10.354217862364782,2.31349891574121,15.475268139936317,86.5320396885928,1005.3903777347196,8.483267675062498,2026-07-27 09:15:26.999717,9.0,27.0,7.0,0.0,0.0,190.0,142.0,119.0,191.0,154.0,23.25510696599736,149.29166666666666,-14.0,177.0,
Lahore,166,131.61494014993687,106.45050926805185,22.46878939979461,79.24006130284201,13.308582776869793,3.751493434772703,21.53048017507233,71.79998805981973,1009.73048978569,11.663881182968716,2026-07-27 10:15:26.999717,10.0,27.0,7.0,0.0,0.0,176.0,144.0,132.0,199.0,159.66666666666666,20.839065877976186,147.91666666666666,-10.0,113.0,
Lahore,190,155.74950119711855,119.99649786460792,54.53333379459536,21.044215287478828,5.221465000922533,3.5779114965208523,26.63621274764264,44.21040221216457,1013.7271703954844,2.016212859564314,2026-07-27 11:15:26.999717,11.0,27.0,7.0,0.0,0.0,166.0,190.0,140.0,165.0,168.0,21.3915871313922,148.95833333333334,24.0,189.0,
Lahore,172,138.99633919108263,103.03861552948692,45.9265659061123,36.33921398915986,25.103029968626096,4.83527020266432,23.96337770835329,49.33930993621637,999.4179038483834,4.925302684069395,2026-07-27 12:15:26.999717,12.0,27.0,7.0,0.0,0.0,190.0,176.0,142.0,175.0,173.0,17.19302184026799,148.83333333333334,-18.0,183.0,
Lahore,203,157.64544635156383,121.36457636928424,13.648416646284383,26.886739068047547,11.112238965487462,1.4680860189110565,38.87260777979392,85.31566023782219,1004.4279289306488,1.1411255976327523,2026-07-27 13:15:26.999717,13.0,27.0,7.0,0.0,0.0,172.0,166.0,144.0,146.0,182.8333333333333,13.833534135085452,151.20833333333334,31.0,179.0,
Lahore,185,149.59260502399437,120.39937274710503,51.056305224258985,62.38336328298874,12.60433706326951,2.9825580368868776,36.268135733933306,83.24911120244015,992.1568289433386,2.9085175157910723,2026-07-27 14:15:26.999717,14.0,27.0,7.0,0.0,0.0,203.0,190.0,190.0,162.0,182.0,13.461054936367722,152.16666666666666,-18.0,170.0,
Lahore,172,132.64151668279845,105.80378060179356,34.65175607701024,62.30094692492905,26.9275837683622,3.207939989497112,31.89903581954834,54.30878630148538,998.9700970142216,4.521112119913803,2026-07-27 15:15:26.999717,15.0,27.0,7.0,0.0,0.0,185.0,172.0,176.0,193.0,181.3333333333333,13.90922954971188,151.29166666666666,-13.0,196.0,
Lahore,177,138.43559862557603,104.56096770061738,52.33915135844146,26.93340957480469,15.402090607831967,4.9939154822039935,24.127145231920075,32.29843331948706,1000.3012306472348,6.487718975428205,2026-07-27 16:15:26.999717,16.0,27.0,7.0,0.0,0.0,172.0,203.0,166.0,201.0,183.16666666666663,12.089940722210908,150.29166666666666,5.0,187.0,
Lahore,130,104.94664153646188,70.86990941439774,40.03698872251967,11.104273747473718,16.783363371175025,1.4053286397499327,33.918153310846314,32.90984213363629,1010.8809329206013,2.7668025868689714,2026-07-27 17:15:26.999717,17.0,27.0,7.0,0.0,0.0,177.0,185.0,190.0,137.0,173.16666666666666,24.12813019416544,150.0,-47.0,146.0,
Lahore,131,106.28622136690063,80.5693660908237,44.09165160164294,5.857450750415303,28.738445618535856,2.854481089852815,37.77822634683645,47.03509745510334,1002.834810053142,2.730751934144229,2026-07-27 18:15:26.999717,18.0,27.0,7.0,0.0,0.0,130.0,172.0,172.0,142.0,166.33333333333334,29.689504318304387,149.54166666666666,1.0,162.0,
Lahore,122,91.65383767461437,77.34661886291431,59.67507801978541,37.058789993186416,26.715065111204687,2.057833884711375,31.06042018869264,67.74733316033996,1008.2766593324616,9.333959749682446,2026-07-27 19:15:26.999717,19.0,27.0,7.0,0.0,0.0,131.0,177.0,203.0,145.0,152.83333333333334,28.05292616941499,148.58333333333334,-9.0,126.0,
Lahore,140,117.2699288559144,80.84174237743179,21.616777296200908,35.77531957518282,5.914534557764746,2.866518358605499,36.18045960612123,65.05167812007372,990.4751850006418,11.551699955362576,2026-07-27 20:15:26.999717,20.0,27.0,7.0,0.0,0.0,122.0,130.0,185.0,143.0,145.33333333333334,23.3552278230521,148.45833333333334,18.0,110.0,
Lahore,165,134.86003139150236,100.45601377569017,41.19727873806941,79.12924089798972,14.723235867625046,1.544578709463977,35.22583395779319,68.02966721663657,1001.612316740708,3.8833556130174745,2026-07-27 21:15:26.999717,21.0,27.0,7.0,0.0,0.0,140.0,131.0,172.0,114.0,144.16666666666666,21.885307095553166,150.58333333333334,25.0,118.0,
Lahore,170,132.47635782194558,100.18213352542486,33.01606950286992,40.23515567732597,29.16759059542781,0.7142557029236964,30.4369074013287,73.0369783159264,1012.5329416290896,8.255904223628162,2026-07-27 22:15:26.999717,22.0,27.0,7.0,0.0,0.0,165.0,122.0,177.0,133.0,143.0,19.87963782366284,152.125,5.0,142.0,
Lahore,134,99.51207601775413,79.47983800400498,11.972597646134572,24.231377718156548,11.798622648629475,3.0765445425396,23.4289468541808,31.141935215564303,995.6078477326446,3.096965536295049,2026-07-27 23:15:26.999717,23.0,27.0,7.0,0.0,0.0,170.0,140.0,130.0,112.0,143.66666666666666,19.418204517067768,153.04166666666666,-36.0,140.0,
Lahore,130,103.27547710459284,65.56088971218834,10.723532075143252,71.84220807736006,11.775620146969802,2.0113444213737446,35.13611826603434,36.305135710346576,990.7880546326778,11.135427059587585,2026-07-28 00:15:26.999717,0.0,28.0,7.0,1.0,0.0,134.0,165.0,131.0,119.0,143.5,19.55249344712855,153.5,-4.0,130.0,
Lahore,84,64.9702814306942,49.29109298141932,15.961428890892932,41.830096224018384,6.655876721885476,1.3187363078679517,20.583501891655374,51.56900710963276,1000.8352183428368,8.074828321984779,2026-07-28 01:15:26.999717,1.0,28.0,7.0,1.0,0.0,130.0,170.0,122.0,131.0,137.16666666666666,30.81828461590112,151.54166666666666,-46.0,135.0,
Lahore,112,90.16570228526513,72.04684651204028,42.454587026927406,49.93817264079333,4.315370309454631,1.957710047351152,36.046185354731406,39.291599851294905,1007.61079551619,9.63212225565084,2026-07-28 02:15:26.999717,2.0,28.0,7.0,1.0,0.0,84.0,134.0,140.0,123.0,132.5,32.38363784382527,151.08333333333334,28.0,133.0,
Lahore,112,87.78441669422217,64.04298722216721,38.358154395669615,12.17515328211595,22.46883893192347,0.7217609065148521,36.72276068784839,34.51920255267325,1001.3615876710368,0.5922485183899777,2026-07-28 03:15:26.999717,3.0,28.0,7.0,1.0,0.0,112.0,130.0,165.0,119.0,123.66666666666669,28.772672219776886,150.79166666666666,0.0,115.0,
Lahore,121,86.76271569627497,72.86263184107658,37.67147805818637,33.71873054973305,23.330883592343977,4.776990053405465,37.19791174840008,68.45786375983991,1001.4994578377816,7.182071618887496,2026-07-28 04:15:26.999717,4.0,28.0,7.0,1.0,0.0,112.0,84.0,170.0,132.0,115.5,17.885748516628368,150.33333333333334,9.0,143.0,
Lahore,138,108.45826530849422,79.0202464665404,11.592838126413003,75.816775585534,29.101375941587,3.115165617379672,27.76873121641836,78.92018864946594,1006.745126030958,6.331347976300587,2026-07-28 05:15:26.999717,5.0,28.0,7.0,1.0,0.0,121.0,112.0,134.0,140.0,116.16666666666669,18.766104195243585,150.25,17.0,157.0,
Lahore,140,110.47190444465843,85.80220838146387,33.46514981800036,49.212903813156906,23.429128116255526,4.166459066061612,20.196980729801385,75.15759944605695,996.3597202070762,3.515962882938384,2026-07-28 06:15:26.999717,6.0,28.0,7.0,1.0,0.0,138.0,112.0,130.0,142.0,117.83333333333331,20.595306908777417,150.16666666666666,2.0,165.0,
Lahore,110,91.1683051238703,64.91738401231913,56.231140892126426,30.837639135684626,8.057222326974362,2.404031888964787,17.692537201783857,79.02238671655076,1008.7972447910496,3.149159820687817,2026-07-28 07:15:26.999717,7.0,28.0,7.0,1.0,0.0,140.0,121.0,84.0,144.0,122.16666666666669,13.60024509583281,148.75,-30.0,173.0,
Lahore,173,134.90900162694476,99.10379229658996,29.87959346553233,51.92503854736948,2.163380770366948,4.564916004047836,35.070753763173954,69.95139264347263,993.8278382726434,6.960297627803637,2026-07-28 08:15:26.999717,8.0,28.0,7.0,1.0,0.0,110.0,138.0,112.0,190.0,132.33333333333334,23.60225977881567,148.04166666666666,63.0,172.0,
Lahore,144,123.59337336686283,93.06275733832562,41.246123489422814,73.28083171835871,29.577684146720145,2.67493199698514,38.92905738230496,74.12071930885213,999.8937651321496,8.477827620086702,2026-07-28 09:15:26.999717,9.0,28.0,7.0,1.0,0.0,173.0,140.0,112.0,176.0,137.66666666666666,21.6209774678826,146.70833333333334,-29.0,172.0,
Lahore,176,131.2417972467412,110.24466006766109,48.990933781157175,25.549295035444253,10.873070170764567,3.0827539499030125,32.57263568859648,46.30672645249808,1006.400202711773,0.3980730844222675,2026-07-28 10:15:26.999717,10.0,28.0,7.0,1.0,0.0,144.0,110.0,121.0,166.0,146.83333333333334,24.5960701468073,147.125,32.0,193.0,
Lahore,218,180.9558374890132,127.7754661803591,49.19626395709438,42.88375388530058,10.047174730540204,2.713072910281956,18.89232163048598,89.58048217704986,1010.709225180755,6.8088189830844525,2026-07-28 11:15:26.999717,11.0,28.0,7.0,1.0,0.0,176.0,173.0,138.0,190.0,160.16666666666666,37.26884310877698,148.29166666666666,42.0,176.0,
Lahore,160,126.87840514560948,98.48894154708888,35.96400411976357,76.90179904338164,27.27270108273209,3.799752331404432,40.242204109974494,40.989939269633226,1009.7882767791264,2.045514347359544,2026-07-28 12:15:26.999717,12.0,28.0,7.0,1.0,0.0,218.0,144.0,140.0,172.0,163.5,35.97638114096467,147.79166666666666,-58.0,161.0,
Lahore,129,107.49792436171778,80.0870600141019,52.89759727011682,17.92971074738395,17.9678970578046,3.049952349209281,41.70575439256163,42.86963246336295,1008.0421399826924,1.6843527766332067,2026-07-28 13:15:26.999717,13.0,28.0,7.0,1.0,0.0,160.0,176.0,110.0,203.0,166.66666666666666,30.78744332786692,144.70833333333334,-31.0,176.0,
Lahore,172,137.99900742029365,106.41150617505588,29.568904668187347,58.974794419753366,7.231264041624902,1.72219515611179,26.701222468242893,47.33530990895081,998.9774095884096,7.477433857136214,2026-07-28 14:15:26.999717,14.0,28.0,7.0,1.0,0.0,129.0,218.0,173.0,185.0,166.5,30.7489837230428,144.16666666666666,43.0,163.0,
Lahore,196,162.49777768012737,109.1287205200246,54.43466073923992,51.08607561522368,26.783791038770943,1.1549278909519085,31.060282810391826,88.51994580639473,993.0576079073433,3.730441406609677,2026-07-28 15:15:26.999717,15.0,28.0,7.0,1.0,0.0,172.0,160.0,144.0,172.0,175.16666666666666,30.465827851325425,145.16666666666666,24.0,161.0,
Lahore,208,164.46319017723596,129.8330327051631,22.011358319777266,55.97563483554761,29.80746479658756,3.2275597499734,35.985170040044764,89.29731536123435,995.4208554423248,5.290562797618368,2026-07-28 16:15:26.999717,16.0,28.0,7.0,1.0,0.0,196.0,129.0,176.0,177.0,180.5,33.30915789989167,146.45833333333334,12.0,166.0,
Lahore,137,104.10689787411094,79.35150518537135,24.01082034952855,31.341472300067725,3.513678273374091,2.701309826961663,34.882524331351206,77.69362498238985,1011.6208453644122,4.3199857132772745,2026-07-28 17:15:26.999717,17.0,28.0,7.0,1.0,0.0,208.0,172.0,218.0,130.0,167.0,31.432467291002624,146.75,-71.0,146.0,
Lahore,164,138.3025214363553,96.61086033279366,12.656031209950054,28.54095301128237,26.00529722077213,0.9318906351325082,41.13025418220313,67.74345591357803,1011.4332842533164,7.780035841830285,2026-07-28 18:15:26.999717,18.0,28.0,7.0,1.0,0.0,137.0,196.0,160.0,131.0,167.66666666666666,31.296432171521,148.125,27.0,147.0,
Lahore,136,108.23259677058932,94.789408761301,49.779091827114144,56.31572529412779,12.324955232847426,2.280278596069708,18.101843459127306,61.20375451107681,1013.7890213134754,5.641437192797627,2026-07-28 19:15:26.999717,19.0,28.0,7.0,1.0,0.0,164.0,208.0,129.0,122.0,168.83333333333334,29.65411719587369,148.70833333333334,-28.0,108.0,
Lahore,135,109.10779236812104,82.50936690360506,30.85276181163528,21.1657463828409,16.198100948694425,2.816493899002041,30.679571385855752,88.23725074121074,991.8997162973884,11.56150394445537,2026-07-28 20:15:26.999717,20.0,28.0,7.0,1.0,0.0,136.0,137.0,172.0,140.0,162.66666666666666,32.56787783486402,148.5,-1.0,142.0,
Lahore,183,152.57375957022398,107.86838762276412,21.45583069556995,36.47410586442538,27.52966329718444,4.221019552215156,33.68214833117349,71.73736817149485,1003.4202271319364,4.228593109277584,2026-07-28 21:15:26.999717,21.0,28.0,7.0,1.0,0.0,135.0,164.0,196.0,165.0,160.5,30.25723054081397,149.25,48.0,131.0,
Lahore,95,70.84022378952783,45.97352813622047,21.58951388082898,19.113098453968853,29.2279966774784,0.8424547512501306,39.03265745306709,86.68380769956181,1006.2170761226058,8.883412083154022,2026-07-28 22:15:26.999717,22.0,28.0,7.0,1.0,0.0,183.0,136.0,208.0,170.0,141.66666666666666,29.94439290863449,146.125,-88.0,109.0,
Lahore,126,103.7774544881963,82.54882066973177,55.069997061461656,5.6228630842497305,8.602753401855182,2.068229067107013,38.60095994839007,48.99304796865744,1007.7664344266714,3.0875108109965343,2026-07-28 23:15:26.999717,23.0,28.0,7.0,1.0,0.0,95.0,135.0,137.0,134.0,139.83333333333334,30.61644438315273,145.79166666666666,31.0,134.0,
Lahore,129,100.25052621768556,70.67395164595698,51.69583002305185,77.75430200285521,7.1726723578375,4.201952552196734,41.405994426154834,50.02648753617394,1006.0965808752608,6.105037111513763,2026-07-29 00:15:26.999717,0.0,29.0,7.0,2.0,0.0,126.0,183.0,164.0,130.0,134.0,28.340783334269933,145.75,3.0,138.0,
Lahore,142,112.93915322177816,80.18280548250249,37.67654426785917,37.37772339923143,3.334980199153844,3.417907692972104,28.826118256317336,81.28347564710614,1009.2502847475572,6.630837022823484,2026-07-29 01:15:26.999717,1.0,29.0,7.0,2.0,0.0,129.0,95.0,136.0,84.0,135.0,28.530685235374737,148.16666666666666,13.0,88.0,
Lahore,125,100.36139482692144,73.34323850456076,40.80554002078605,77.70122108148689,17.292137727202,1.8048124481170404,37.43054340395712,38.99129523511766,998.9867894072336,3.949311372752786,2026-07-29 02:15:26.999717,2.0,29.0,7.0,2.0,0.0,142.0,126.0,135.0,112.0,133.33333333333334,28.82128842829031,148.70833333333334,-17.0,108.0,
Lahore,134,99.69889069276532,87.48205895850145,33.71627852751455,15.524263982586955,1.3945274680693798,4.30400804910189,26.53660611943785,86.75567167776455,994.4858193033872,5.661366346951549,2026-07-29 03:15:26.999717,3.0,29.0,7.0,2.0,0.0,125.0,129.0,183.0,112.0,125.16666666666669,16.04265148492359,149.625,9.0,112.0,
Lahore,126,96.90581478589785,79.4661999333288,29.583327143940444,49.052508459311454,12.94505063068816,2.719821112532116,26.40247470211287,60.44846127980445,995.1145843037608,3.351343654781906,2026-07-29 04:15:26.999717,4.0,29.0,7.0,2.0,0.0,134.0,142.0,95.0,121.0,130.33333333333334,6.592925501377081,149.83333333333334,-8.0,115.0,
Lahore,147,124.35536446206572,87.4108124507987,55.77384406091657,20.073052459342968,3.128136482908248,2.7425835108970724,21.8404058407672,85.58483271502186,990.299467236754,0.0720093800877839,2026-07-29 05:15:26.999717,5.0,29.0,7.0,2.0,0.0,126.0,125.0,126.0,138.0,133.83333333333334,8.975893641677109,150.20833333333334,21.0,158.0,
Lahore,143,118.83095594292398,87.34146031819411,16.280635176015103,64.2555595222456,12.751547704950683,4.894643026401729,37.092406749519206,50.20756732354879,998.7580468026556,2.587779619654545,2026-07-29 06:15:26.999717,6.0,29.0,7.0,2.0,0.0,147.0,134.0,129.0,140.0,136.16666666666666,9.282600210431006,150.33333333333334,-4.0,146.0,
Lahore,162,129.28680211336382,94.19807153564447,30.9223394858114,63.77772415707314,2.1580334887026686,4.762024264563703,41.61700785696492,72.95753424836383,992.2936012719996,8.400770069918408,2026-07-29 07:15:26.999717,7.0,29.0,7.0,2.0,0.0,143.0,126.0,142.0,110.0,139.5,14.124446891826196,152.5,19.0,144.0,
Lahore,150,121.21561729256446,90.69826844782676,27.22809539939377,13.445536177948384,25.2213005576543,2.113397075164297,21.92122666537596,58.97250731836138,998.0372173197547,9.251556293824525,2026-07-29 08:15:26.999717,8.0,29.0,7.0,2.0,0.0,162.0,147.0,125.0,173.0,143.66666666666666,12.59629575179445,151.54166666666666,-12.0,118.0,
Lahore,173,136.9287874718177,104.16668372389069,34.907536012557415,73.40483396572918,7.08243082421841,1.1326060789838703,16.515552876568954,67.60821781472839,1005.7052519291562,3.3624344056670394,2026-07-29 09:15:26.999717,9.0,29.0,7.0,2.0,0.0,150.0,143.0,134.0,144.0,150.16666666666666,16.166838487059202,152.75,23.0,178.0,
Lahore,171,143.5829169291399,107.44384947840676,32.88159372725875,19.59722354024185,10.520952600379449,1.965500295251424,37.01964581031319,60.26234958834913,1012.3619513896704,4.896515985816864,2026-07-29 10:15:26.999717,10.0,29.0,7.0,2.0,0.0,173.0,162.0,126.0,176.0,157.66666666666666,12.801041624283544,152.54166666666666,-2.0,147.0,
Lahore,199,158.1982371110292,124.23589061219474,35.944476582554074,50.97330061920203,26.231391901585365,0.6371746714012462,31.746211418438417,88.02693704228169,1010.9901362747628,0.4483879216633331,2026-07-29 11:15:26.999717,11.0,29.0,7.0,2.0,0.0,171.0,150.0,147.0,218.0,166.33333333333334,19.815818596934573,151.75,28.0,177.0,
Lahore,178,143.55921046067425,109.26988691102822,16.995948861349703,78.92252150657781,22.641715778633948,0.5934554901967604,40.91186761487712,71.52632386883504,996.3168552989396,2.844754813172167,2026-07-29 12:15:26.999717,12.0,29.0,7.0,2.0,0.0,199.0,173.0,143.0,160.0,172.16666666666666,16.43674744791691,152.5,-21.0,184.0,
Lahore,144,120.93015072071032,84.58826221226948,35.657075075663855,71.17974010747729,7.352112487619696,2.279849613131386,21.81045891507771,45.07913811757892,993.3520785549512,9.35063140046759,2026-07-29 13:15:26.999717,13.0,29.0,7.0,2.0,0.0,178.0,171.0,162.0,129.0,169.16666666666666,19.93405795784217,153.125,-34.0,207.0,
Lahore,203,158.51314257577047,125.50911147195065,22.12094069436054,76.74229464208767,3.0850831410673853,4.7345892021375535,16.91774676603459,84.58061531430508,994.8268068449185,7.271835243180687,2026-07-29 14:15:26.999717,14.0,29.0,7.0,2.0,0.0,144.0,199.0,150.0,172.0,178.0,21.428952377564364,154.41666666666666,59.0,152.0,
Lahore,156,132.5939459224845,93.14015766898476,19.216567449409563,30.69490784135896,21.754539528804845,4.421108035544934,28.295941043395544,47.64178428930626,1014.2746662975902,2.469246263452457,2026-07-29 15:15:26.999717,15.0,29.0,7.0,2.0,0.0,203.0,178.0,173.0,196.0,175.16666666666666,23.26728747977717,152.75,-47.0,114.0,
Lahore,155,116.34769295128312,87.59042815643434,13.24171093930956,12.918173166459752,12.33037396995517,2.8014927526293034,17.307582620058984,52.29630595805138,1003.7368619921372,3.089303941469186,2026-07-29 16:15:26.999717,16.0,29.0,7.0,2.0,0.0,156.0,144.0,171.0,208.0,172.5,24.71234509308932,150.54166666666666,-1.0,172.0,
Lahore,150,128.148210655564,87.98356104044531,48.13262793780704,19.12601549670876,23.216319974428416,3.043518715268738,22.0683300297731,36.1274218812128,994.5625555750144,9.801624275874724,2026-07-29 17:15:26.999717,17.0,29.0,7.0,2.0,0.0,155.0,203.0,199.0,137.0,164.33333333333334,22.169047491189684,151.08333333333334,-5.0,197.0,
Lahore,181,142.93662208024014,109.0226349189216,31.372096042828,42.53711713074604,13.913548398881105,0.5267007353572541,18.401402242117545,83.99799118777145,1011.0186538671704,2.50901043533881,2026-07-29 18:15:26.999717,18.0,29.0,7.0,2.0,0.0,150.0,156.0,178.0,164.0,164.83333333333334,22.569152989570128,151.79166666666666,31.0,178.0,
Lahore,103,81.1865062608736,66.35107891832372,41.33218416558792,64.49222587049917,11.034069976196015,1.4697552012519448,21.051568850822125,47.16672139367178,999.879781107814,4.009892710165575,2026-07-29 19:15:26.999717,19.0,29.0,7.0,2.0,0.0,181.0,155.0,144.0,136.0,158.0,33.63331681532426,150.41666666666666,-78.0,150.0,
Lahore,200,150.54994914408528,119.08235913921423,46.379667165237166,16.26152331379064,14.0849568381595,0.6114835712047269,17.86590562617758,45.53505707588294,1012.4805537993682,7.972304299855732,2026-07-29 20:15:26.999717,20.0,29.0,7.0,2.0,0.0,103.0,150.0,203.0,135.0,157.5,32.84356862461774,153.125,97.0,128.0,
Lahore,152,119.32602641311156,85.15400644380198,43.96583326567768,54.47986491955678,22.708210584449624,3.895427897129244,40.75546198453671,85.21575587969724,996.516928170862,6.733348628496944,2026-07-29 21:15:26.999717,21.0,29.0,7.0,2.0,0.0,200.0,181.0,156.0,183.0,156.83333333333334,32.92061157795588,151.83333333333334,-48.0,147.0,
Lahore,129,98.0009673448656,77.6837084164841,33.52503595448411,29.26832030296339,27.164388309670848,1.1554060821192398,22.52119326314286,78.331611744302,999.830543970106,5.530442462805771,2026-07-29 22:15:26.999717,22.0,29.0,7.0,2.0,0.0,152.0,103.0,155.0,95.0,152.5,34.86402156952045,153.25,-23.0,106.0,
Lahore,120,92.96176827313263,72.56728020028277,29.39492644758649,30.59015542941152,2.4432487010686907,4.410711961145676,26.985234821799267,38.46473529116246,1002.623694069752,10.796893091756932,2026-07-29 23:15:26.999717,23.0,29.0,7.0,2.0,0.0,129.0,200.0,150.0,126.0,147.5,37.35639168870569,153.0,-9.0,131.0,
Lahore,125,99.3134451710556,75.92918814451376,28.797995482033187,54.64382976184447,16.1992346955817,3.394959411541047,39.26251880612401,76.15947023422083,1012.3153833522258,2.63652555258062,2026-07-30 00:15:26.999717,0.0,30.0,7.0,3.0,0.0,120.0,152.0,181.0,129.0,138.16666666666666,34.17260111063672,152.83333333333334,5.0,130.0,
Lahore,131,109.58895807236452,83.19935757977214,42.00243984650282,40.02495646499152,1.9522274434324505,1.5323840443207102,33.287682874959806,84.78198588322743,1011.7189357901264,8.897038690355998,2026-07-30 01:15:26.999717,1.0,30.0,7.0,3.0,0.0,125.0,129.0,103.0,142.0,142.83333333333334,30.076014806930097,152.375,6.0,141.0,
Lahore,136,109.83801675700316,86.69461620044949,34.73971774709367,65.90249697694955,14.583876805706405,1.2097414268746238,31.687011975167906,34.71067309264463,1004.3588767575968,1.9087660874182,2026-07-30 02:15:26.999717,2.0,30.0,7.0,3.0,0.0,131.0,120.0,200.0,125.0,132.16666666666666,11.125046816382609,152.83333333333334,5.0,178.0,
Lahore,139,112.73838326700556,80.42894563809166,52.45661239942553,16.69388822471203,26.67320204381011,3.324311154153739,34.0502061397426,79.51289969427438,995.5443877445224,7.388806001785742,2026-07-30 03:15:26.999717,3.0,30.0,7.0,3.0,0.0,136.0,125.0,152.0,134.0,130.0,6.985699678632295,153.04166666666666,3.0,135.0,
Lahore,136,103.3224030557722,78.51928270975527,53.735099216335605,64.24612023252789,11.48611772618898,4.553766411270456,37.37820094184531,62.84520311238336,1000.0839242934468,10.447482760935758,2026-07-30 04:15:26.999717,4.0,30.0,7.0,3.0,0.0,139.0,131.0,129.0,126.0,131.16666666666666,7.35980072194262,153.45833333333334,-3.0,124.0,
Lahore,137,105.19622955198636,76.99900644522263,18.528018900325925,9.817643604306564,28.04106221133865,3.732620985114717,38.69707023199754,70.15184696272803,1014.3908266341376,5.494821425737655,2026-07-30 05:15:26.999717,5.0,30.0,7.0,3.0,0.0,136.0,136.0,120.0,147.0,134.0,5.138093031469296,153.04166666666666,1.0,141.0,
Lahore,146,125.79362509175655,91.09407835140236,16.811682577286284,19.55404101842037,19.28764567786768,2.068459932215199,32.35127110795571,59.57126033429621,1005.1943305969352,8.691534086295947,2026-07-30 06:15:26.999717,6.0,30.0,7.0,3.0,0.0,137.0,139.0,125.0,143.0,137.5,4.9295030175489805,153.16666666666666,9.0,114.0,
Lahore,146,113.12399482618378,94.84410054168858,41.52004630179998,54.2112285877374,28.090504969997184,3.143226178708912,39.03019641673956,71.86818509431671,1009.5274438781048,9.844720235987856,2026-07-30 07:15:26.999717,7.0,30.0,7.0,3.0,0.0,146.0,136.0,131.0,162.0,140.0,4.774934554527234,152.5,0.0,136.0,
Lahore,180,152.2810412602865,106.42459036045538,25.061287403113973,69.11942423833034,22.95783213696307,1.898427629175896,29.45573324048788,32.04587170000519,1001.2466173840356,1.632317098531233,2026-07-30 08:15:26.999717,8.0,30.0,7.0,3.0,0.0,146.0,137.0,136.0,150.0,147.33333333333334,16.585133905599506,153.75,34.0,149.0,
Lahore,177,140.38469400559566,104.99284717637504,10.928535938254942,23.95097208045118,3.9996198328141066,4.996173050503965,22.48685311924743,75.76240339339702,1003.3001818866702,8.469922743385322,2026-07-30 09:15:26.999717,9.0,30.0,7.0,3.0,0.0,180.0,146.0,139.0,173.0,153.66666666666666,19.72477291799959,153.91666666666666,-3.0,155.0,
Lahore,113,90.41143968071752,75.13391278449488,54.43213346814776,29.53937043716847,7.703389659317635,3.86977634807833,38.7620711398638,32.000621871537504,1000.7238528058136,11.038092287864115,2026-07-30 10:15:26.999717,10.0,30.0,7.0,3.0,0.0,177.0,146.0,136.0,171.0,149.83333333333334,25.29360920601605,151.5,-64.0,174.0,
Lahore,189,156.55182580114968,115.92778926607502,21.34503836219041,45.28405612150549,12.43094318292168,3.264717378905392,29.61976634015335,57.31799086484061,1007.5730249515492,6.916447318266531,2026-07-30 11:15:26.999717,11.0,30.0,7.0,3.0,0.0,113.0,180.0,137.0,199.0,158.5,28.69668970456297,151.08333333333334,76.0,160.0,
Lahore,183,152.7594621096933,111.98117852400529,56.46403258429046,20.86796048669768,5.9330995783502045,2.4046661424462314,39.46571486431533,39.057899587817694,1011.286775347172,2.2334669343450724,2026-07-30 12:15:26.999717,12.0,30.0,7.0,3.0,0.0,189.0,177.0,146.0,178.0,164.66666666666666,29.43920288775872,151.29166666666666,-6.0,201.0,
Lahore,179,142.64593719860457,101.44541747013136,45.87172254391268,65.83671961906293,15.352436538523156,3.281685306168008,16.084530976665693,79.41445664107843,1002.684088580614,1.5233103790673157,2026-07-30 13:15:26.999717,13.0,30.0,7.0,3.0,0.0,183.0,113.0,146.0,144.0,170.16666666666666,28.315484574109032,152.75,-4.0,179.0,
Lahore,170,134.0587847323923,105.39364034639708,48.13267449557421,63.02274837543206,14.669676515343228,2.0372722811030064,25.73292529161336,48.81965455054012,1002.0216864659056,3.116823965600975,2026-07-30 14:15:26.999717,14.0,30.0,7.0,3.0,0.0,179.0,189.0,180.0,203.0,168.5,27.912362852326645,151.375,-9.0,178.0,
Lahore,196,156.5203977573889,112.9543182974512,20.073074789658023,15.89687839743362,28.731516742794057,0.6298917775611383,40.590735495786646,57.24561267625995,998.50716167746,1.2421592282001908,2026-07-30 15:15:26.999717,15.0,30.0,7.0,3.0,0.0,170.0,183.0,177.0,156.0,171.66666666666666,30.06437537462907,153.04166666666666,26.0,167.0,
Lahore,187,151.2897876411606,106.5298990703252,21.709721280840647,39.78722988624741,13.578108603983354,2.277898350604848,21.740552504474174,55.72504447789869,994.427417357352,6.160728859020569,2026-07-30 16:15:26.999717,16.0,30.0,7.0,3.0,0.0,196.0,179.0,113.0,155.0,184.0,8.944271909993772,154.375,-9.0,172.0,
Lahore,146,121.2565184343488,85.86614211616643,36.06338769120329,63.1120824990966,23.783177324351936,4.687163688109401,40.4214786430393,76.35011794108239,1013.4811930718776,0.8364561924808149,2026-07-30 17:15:26.999717,17.0,30.0,7.0,3.0,0.0,187.0,170.0,189.0,150.0,176.83333333333334,17.382941830041,154.20833333333334,-41.0,178.0,
Lahore,162,129.62114929497076,94.27103638275656,18.604992632493108,30.29971483275611,28.315405800692915,3.3183549264823964,40.75536645048975,58.86866158775853,997.9019929669876,2.680855495634717,2026-07-30 18:15:26.999717,18.0,30.0,7.0,3.0,0.0,146.0,196.0,183.0,181.0,173.33333333333334,17.996295915176493,153.41666666666666,16.0,136.0,
Lahore,126,103.89443149011578,74.4920015280748,25.27158463415161,52.483011703829874,26.43267609824558,0.8778006638190572,38.81784248409825,77.33750010062076,1010.0172865893572,5.278925326946572,2026-07-30 19:15:26.999717,19.0,30.0,7.0,3.0,0.0,162.0,187.0,179.0,103.0,164.5,25.921033929995044,154.375,-36.0,132.0,
Lahore,110,96.19179866135472,58.79509182737541,26.073123897390225,8.765984109317955,7.0513611108361625,4.482471260277617,30.219037217519062,34.410496608160514,1007.8836755321868,5.686977004824257,2026-07-30 20:15:26.999717,20.0,30.0,7.0,3.0,0.0,126.0,146.0,170.0,200.0,154.5,33.762405127596885,150.625,-16.0,131.0,
Lahore,118,96.30654806132392,75.59408153233836,17.981496662638204,50.65165703969885,15.384866933352784,1.7099368220368167,32.46736512517724,41.49563807417971,1009.7729400069531,6.784781821763573,2026-07-30 21:15:26.999717,21.0,30.0,7.0,3.0,0.0,110.0,162.0,196.0,152.0,141.5,29.31040770784354,149.20833333333334,8.0,104.0,
Lahore,142,115.1582642800239,90.83843147258214,20.25914166975804,16.448973500045525,11.084453686581844,1.5969627188722737,38.47965895814647,63.09205497878164,1013.4192033343026,8.467379553008719,2026-07-30 22:15:26.999717,22.0,30.0,7.0,3.0,0.0,118.0,126.0,187.0,129.0,134.0,19.43193248238665,149.75,24.0,109.0,
Lahore,140,104.40544587454966,74.26328762929593,49.42759210041283,67.29374938358384,12.59590215897925,1.836909359511444,35.94922122450798,86.82529948516171,1005.5842690055224,0.5667436759856104,2026-07-30 23:15:26.999717,23.0,30.0,7.0,3.0,0.0,142.0,110.0,146.0,120.0,133.0,18.83613548475472,150.58333333333334,-2.0,112.0,
Lahore,130,90.84634931585468,82.89228902833275,18.35979272736342,31.65870976853589,11.463397961126786,3.0974100625668086,32.01253393529611,34.48547080330682,1012.4487585845512,0.9674514261093988,2026-07-31 00:15:26.999717,0.0,31.0,7.0,4.0,0.0,140.0,118.0,162.0,125.0,127.66666666666669,12.42041330498774,150.79166666666666,-10.0,137.0,
Lahore,135,109.94187864615084,76.94735685089186,11.422869592196124,26.11653970461468,24.96441709507512,2.951096420452895,41.52100401250897,32.58505296941186,994.1924330728074,0.7303098216573689,2026-07-31 01:15:26.999717,1.0,31.0,7.0,4.0,0.0,130.0,142.0,126.0,131.0,129.16666666666666,12.718752559379103,150.95833333333334,5.0,125.0,
Lahore,133,105.92587884359564,84.08487768491392,41.46774713144692,68.06667325336137,14.112032598550975,2.711361895802968,33.51326918100974,39.39304049567134,1005.6678143989196,5.077803785578924,2026-07-31 02:15:26.999717,2.0,31.0,7.0,4.0,0.0,135.0,140.0,110.0,136.0,133.0,8.579044235812974,150.83333333333334,-2.0,127.0,
Lahore,115,89.4260866254263,68.65776753666792,58.7991559696225,8.760801730385765,16.187135635095956,3.728915885806821,41.33801379608956,68.4691877316094,1009.3068903228652,0.5021753385952117,2026-07-31 03:15:26.999717,3.0,31.0,7.0,4.0,0.0,133.0,130.0,118.0,139.0,132.5,9.64883412646508,149.83333333333334,-18.0,145.0,
Lahore,143,115.61765102093172,85.94387782040499,26.56069073115607,34.74565995007586,29.490973354365163,1.9244197910073155,16.54948881439145,53.93957500021483,996.7910282686044,8.952975201975915,2026-07-31 04:15:26.999717,4.0,31.0,7.0,4.0,0.0,115.0,135.0,142.0,136.0,132.66666666666666,9.852241707687812,150.125,28.0,131.0,
Lahore,157,125.29798135401546,93.27451175289391,15.932785159812614,32.750265543127355,2.739398893553977,4.01929034707594,18.751930010039736,79.53314276506117,1008.5188450322992,2.676002172461734,2026-07-31 05:15:26.999717,5.0,31.0,7.0,4.0,0.0,143.0,133.0,140.0,137.0,135.5,13.96782015920985,150.95833333333334,14.0,149.0,
Lahore,165,137.63890125316948,105.06064602116744,38.519366268376544,26.36002806871632,15.150771553931715,1.288947552703696,27.189388842013244,34.31598908888195,1009.461920727906,11.270549919479503,2026-07-31 06:15:26.999717,6.0,31.0,7.0,4.0,0.0,157.0,115.0,130.0,146.0,141.33333333333334,17.95178728335093,151.75,8.0,147.0,
Lahore,173,138.83055434129489,97.60205993737486,55.31771055478231,73.38157490011078,23.447789501437367,4.021793550846542,25.39174544387651,41.78484520888206,1010.7796989004112,5.836845061165337,2026-07-31 07:15:26.999717,7.0,31.0,7.0,4.0,0.0,165.0,143.0,135.0,146.0,147.66666666666666,21.602468994692792,152.875,8.0,155.0,
Lahore,172,133.86538357464914,106.23920169367504,49.20308899142394,61.319629513754165,5.383696787458569,3.487145473626273,36.13384071663975,48.00158432789374,997.8220728148984,5.355909029306419,2026-07-31 08:15:26.999717,8.0,31.0,7.0,4.0,0.0,173.0,157.0,133.0,180.0,154.16666666666666,22.166791979595203,152.54166666666666,-1.0,146.0,
Lahore,172,142.55083119479644,108.70665082444776,41.1257934206358,9.794237314395408,18.734416243828445,3.574437392964139,19.3365787146685,67.60380520132712,1007.0401647542076,9.366464311674005,2026-07-31 09:15:26.999717,9.0,31.0,7.0,4.0,0.0,172.0,165.0,115.0,177.0,163.66666666666666,11.826523862345232,152.33333333333334,0.0,116.0,
Lahore,193,153.314344625269,119.38170040270204,25.75282483037997,58.60155870762156,7.944478606499536,2.66699028707267,41.35456983601019,71.11036141809284,997.606332085244,8.557847806715893,2026-07-31 10:15:26.999717,10.0,31.0,7.0,4.0,0.0,172.0,173.0,143.0,113.0,172.0,11.96662024131845,155.66666666666666,21.0,169.0,
Lahore,176,143.4326834183615,117.22349457161708,37.094008663811,44.547434984659546,26.15471928351246,3.501506897063891,23.50677863204468,37.45219763782643,1008.4760096874612,7.287708491377714,2026-07-31 11:15:26.999717,11.0,31.0,7.0,4.0,0.0,193.0,172.0,157.0,189.0,175.16666666666666,9.453394452078612,155.125,-17.0,205.0,
Lahore,161,126.41294646903602,93.9552661863765,14.562242065212768,72.56509208011845,10.4858902966023,0.8590867095175583,26.580940108984304,86.62828253950437,1001.5743416286429,11.22176047500444,2026-07-31 12:15:26.999717,12.0,31.0,7.0,4.0,0.0,176.0,172.0,165.0,183.0,174.5,10.406728592594591,154.20833333333334,-15.0,197.0,
Lahore,176,137.55086557251283,110.38652411296763,43.9472712140335,28.47092130112689,10.542821690126376,4.331980026722153,22.418115875880616,50.46264811141255,1004.9386093631804,5.067111131844924,2026-07-31 13:15:26.999717,13.0,31.0,7.0,4.0,0.0,161.0,193.0,173.0,179.0,175.0,10.39230484540963,154.08333333333334,15.0,199.0,
Lahore,163,130.8208411509285,97.2695468232929,46.25480094488254,48.06214997071872,18.34762247701892,0.749962550694407,30.64281766781678,72.79012578001698,1000.3959995357642,9.702380109267438,2026-07-31 14:15:26.999717,14.0,31.0,7.0,4.0,0.0,176.0,176.0,172.0,170.0,173.5,11.502173707605378,153.79166666666666,-13.0,202.0,
Lahore,161,128.86414321771844,102.76703038176336,58.25158114549594,42.55664560557396,6.323324335477353,1.1693367944217383,16.582974911409767,61.45246313686193,994.0495731732456,4.561115348949823,2026-07-31 15:15:26.999717,15.0,31.0,7.0,4.0,0.0,163.0,161.0,172.0,196.0,171.66666666666666,12.61216344116266,152.33333333333334,-2.0,176.0,
Lahore,166,135.19913517683418,99.56155502139316,23.019867937253583,41.71706796707043,9.26177052818877,3.095553688237564,19.04129265040212,43.3654868128264,994.450738240134,10.06014809155326,2026-07-31 16:15:26.999717,16.0,31.0,7.0,4.0,0.0,161.0,176.0,193.0,187.0,167.16666666666666,7.082843120288052,151.45833333333334,5.0,172.0,
Lahore,146,115.45677123345128,85.66062109068764,10.922820952151133,39.20790496379095,13.082323653462934,3.827351549555112,35.13653799230555,80.77369938692466,991.9392226815534,3.1136955475916235,2026-07-31 17:15:26.999717,17.0,31.0,7.0,4.0,0.0,166.0,163.0,176.0,146.0,162.16666666666666,9.703951085337607,151.45833333333334,-20.0,149.0,
Lahore,147,108.41820108114804,94.73036101935814,37.28042322135753,20.422210664921096,11.2554980310632,0.8431320395581405,20.035515751929704,79.09428169151579,1005.4518169930416,3.4712048740323898,2026-07-31 18:15:26.999717,18.0,31.0,7.0,4.0,0.0,146.0,161.0,161.0,162.0,159.83333333333334,11.548448669264245,150.83333333333334,1.0,147.0,
Lahore,108,84.23613058205807,62.342190304905344,45.33952521984072,61.678244186929454,16.221439322161892,4.643441663550439,21.358890192029897,53.7643112350014,1011.2159599488264,8.134434408209447,2026-07-31 19:15:26.999717,19.0,31.0,7.0,4.0,0.0,147.0,166.0,176.0,126.0,148.5,21.547621678505354,150.08333333333334,-39.0,158.0,
Lahore,142,117.56909233571908,78.13637120549723,49.5203737941494,38.85020245544665,18.389564178000025,4.881234419603143,36.410520364570615,65.31645514163132,990.520920656552,2.5525595394215563,2026-07-31 20:15:26.999717,20.0,31.0,7.0,4.0,0.0,108.0,146.0,163.0,110.0,145.0,20.396078054371213,151.41666666666666,34.0,162.0,
Lahore,131,103.31311960378449,76.01576558413085,19.68694665124053,76.88872062519543,17.433356158754773,3.2267757785347,17.519131815645846,45.46954175615639,991.6559875522088,2.7498502443051454,2026-07-31 21:15:26.999717,21.0,31.0,7.0,4.0,0.0,142.0,147.0,161.0,118.0,140.0,19.339079605814128,151.95833333333334,-11.0,128.0,
Lahore,109,85.96808298742727,68.49516473294265,23.087643451851186,24.560632039458223,19.970881047766035,2.6655955491957646,26.811793214812703,71.39109772477809,1001.4366748075728,3.663149148208977,2026-07-31 22:15:26.999717,22.0,31.0,7.0,4.0,0.0,131.0,108.0,166.0,142.0,130.5,17.963852593473383,150.58333333333334,-22.0,116.0,
Lahore,134,112.13188252952968,87.36019375793545,35.629546263364816,56.20578797202808,9.924735981626789,3.8362773752588737,15.622711448925129,48.54160875722589,1008.4430184042048,8.14714523592451,2026-07-31 23:15:26.999717,23.0,31.0,7.0,4.0,0.0,109.0,142.0,146.0,140.0,128.5,16.501515081956736,150.33333333333334,25.0,121.0,
Lahore,138,106.8401338637054,83.35564687648255,26.53004049850009,75.55378097293314,4.666360587495813,1.9776080854724245,24.363799781583403,80.6447240629341,993.9426911177987,10.672657109078784,2026-08-01 00:15:26.999717,0.0,1.0,8.0,5.0,1.0,134.0,131.0,147.0,130.0,127.0,14.805404418659071,150.66666666666666,4.0,132.0,
Lahore,88,62.68598390878551,59.390985336170125,53.025574329372255,54.75937422620694,23.063418701501234,2.719689953472979,33.87249787049037,43.04310625663646,996.7912829887298,8.09481181352384,2026-08-01 01:15:26.999717,1.0,1.0,8.0,5.0,1.0,138.0,109.0,108.0,135.0,123.66666666666669,20.92526383744599,148.70833333333334,-50.0,91.0,
Lahore,108,85.59684440237254,58.00912539261203,33.68800768693602,70.3454680713046,25.672631096289777,4.6226796206648055,17.432788552365164,30.888205369107848,995.8001550320452,9.933770932129502,2026-08-01 02:15:26.999717,2.0,1.0,8.0,5.0,1.0,88.0,134.0,142.0,133.0,118.0,19.52434377898711,147.66666666666666,20.0,77.0,
Lahore,112,87.17913024375632,64.98368267591049,49.97893220510015,67.06107198177546,8.453180734450534,4.800449413586901,38.98503492302652,46.1104825180751,999.9762804667788,6.522727076333637,2026-08-01 03:15:26.999717,3.0,1.0,8.0,5.0,1.0,108.0,138.0,131.0,115.0,114.83333333333331,18.508556579775405,147.54166666666666,4.0,117.0,
Lahore,115,87.16876840123373,67.55712441422949,39.03098802411769,32.00882866167529,12.805666728582572,4.671811022230333,39.55647415939933,41.4631491875692,995.6249669254393,0.8270786561417434,2026-08-01 04:15:26.999717,4.0,1.0,8.0,5.0,1.0,112.0,88.0,109.0,143.0,115.83333333333331,18.291163622545856,146.375,3.0,109.0,
Lahore,158,125.52310772050656,94.2272028626374,48.6545070808556,50.00929549546224,15.458507291943103,1.6810163013372807,17.834740128378648,60.49718638349546,998.8149669636188,1.205594538102008,2026-08-01 05:15:26.999717,5.0,1.0,8.0,5.0,1.0,115.0,108.0,134.0,157.0,119.83333333333331,24.59607014680871,146.41666666666666,43.0,131.0,
Lahore,146,119.25752823623392,88.02047194125097,26.633649326516192,16.71960048585167,16.466478439835157,1.5461106809754352,41.74977578214597,42.22219749939458,1008.2135649665486,6.652703740402986,2026-08-01 06:15:26.999717,6.0,1.0,8.0,5.0,1.0,158.0,112.0,138.0,165.0,121.16666666666669,25.957015750404185,145.625,-12.0,147.0,
Lahore,144,115.15355719216092,89.85455478696096,51.57083109651556,45.16444120216997,20.125214961541904,1.839490276681914,23.0332979416782,75.79139224316968,1005.2752312113548,3.9336116237053154,2026-08-01 07:15:26.999717,7.0,1.0,8.0,5.0,1.0,146.0,115.0,88.0,173.0,130.5,21.2955394390478,144.41666666666666,-2.0,140.0,
Lahore,118,95.9349053634312,68.57596580914755,23.72861577755108,22.28164788607529,2.206493767304319,2.485900005748071,17.270745120553364,44.48223828024024,992.0295426347924,2.646816883643312,2026-08-01 08:15:26.999717,8.0,1.0,8.0,5.0,1.0,144.0,158.0,108.0,172.0,132.16666666666666,19.49786313078185,142.16666666666666,-26.0,187.0,
Lahore,178,151.46703849257713,107.49514343476562,37.30494040016454,60.78026112143342,21.92283539928649,1.913753357563836,15.136812091426082,72.41809079475934,1005.943641656143,5.595083127631449,2026-08-01 09:15:26.999717,9.0,1.0,8.0,5.0,1.0,118.0,146.0,112.0,172.0,143.16666666666666,23.95342703386456,142.41666666666666,60.0,172.0,
Lahore,147,115.88560569221218,87.97438554837974,20.70035565869371,44.60438164190934,2.7971592024028977,2.1839575808257607,26.03011818562429,64.70825538082345,1001.9269292889804,7.997960890851619,2026-08-01 10:15:26.999717,10.0,1.0,8.0,5.0,1.0,178.0,144.0,115.0,193.0,148.5,19.59336622431155,140.5,-31.0,177.0,
Lahore,177,142.99174317322334,101.57055048054426,33.77632608130967,35.842052197374535,14.580368462513167,3.292866284543418,32.00486961406518,89.17499138831306,1013.3641393676784,4.619903372830301,2026-08-01 11:15:26.999717,11.0,1.0,8.0,5.0,1.0,147.0,118.0,158.0,176.0,151.66666666666666,22.72150229774983,140.54166666666666,30.0,189.0,
Lahore,184,144.65393318700436,109.8316665545928,25.90876047543516,25.15978221252332,25.00246293150663,3.9313655469228914,23.96883974738946,89.9940586205539,997.2326079276012,9.6305070858881,2026-08-01 12:15:26.999717,12.0,1.0,8.0,5.0,1.0,177.0,178.0,146.0,161.0,158.0,25.899806949086848,141.5,7.0,156.0,
Lahore,207,161.36820140056517,123.4817023505144,23.33517153186072,79.90238613809652,14.08524408507349,3.8100118922056265,37.591368867814815,82.17156499903979,1008.154160492479,8.862278958856724,2026-08-01 13:15:26.999717,13.0,1.0,8.0,5.0,1.0,184.0,147.0,144.0,176.0,168.5,31.296964709056684,142.79166666666666,23.0,200.0,
Lahore,152,118.67546173291116,90.37459717498476,58.349250901401874,10.378289066369952,5.323602714279185,4.164906051856184,34.34836944025635,75.59900215792507,1008.2715205761142,8.818978585914802,2026-08-01 14:15:26.999717,14.0,1.0,8.0,5.0,1.0,207.0,177.0,118.0,163.0,174.16666666666666,22.03103871056903,142.33333333333334,-55.0,176.0,
Lahore,114,88.80620714239156,68.55879728290725,18.003705274336532,8.267051042931502,29.565981505172832,0.6448298144693098,24.454361363136883,53.187384840034426,995.5375195252296,11.822276276128662,2026-08-01 15:15:26.999717,15.0,1.0,8.0,5.0,1.0,152.0,184.0,178.0,161.0,163.5,32.70932588727491,140.375,-38.0,187.0,
Lahore,172,139.39737898773564,103.57836770306692,49.366291872869766,21.29430503703984,26.78927840015364,0.7148020535544024,34.82636099843232,75.1966036278782,1012.5805906242734,3.5427597284596177,2026-08-01 16:15:26.999717,16.0,1.0,8.0,5.0,1.0,114.0,207.0,147.0,166.0,167.66666666666666,31.765809712119857,140.625,58.0,147.0,
Lahore,197,169.3453789335038,116.03852410446332,59.20824797416075,77.83043439708648,23.36809536352541,4.052223323098832,40.39316889816975,87.40053222476945,1002.27958001074,7.736707036090742,2026-08-01 17:15:26.999717,17.0,1.0,8.0,5.0,1.0,172.0,152.0,177.0,146.0,171.0,33.91754708111913,142.75,25.0,130.0,
Lahore,178,138.8197828186208,113.16357366985632,10.995074187003892,78.44286262399883,12.9338364840771,2.898854700460844,17.51359196066146,31.40265452372665,1006.9720841722326,10.265740081923765,2026-08-01 18:15:26.999717,18.0,1.0,8.0,5.0,1.0,197.0,114.0,184.0,147.0,170.0,33.54400095396993,144.04166666666666,-19.0,170.0,
Lahore,150,117.91687347192268,84.15259685398492,44.951370702104754,54.1195801079102,6.331526079789636,3.1016330319295413,23.26480692425565,62.27488201186433,993.6463889720876,6.954293206966931,2026-08-01 19:15:26.999717,19.0,1.0,8.0,5.0,1.0,178.0,172.0,207.0,108.0,160.5,28.68971941305736,145.79166666666666,-28.0,153.0,
Lahore,128,102.08438493444376,73.19514945765052,22.64559027781436,71.00800004048035,28.300924261136537,0.7366408709646969,27.50980035615072,43.07989826330608,996.4450979247993,9.474026113384712,2026-08-01 20:15:26.999717,20.0,1.0,8.0,5.0,1.0,150.0,197.0,152.0,142.0,156.5,31.633842637276462,145.20833333333334,-22.0,120.0,
Lahore,147,119.57899424354876,102.09981812111778,12.02439121641522,21.04712981305965,16.43818266899703,1.648912105270719,28.44573344937875,63.47257895213103,1004.6526779484306,4.973426230078948,2026-08-01 21:15:26.999717,21.0,1.0,8.0,5.0,1.0,128.0,178.0,114.0,131.0,162.0,24.92388412747813,145.875,19.0,113.0,
Lahore,106,86.11775405977393,58.41004322505385,30.14447894783154,77.90315706324677,25.718308351237063,3.3725943719846496,29.639282411923983,57.98682538553346,997.9756817093336,7.085896147857656,2026-08-01 22:15:26.999717,22.0,1.0,8.0,5.0,1.0,147.0,150.0,172.0,109.0,151.0,32.912003889158505,145.75,-41.0,147.0,
Lahore,131,111.2204789697406,71.8312266264512,56.76089050854375,15.708863760467349,10.920755167023346,4.366318505498043,23.11692647654351,64.54611489313706,1002.4923229642744,0.6679967136519394,2026-08-01 23:15:26.999717,23.0,1.0,8.0,5.0,1.0,106.0,128.0,197.0,134.0,140.0,24.388521890430617,145.625,25.0,97.0,
Lahore,130,91.86803964732395,81.67238372500609,10.588254718349884,12.584389113624372,10.723361195304648,4.626425287316311,33.01601044152343,63.057733285123454,999.3501299843324,11.82921126989776,2026-08-02 00:15:26.999717,0.0,2.0,8.0,6.0,1.0,131.0,147.0,178.0,138.0,132.0,15.78606980853797,145.29166666666666,-1.0,152.0,
Lahore,141,100.86535064902164,74.21440073113062,39.394284596489086,13.415865443545467,29.580673939547133,2.751887731257868,32.4172815953054,87.60642235011372,1006.0138449161012,9.600221777381009,2026-08-02 01:15:26.999717,1.0,2.0,8.0,6.0,1.0,130.0,106.0,150.0,88.0,130.5,14.067693485431004,147.5,11.0,102.0,
Lahore,178,139.92060913994925,105.6236304501378,35.069823929766216,47.98459424544235,16.133158406350645,2.954634047321889,30.601180669333573,63.131166536084166,1002.1786340695202,10.425708859577394,2026-08-02 02:15:26.999717,2.0,2.0,8.0,6.0,1.0,141.0,131.0,128.0,108.0,138.83333333333334,23.760611664405506,150.41666666666666,37.0,136.0,
Lahore,135,113.48650093771856,91.72912462538244,53.66920821855238,63.57308005385393,5.080167291961643,4.248723339810459,18.071566486193667,80.77392528749203,990.1152483993292,8.331531337715353,2026-08-02 03:15:26.999717,3.0,2.0,8.0,6.0,1.0,178.0,130.0,147.0,112.0,136.83333333333334,23.43857219769771,151.375,-43.0,121.0,
Lahore,124,91.37175984197202,66.675320389233,14.200085726031284,32.500038340597484,7.370565661846514,2.919310703363096,27.878133059590503,49.18921720805079,1006.2420209486346,2.2326003937043937,2026-08-02 04:15:26.999717,4.0,2.0,8.0,6.0,1.0,135.0,141.0,106.0,115.0,139.83333333333334,19.528611488446387,151.75,-11.0,146.0,
Lahore,141,97.76183830153124,74.69017757130644,44.07630149433252,78.34219908395949,14.976384102388902,2.8258633649179283,24.618125962213146,56.28604132746294,1000.5530389262544,0.3723413090163872,2026-08-02 05:15:26.999717,5.0,2.0,8.0,6.0,1.0,124.0,178.0,131.0,158.0,141.5,19.044684297724896,151.04166666666666,17.0,131.0,
Lahore,114,94.05589703109604,60.9040939902115,44.00548492166386,37.58151035887471,2.231656404163929,4.572878169924292,28.25803868562931,58.224808562688594,998.5424585122556,10.375879292832163,2026-08-02 06:15:26.999717,6.0,2.0,8.0,6.0,1.0,141.0,135.0,130.0,146.0,138.83333333333334,21.88530709555346,149.70833333333334,-27.0,146.0,
Lahore,136,110.0182861185136,86.09179784173492,43.45400084311416,16.28364130799122,14.413485575970714,4.054697244751461,39.8903937589057,46.72368260012279,992.3536688070806,4.755967844833477,2026-08-02 07:15:26.999717,7.0,2.0,8.0,6.0,1.0,114.0,124.0,141.0,144.0,138.0,21.88149903457297,149.375,22.0,150.0,
Lahore,149,113.74895796600283,95.02388359992904,57.11672474675185,39.94750611396025,13.1492844203237,4.590826368625826,27.974346265277024,52.787415688677314,995.5092422641624,3.166378512479039,2026-08-02 08:15:26.999717,8.0,2.0,8.0,6.0,1.0,136.0,141.0,178.0,118.0,133.16666666666666,12.44856082712766,150.66666666666666,13.0,138.0,
Lahore,155,119.07230199639535,90.43705601510746,51.15437645034402,55.92778740668299,23.60075169426512,1.482111746515192,15.37748137966682,65.91078476800652,995.5943072895212,6.740075506067333,2026-08-02 09:15:26.999717,9.0,2.0,8.0,6.0,1.0,149.0,114.0,135.0,178.0,136.5,15.372052563012584,149.70833333333334,6.0,180.0,
Lahore,174,134.35128140182664,107.81606202000532,12.098636312175302,67.4169335378284,11.29331697018801,2.8596896899491053,26.84859192827153,64.81126579827193,1013.3842374851182,5.050782269708632,2026-08-02 10:15:26.999717,10.0,2.0,8.0,6.0,1.0,155.0,136.0,124.0,147.0,144.83333333333334,20.07402965691408,150.83333333333334,19.0,161.0,
Lahore,160,128.5526765873697,102.95127663755994,33.55414253522566,39.40762174674447,29.49391408464838,4.291124578670111,37.15750086133332,68.18612067440883,1000.8128243686637,7.819991948250684,2026-08-02 11:15:26.999717,11.0,2.0,8.0,6.0,1.0,174.0,149.0,141.0,177.0,148.0,20.832666655999443,150.125,-14.0,172.0,
Lahore,201,157.668423619085,129.5367320721491,29.89765281006668,49.52051195368756,6.242327659726191,1.0001652236019902,36.06164492689054,51.10907492520846,991.0516461803792,5.805518796654163,2026-08-02 12:15:26.999717,12.0,2.0,8.0,6.0,1.0,160.0,155.0,114.0,184.0,162.5,22.63404515326309,150.83333333333334,41.0,159.0,
Lahore,179,145.6703195948776,106.16832359410076,25.507361054540105,25.050853411914,18.13861386407591,4.075979694322828,28.86153198526089,48.949889709183424,993.4704170560832,8.366797685283247,2026-08-02 13:15:26.999717,13.0,2.0,8.0,6.0,1.0,201.0,174.0,136.0,207.0,169.66666666666666,19.096247449868265,149.66666666666666,-22.0,128.0,
Lahore,178,128.12686668547806,95.29264141165008,32.566836257704864,53.44373948041355,3.6012796132393845,1.3233802253669125,21.743763347201515,66.69707296524979,991.9758168933228,10.241079234109716,2026-08-02 14:15:26.999717,14.0,2.0,8.0,6.0,1.0,179.0,160.0,149.0,152.0,174.5,16.281891781974256,150.75,-1.0,174.0,
Lahore,167,129.315740674361,96.09560538795157,29.20970924629887,78.94789579627577,22.28205553582548,4.136534397433945,27.55739389869272,37.9717049056515,1004.7217347551804,2.3466841314694684,2026-08-02 15:15:26.999717,15.0,2.0,8.0,6.0,1.0,178.0,201.0,155.0,114.0,176.5,13.98213145410654,152.95833333333334,-11.0,222.0,
Lahore,172,131.96973019544475,101.06597902532371,31.616694993933265,8.679017944084539,29.847856953797173,3.2540042190059064,30.21995992429117,45.1818926119284,994.6655372891706,3.9531945667858417,2026-08-02 16:15:26.999717,16.0,2.0,8.0,6.0,1.0,167.0,179.0,174.0,172.0,176.16666666666666,14.07716827584948,152.95833333333334,5.0,184.0,
Lahore,178,141.11829660813754,105.50530601710804,58.963093280432126,71.48980030288759,24.755020494797336,1.369561961681902,41.99652883340161,32.52766421717971,1002.4639410070444,5.241787038847667,2026-08-02 17:15:26.999717,17.0,2.0,8.0,6.0,1.0,172.0,178.0,160.0,197.0,179.16666666666666,11.651895410900972,152.16666666666666,6.0,161.0,
Lahore,136,106.10976120754933,80.6607029949564,14.431648737479035,47.17118770756421,17.115402680888735,2.630093806997605,32.39280843457318,34.35665115576481,999.2515515717494,11.54470137633166,2026-08-02 18:15:26.999717,18.0,2.0,8.0,6.0,1.0,178.0,167.0,201.0,178.0,168.33333333333334,16.5005050427738,150.41666666666666,-42.0,148.0,
Lahore,132,109.58921889947884,84.79447298965334,56.11154349193649,23.907399467172496,15.057499364591068,3.5685732490734723,33.74515311169056,44.60299675563653,1010.0969094286048,4.384003362569823,2026-08-02 19:15:26.999717,19.0,2.0,8.0,6.0,1.0,136.0,172.0,179.0,150.0,160.5,20.97379317147848,149.66666666666666,-4.0,146.0,
Lahore,131,95.50331614169971,84.9721421334379,34.01183567355133,76.61672825069435,25.21586887673856,3.3523380539759406,28.269261876337403,31.17175681781514,998.012240931634,4.573198195111555,2026-08-02 20:15:26.999717,20.0,2.0,8.0,6.0,1.0,132.0,178.0,178.0,128.0,152.66666666666666,21.887591614123387,149.79166666666666,-1.0,148.0,
Lahore,104,83.42745738165377,61.54163173037608,41.18711227497705,41.25157272941742,28.143248456611005,2.4226123830426696,24.571217871128304,44.72463552524769,1001.4566370599202,7.841670275514733,2026-08-02 21:15:26.999717,21.0,2.0,8.0,6.0,1.0,131.0,136.0,167.0,147.0,142.16666666666666,27.91713929948181,148.0,-27.0,107.0,
Lahore,109,89.99168211605853,70.89242438025909,51.50914833088469,29.87676887550392,29.68698924814469,4.547149380144171,36.94973055847456,69.29857938372156,1008.0321387149456,5.030396518679391,2026-08-02 22:15:26.999717,22.0,2.0,8.0,6.0,1.0,104.0,132.0,172.0,106.0,131.66666666666666,26.25007936496002,148.125,5.0,147.0,
Lahore,112,98.88323718280978,68.98830683315545,28.023151457462777,18.612322120313088,12.49963759937004,2.8366853651952995,28.363172757159376,33.666424708135985,1000.833780173266,11.414684947675262,2026-08-02 23:15:26.999717,23.0,2.0,8.0,6.0,1.0,109.0,131.0,178.0,131.0,120.66666666666669,13.85159437273301,147.33333333333334,3.0,136.0,
Lahore,137,107.19117014453263,82.52252986431286,31.521095404398345,23.333915769249657,29.736606769040858,2.7764028433790977,41.85663350904218,56.204200667678464,1009.8303884003298,10.733625125705329,2026-08-03 00:15:26.999717,0.0,3.0,8.0,0.0,0.0,112.0,104.0,136.0,130.0,120.83333333333331,14.077168275854644,147.625,25.0,134.0,
Lahore,125,101.6222930217626,79.53272078554981,30.475924013935696,67.46367811935819,5.521861313041113,0.7801276547365442,27.34225550523719,84.78652721517297,1006.5421089059166,6.160905333308076,2026-08-03 01:15:26.999717,1.0,3.0,8.0,0.0,0.0,137.0,109.0,132.0,141.0,119.66666666666669,13.231276078547053,146.95833333333334,-12.0,129.0,
Lahore,127,92.5806860371882,76.56126024118959,28.736551126788,51.08075069878744,8.352943502025367,4.649541754089367,16.83600765848459,77.47708973552406,1000.263227848668,7.737302807374198,2026-08-03 02:15:26.999717,2.0,3.0,8.0,0.0,0.0,125.0,112.0,131.0,178.0,119.0,12.633289357885635,144.83333333333334,2.0,123.0,
Lahore,145,104.04021897843488,97.2890558854888,56.27646608234475,73.49342146162371,3.5814676172829896,1.2970245590526783,33.429609701432234,48.32625013769143,1002.599548142159,0.6963667426034466,2026-08-03 03:15:26.999717,3.0,3.0,8.0,0.0,0.0,127.0,137.0,104.0,135.0,125.83333333333331,13.92000957854252,145.25,18.0,141.0,
Lahore,131,109.02387187890852,71.40794416602719,51.4464945596506,22.39763391183394,8.880416978049968,2.877551120464494,16.2593191749969,85.48832875149881,1014.1800863960548,8.348766336388778,2026-08-03 04:15:26.999717,4.0,3.0,8.0,0.0,0.0,145.0,125.0,109.0,124.0,129.5,11.23832727767079,145.54166666666666,-14.0,146.0,
Lahore,149,119.17219853175963,86.8241455045399,15.449999493148804,14.085393038667611,23.27018899692232,4.116054206301396,21.76354311588699,49.77878980486349,1006.54028741271,8.486410475388386,2026-08-03 05:15:26.999717,5.0,3.0,8.0,0.0,0.0,131.0,127.0,112.0,141.0,135.66666666666666,9.770704512300526,145.875,18.0,134.0,
Lahore,147,123.49256344899212,87.56740551523025,15.406167623854802,5.45656482316925,25.73480638717504,1.469539746300395,24.55093282505739,34.35092978025375,1012.624880649308,4.310391547718497,2026-08-03 06:15:26.999717,6.0,3.0,8.0,0.0,0.0,149.0,145.0,137.0,114.0,137.33333333333334,10.838204033265177,147.25,-2.0,138.0,
Lahore,155,117.13298555515124,95.19726345228996,31.39347574264956,43.089652821199536,23.58788670797458,2.873179804868785,34.96605681177584,89.6433574060868,994.4689625867766,2.636194603503272,2026-08-03 07:15:26.999717,7.0,3.0,8.0,0.0,0.0,147.0,131.0,125.0,136.0,142.33333333333334,10.930080817023834,148.04166666666666,8.0,152.0,
Lahore,146,119.39951069764378,93.93980243551545,14.932868836640452,79.87301977864911,19.30090756686319,1.583082091505034,28.344370013005545,82.2013516313503,1002.0809039061288,10.9809408218042,2026-08-03 08:15:26.999717,8.0,3.0,8.0,0.0,0.0,155.0,149.0,127.0,149.0,145.5,7.943550843294038,147.91666666666666,-9.0,189.0,
Lahore,116,102.14408920271929,69.47800716381921,40.95465476355598,57.122395161397925,15.905028863156724,3.918627490099603,15.773440145376927,57.95596699806554,1012.7165417461264,5.120458809661532,2026-08-03 09:15:26.999717,9.0,3.0,8.0,0.0,0.0,146.0,147.0,145.0,155.0,140.66666666666666,14.459137825841372,146.29166666666666,-30.0,140.0,
Lahore,169,137.29852804178634,94.28885175246896,17.184580363086695,28.129594397385954,21.55242438719575,3.039535255429178,31.6549459844499,69.98259145154424,998.0653015360356,7.844473257620528,2026-08-03 10:15:26.999717,10.0,3.0,8.0,0.0,0.0,116.0,155.0,131.0,174.0,147.0,17.40114938732477,146.08333333333334,53.0,142.0,
Lahore,205,165.38290752795524,127.21256948227504,36.11866319834005,70.76439372696288,12.334172928749432,4.351891371778146,26.10877841051988,70.27368467140022,1014.1916049536604,0.3999455397150715,2026-08-03 11:15:26.999717,11.0,3.0,8.0,0.0,0.0,169.0,146.0,149.0,160.0,156.33333333333334,29.500282484522668,147.95833333333334,36.0,179.0,
Lahore,197,157.64278040412177,121.9747938307098,10.360997350185889,63.629169949096976,25.39794219349136,4.525511012948223,39.8895317691119,41.66893384382762,992.4269372618414,4.9688059989220354,2026-08-03 12:15:26.999717,12.0,3.0,8.0,0.0,0.0,205.0,116.0,147.0,201.0,164.66666666666666,33.170267811198215,147.79166666666666,-8.0,180.0,
Lahore,199,151.34559271437047,109.69070670310296,25.82981742063233,6.156137455740444,20.638512725326777,3.4193006710042915,28.48818240078636,42.002917989217934,1012.566779256876,9.80710573216656,2026-08-03 13:15:26.999717,13.0,3.0,8.0,0.0,0.0,197.0,169.0,155.0,179.0,172.0,35.39491488900526,148.625,2.0,183.0,
Lahore,202,168.37786467855176,121.180979331646,43.85953618363277,66.26453604057669,21.236336256337847,3.76426060771525,34.14232894036215,58.17484220110955,1001.1303030516464,4.65091200480858,2026-08-03 14:15:26.999717,14.0,3.0,8.0,0.0,0.0,199.0,205.0,146.0,178.0,181.3333333333333,34.5407971342088,149.625,3.0,183.0,
Lahore,176,137.74571180097468,97.6492908465985,34.20194701139242,27.5395067928872,16.542143800743066,2.9714904494908865,20.909449292897765,84.69438840826189,991.843604128529,7.237933921642522,2026-08-03 15:15:26.999717,15.0,3.0,8.0,0.0,0.0,202.0,197.0,116.0,167.0,191.3333333333333,15.002222057633338,150.0,-26.0,170.0,
Lahore,172,140.1224162819151,99.8767445124897,58.91347429994941,16.225509843770084,26.67164054212401,2.229929298803224,35.54628624235464,30.599626491514247,1011.9880398146522,2.5182696058144733,2026-08-03 16:15:26.999717,16.0,3.0,8.0,0.0,0.0,176.0,199.0,169.0,172.0,191.8333333333333,14.13388363708075,150.0,-4.0,198.0,
Lahore,149,111.38482846714372,84.88595536518599,53.70518980331054,21.9748129802806,8.308427276692521,3.416530653593756,34.46579338305915,76.95033815696155,996.2985053102278,4.998307786074715,2026-08-03 17:15:26.999717,17.0,3.0,8.0,0.0,0.0,172.0,202.0,205.0,178.0,182.5,20.676073128132856,148.79166666666666,-23.0,129.0,
Lahore,147,111.7027016774611,92.24632349120994,27.95353895215756,40.14348532813543,12.05328194747047,4.58729880569298,39.41020613061532,33.45160702287925,990.5562531373806,11.13165261663824,2026-08-03 18:15:26.999717,18.0,3.0,8.0,0.0,0.0,149.0,176.0,197.0,136.0,174.16666666666666,23.540744819707527,149.25,-2.0,137.0,
Lahore,158,133.5754369961112,95.38415087086092,12.27432707361373,36.865094530100826,23.551634520652986,2.3750617119414708,15.913184326418378,58.69332689298707,993.3951776392298,6.797420996412447,2026-08-03 19:15:26.999717,19.0,3.0,8.0,0.0,0.0,147.0,172.0,199.0,132.0,167.33333333333334,20.66559136987387,150.33333333333334,11.0,143.0,
Lahore,162,127.86348855521078,90.77204499621986,52.28131500575094,26.666547453067007,15.289717987750793,1.914845118682079,27.08251883567118,68.27236998440858,1006.477868547494,10.823177509115178,2026-08-03 20:15:26.999717,20.0,3.0,8.0,0.0,0.0,158.0,149.0,202.0,131.0,160.66666666666666,11.792653080058924,151.625,4.0,105.0,
Lahore,128,109.66637738021272,81.20032981478671,55.56171551573357,17.91637416552745,26.78720638930153,2.247966223486584,33.33719587397002,71.2055560249479,1014.4452872284548,10.82423159387452,2026-08-03 21:15:26.999717,21.0,3.0,8.0,0.0,0.0,162.0,147.0,176.0,104.0,152.66666666666666,15.121728296284289,152.625,-34.0,127.0,
Lahore,116,92.40884670470744,62.43097088035792,51.03136967095184,62.1673092231627,11.045580273122717,2.459289335952198,17.569425302165804,33.50875581695468,992.786553489588,11.329773605093754,2026-08-03 22:15:26.999717,22.0,3.0,8.0,0.0,0.0,128.0,158.0,172.0,109.0,143.33333333333334,17.840029895341264,152.91666666666666,-12.0,158.0,
Lahore,121,87.59051113521072,74.25056895235471,16.397497045988242,79.25823378011879,11.710574895769698,0.831024630399723,26.08630981302064,55.11621704303809,1001.5487012031192,10.744699920961263,2026-08-03 23:15:26.999717,23.0,3.0,8.0,0.0,0.0,116.0,162.0,149.0,112.0,138.66666666666666,19.633305036765528,153.29166666666666,5.0,122.0,
Lahore,132,110.0603379986586,75.12994665354222,59.89575672061439,63.334368531476784,26.773337892212133,2.7429882819574747,40.43795828278728,65.03023563013949,994.5159137736885,0.0393735481236077,2026-08-04 00:15:26.999717,0.0,4.0,8.0,1.0,0.0,121.0,128.0,147.0,137.0,136.16666666666666,19.31234492925935,153.08333333333334,11.0,124.0,
Lahore,91,69.85053841122196,52.7716145873474,22.92921107763869,27.19527257536559,14.466739285279193,2.7244141162252684,26.770231254060462,33.96273223836042,1008.6259133525398,11.208178698979165,2026-08-04 01:15:26.999717,1.0,4.0,8.0,1.0,0.0,132.0,116.0,158.0,125.0,125.0,23.15167380558159,151.66666666666666,-41.0,95.0,
Lahore,77,65.09344406758522,48.72135374019192,46.210245640418506,23.36067210591,15.967612941872115,3.147997224382354,41.60592915397704,38.10567339571858,992.9514724940452,1.649513269024517,2026-08-04 02:15:26.999717,2.0,4.0,8.0,1.0,0.0,91.0,121.0,162.0,127.0,110.83333333333331,21.95829380135801,149.58333333333334,-14.0,111.0,
Lahore,117,93.72605433770042,72.80724699529765,55.40174381678608,21.32494070494537,10.650147744734705,2.132690137120992,16.53465464915513,69.8189393702423,995.9960437120222,0.4791150133338067,2026-08-04 03:15:26.999717,3.0,4.0,8.0,1.0,0.0,77.0,132.0,128.0,145.0,109.0,20.659138413789083,148.41666666666666,40.0,120.0,
Lahore,109,79.48440886028565,72.08484536777979,21.784355716535472,15.25213058667772,9.023428323193375,3.258984181800154,34.38140395580406,61.2982917954391,994.9101491912268,0.6646624149366338,2026-08-04 04:15:26.999717,4.0,4.0,8.0,1.0,0.0,117.0,91.0,116.0,131.0,107.83333333333331,20.38054627989068,147.5,-8.0,128.0,
Lahore,131,105.62147382685286,78.18873150164274,55.4129277338533,46.34979122692259,20.022512614313367,4.451973396233914,30.68743837870328,39.70971967609744,1003.8129945091744,4.1869943421172025,2026-08-04 05:15:26.999717,5.0,4.0,8.0,1.0,0.0,109.0,77.0,121.0,149.0,109.5,22.015903342813225,146.75,22.0,167.0,
Lahore,147,128.581115710764,89.7322543148167,25.47407895974335,50.40502789650081,4.475379184694912,4.799619457228239,28.51457128256739,62.11436021488401,1011.8296023000158,7.449649023225524,2026-08-04 06:15:26.999717,6.0,4.0,8.0,1.0,0.0,131.0,117.0,132.0,147.0,112.0,25.63591231066465,146.75,16.0,161.0,
